-- MySQL dump 10.13  Distrib 5.7.24, for Win64 (x86_64)
--
-- Host: localhost    Database: titulos
-- ------------------------------------------------------
-- Server version	5.7.24

/*!40101 SET @OLD_CHARACTER_SET_CLIENT=@@CHARACTER_SET_CLIENT */;
/*!40101 SET @OLD_CHARACTER_SET_RESULTS=@@CHARACTER_SET_RESULTS */;
/*!40101 SET @OLD_COLLATION_CONNECTION=@@COLLATION_CONNECTION */;
/*!40101 SET NAMES utf8 */;
/*!40103 SET @OLD_TIME_ZONE=@@TIME_ZONE */;
/*!40103 SET TIME_ZONE='+00:00' */;
/*!40014 SET @OLD_UNIQUE_CHECKS=@@UNIQUE_CHECKS, UNIQUE_CHECKS=0 */;
/*!40014 SET @OLD_FOREIGN_KEY_CHECKS=@@FOREIGN_KEY_CHECKS, FOREIGN_KEY_CHECKS=0 */;
/*!40101 SET @OLD_SQL_MODE=@@SQL_MODE, SQL_MODE='NO_AUTO_VALUE_ON_ZERO' */;
/*!40111 SET @OLD_SQL_NOTES=@@SQL_NOTES, SQL_NOTES=0 */;

--
-- Table structure for table `autorizacionreconocimiento`
--

DROP TABLE IF EXISTS `autorizacionreconocimiento`;
/*!40101 SET @saved_cs_client     = @@character_set_client */;
/*!40101 SET character_set_client = utf8 */;
CREATE TABLE `autorizacionreconocimiento` (
  `id_autorizacion_reconocimiento` int(11) NOT NULL AUTO_INCREMENT,
  `autorización_reconocimiento` varchar(30) DEFAULT NULL,
  PRIMARY KEY (`id_autorizacion_reconocimiento`)
) ENGINE=InnoDB AUTO_INCREMENT=15 DEFAULT CHARSET=utf8mb4;
/*!40101 SET character_set_client = @saved_cs_client */;

--
-- Dumping data for table `autorizacionreconocimiento`
--

LOCK TABLES `autorizacionreconocimiento` WRITE;
/*!40000 ALTER TABLE `autorizacionreconocimiento` DISABLE KEYS */;
INSERT INTO `autorizacionreconocimiento` VALUES (1,'RVOE FEDERAL'),(2,'RVOE ESTATAL'),(3,'AUTORIZACIÓN FEDERAL'),(4,'AUTORIZACIÓN ESTATAL'),(5,'ACTA DE SESIÓN'),(6,'ACUERDO DE INCORPORACIÓN'),(7,'ACUERDO SECRETARIAL SEP'),(8,'DECRETO DE CREACIÓN'),(9,'OTRO'),(10,'po rmis H. h'),(14,'jjjj');
/*!40000 ALTER TABLE `autorizacionreconocimiento` ENABLE KEYS */;
UNLOCK TABLES;

--
-- Table structure for table `cargo`
--

DROP TABLE IF EXISTS `cargo`;
/*!40101 SET @saved_cs_client     = @@character_set_client */;
/*!40101 SET character_set_client = utf8 */;
CREATE TABLE `cargo` (
  `id_cargo` int(11) NOT NULL AUTO_INCREMENT,
  `cargo_firmante` varchar(50) DEFAULT NULL,
  PRIMARY KEY (`id_cargo`)
) ENGINE=InnoDB AUTO_INCREMENT=15 DEFAULT CHARSET=utf8mb4;
/*!40101 SET character_set_client = @saved_cs_client */;

--
-- Dumping data for table `cargo`
--

LOCK TABLES `cargo` WRITE;
/*!40000 ALTER TABLE `cargo` DISABLE KEYS */;
INSERT INTO `cargo` VALUES (1,'DIRECTOR'),(2,'SUBDIRECTOR'),(3,'RECTOR'),(4,'VICERRECTOR'),(5,'RESPONSABLE DE EXPEDICIÓN '),(6,'SECRETARIO GENERAL'),(7,'AUTORIDAD LOCAL'),(8,'AUTORIDAD FEDERAL'),(9,'DIRECTOR GENERAL'),(10,'RECTOR GENERAL'),(11,NULL),(13,'sr verch'),(14,NULL);
/*!40000 ALTER TABLE `cargo` ENABLE KEYS */;
UNLOCK TABLES;

--
-- Table structure for table `carrera`
--

DROP TABLE IF EXISTS `carrera`;
/*!40101 SET @saved_cs_client     = @@character_set_client */;
/*!40101 SET character_set_client = utf8 */;
CREATE TABLE `carrera` (
  `cve_carrera` int(11) NOT NULL,
  `nombre_carrera` varchar(100) DEFAULT NULL,
  `nivel_educativo` varchar(30) DEFAULT NULL,
  `rvoe_dgp` int(11) DEFAULT NULL,
  `tipo_rvoe` varchar(100) DEFAULT NULL,
  `id_entidad_federativa_rvoe` int(11) DEFAULT NULL,
  `sostenimiento` varchar(50) DEFAULT NULL,
  PRIMARY KEY (`cve_carrera`)
) ENGINE=InnoDB DEFAULT CHARSET=utf8mb4;
/*!40101 SET character_set_client = @saved_cs_client */;

--
-- Dumping data for table `carrera`
--

LOCK TABLES `carrera` WRITE;
/*!40000 ALTER TABLE `carrera` DISABLE KEYS */;
INSERT INTO `carrera` VALUES (128528,'MAESTRÍA EN CIENCIAS EN INNOVACIÓN BIOTECNOLÓGICA','MAESTRÍA',NULL,NULL,NULL,'FEDERAL'),(342552,'MAESTRÍA EN CIENCIAS DE LA FLORICULTURA','MAESTRÍA',NULL,NULL,NULL,'FEDERAL'),(411598,'MAESTRÍA EN INVESTIGACIÓN CLÍNICA','MAESTRÍA',NULL,NULL,NULL,'FEDERAL'),(644621,'DOCTORADO EN CIENCIAS EN INNOVACIÓN BIOTECNOLÓGICA','DOCTORADO',NULL,NULL,NULL,'FEDERAL');
/*!40000 ALTER TABLE `carrera` ENABLE KEYS */;
UNLOCK TABLES;

--
-- Table structure for table `datorecibo`
--

DROP TABLE IF EXISTS `datorecibo`;
/*!40101 SET @saved_cs_client     = @@character_set_client */;
/*!40101 SET character_set_client = utf8 */;
CREATE TABLE `datorecibo` (
  `iddatorecibo` int(11) NOT NULL AUTO_INCREMENT,
  `idhistoricorecibo` int(11) NOT NULL,
  `archivo` varchar(100) DEFAULT NULL,
  `estatus` int(11) DEFAULT NULL,
  `folio` varchar(50) DEFAULT NULL,
  `mensaje` varchar(200) DEFAULT NULL,
  PRIMARY KEY (`iddatorecibo`)
) ENGINE=InnoDB AUTO_INCREMENT=98 DEFAULT CHARSET=latin1;
/*!40101 SET character_set_client = @saved_cs_client */;

--
-- Dumping data for table `datorecibo`
--

LOCK TABLES `datorecibo` WRITE;
/*!40000 ALTER TABLE `datorecibo` DISABLE KEYS */;
INSERT INTO `datorecibo` VALUES (35,37,'XML 1',1,'CBGE17028750',NULL),(36,37,'XML 1',2,'CBGE17028751',NULL),(37,38,'XML 1',1,'CBGE17028750',NULL),(38,38,'XML 1',2,'CBGE17028751',NULL),(39,39,'XML 1',1,'CBGE17028750',NULL),(40,39,'XML 1',2,'CBGE17028751',NULL),(41,40,'XML 1',1,'CBGE17028750',NULL),(42,40,'XML 1',2,'CBGE17028751',NULL),(43,47,'archivo.xml',2,'0',NULL),(44,48,'14-060521.zip',2,' ',NULL),(45,49,'15-060521.zip',2,' ',NULL),(46,50,'archivo.xml',2,'0',NULL),(47,51,'411598OERG921111HMN02.xml',2,'0',NULL),(48,52,'411598OERG921111HMN02.xml',2,'0',NULL),(49,53,'411598OERG921111HMN02.xml',2,'0',NULL),(50,54,'411598OERG921111HMN02.xml',2,'0',NULL),(51,55,'411598OERG921111HMN02.xml',2,'0',NULL),(52,56,'411598GOTG890802HJCMRS09.xml',2,'411598GOTG890802HJCMRS09',NULL),(53,57,'411598MUIA820614MMNXBD09.xml',2,'411598MUIA820614MMNXBD09',NULL),(54,58,'411598MUIA820614MMNXBD09.xml',2,'411598MUIA820614MMNXBD09',NULL),(55,59,'411598MUIA820614MMNXBD09.xml',2,'411598MUIA820614MMNXBD09',NULL),(56,60,'411598MUIA820614MMNXBD09.xml',2,'411598MUIA820614MMNXBD09',NULL),(57,61,'411598MUIA820614MMNXBD08.xml',2,'411598MUIA820614MMNXBD08',NULL),(58,62,'411598MUIA820614MMNXBD08.xml',2,'411598MUIA820614MMNXBD08',NULL),(59,63,'411598MUIA820614MMNXBD08.xml',2,'411598MUIA820614MMNXBD08',NULL),(60,64,'411598MUIA820614MMNXBD08.xml',2,'411598MUIA820614MMNXBD08',NULL),(61,65,'411598MUIA820614MMNXBD08.xml',2,'411598MUIA820614MMNXBD08',NULL),(62,66,'411598MUIA820614MMNXBD08.xml',2,'411598MUIA820614MMNXBD08',NULL),(63,67,'411598MUIA820614MMNXBD08.xml',2,'411598MUIA820614MMNXBD08',NULL),(64,68,'411598MUIA820614MMNXBD08.xml',1,'411598MUIA820614MMNXBD08','213kjh1j'),(65,69,'644621REEE850916MMCZSL03.xml',1,'644621REEE850916MMCZSL03','120870hjdl'),(66,70,'644621REEE850916MMCZSL03.xml',2,'644621REEE850916MMCZSL03',NULL),(67,71,'644621BEME830817MSPLDL05.xml',2,'644621BEME830817MSPLDL05',NULL),(68,72,'644621BEME830817MSPLDL05.xml',2,'644621BEME830817MSPLDL05',NULL),(69,75,'644621REEE850916MMCZSL03.xml',2,'644621REEE850916MMCZSL03','Identificador de entidad federativa no válido en el nodo Antecedente: 2'),(70,76,'411598MUIA820614MMNXBD08.xml',2,'411598MUIA820614MMNXBD08','Error Bus criptografico: La Secuencia no ha sido autenticada'),(71,77,'644621BEME830817MSPLDL05.xml',2,'644621BEME830817MSPLDL05','Error Bus criptografico: La Secuencia no ha sido autenticada'),(72,78,'644621BEME830817MSPLDL05.xml',2,'644621BEME830817MSPLDL05','Error Bus criptografico: La Secuencia no ha sido autenticada'),(73,79,'644621BEME830817MSPLDL05.xml',2,'644621BEME830817MSPLDL05','Error Bus criptografico: No existe información para los datos proporcionados'),(74,80,'644621BEME830817MSPLDL05.xml',2,'644621BEME830817MSPLDL05','Error Bus criptografico: El certificado de Emisor no ha sido registrado o es inválido'),(75,81,'644621BEME830817MSPLDL05.xml',2,'644621BEME830817MSPLDL05','Error Bus criptografico: El certificado de Emisor no ha sido registrado o es inválido'),(76,82,'644621BEME830817MSPLDL05.xml',2,'644621BEME830817MSPLDL05','Nombre de cargo no válido en el nodo FirmaResponsables: RESPONSABLE DE EXPEDICIÓN'),(77,83,'644621BEME830817MSPLDL05.xml',2,'644621BEME830817MSPLDL05','Nombre de cargo no válido en el nodo FirmaResponsables: RESPONSABLE DE EXPEDICIÓN'),(78,84,'644621BEME830817MSPLDL05.xml',2,'644621BEME830817MSPLDL05','Error Bus criptografico: La Curp del MEMX771109MGRRRR09 no es igual a: MXME771109MGRRRR09'),(79,86,'644621BEME830817MSPLDL05.xml',1,'644621BEME830817MSPLDL05','Título electrónico registrado exitosamente'),(80,87,'644621RORJ910324HNTDMS03.xml',1,'644621RORJ910324HNTDMS03','Título electrónico registrado exitosamente'),(81,88,'644621MACJ830225HNTZRR00.xml',2,'644621MACJ830225HNTZRR00','Validación RENAPO, CURP no válida en el nodo Profesionista: La CURP no se encuentra en la base de datos'),(82,89,'644621HECG830301HYNRLL05.xml',2,'644621HECG830301HYNRLL05','Validación RENAPO, nombre no válido en el nodo Profesionista: GILBERT  JOSE'),(83,90,'342552LAGJ930828HCSTRN01.xml',2,'342552LAGJ930828HCSTRN01','Identificador de entidad federativa no válido en el nodo Antecedente: 7'),(84,91,'342552ZADY940415MCSRZL01.xml',2,'342552ZADY940415MCSRZL01','Identificador de entidad federativa no válido en el nodo Antecedente: 7'),(85,92,'342552FABM930715MHGLTR07.xml',1,'342552FABM930715MHGLTR07','Título electrónico registrado exitosamente'),(86,93,'644621HECG830301HYNRLL05.xml',2,'644621HECG830301HYNRLL05','Validación RENAPO, nombre no válido en el nodo Profesionista: Gilbert  José'),(87,94,'644621HECG830301HYNRLL05.xml',2,'644621HECG830301HYNRLL05','Validación RENAPO, nombre no válido en el nodo Profesionista: Gilbert José'),(88,95,'644621HECG830301HYNRLL05.xml',2,'644621HECG830301HYNRLL05','Error Bus criptografico: La Secuencia no ha sido autenticada'),(89,96,'644621HECG830301HYNRLL05.xml',1,'644621HECG830301HYNRLL05','Título electrónico registrado exitosamente'),(90,97,'342552LAGJ930828HCSTRN01.xml',2,'342552LAGJ930828HCSTRN01','Identificador de entidad federativa no válido en el nodo Antecedente: 7'),(91,98,'342552LAGJ930828HCSTRN01.xml',1,'342552LAGJ930828HCSTRN01','Título electrónico registrado exitosamente'),(92,99,'342552ZADY940415MCSRZL01.xml',1,'342552ZADY940415MCSRZL01','Título electrónico registrado exitosamente'),(93,100,'342552VIVI921102MJCTLS01.xml',1,'342552VIVI921102MJCTLS01','Título electrónico registrado exitosamente'),(94,101,'342552GAOE941007MJCRCV04.xml',1,'342552GAOE941007MJCRCV04','Título electrónico registrado exitosamente'),(95,102,'342552MEGR890424HJCNMF02.xml',1,'342552MEGR890424HJCNMF02','Título electrónico registrado exitosamente'),(96,103,'342552HEMG910814MNTRLM04.xml',1,'342552HEMG910814MNTRLM04','Título electrónico registrado exitosamente'),(97,104,'342552FECJ920425MSLRRS00.xml',1,'342552FECJ920425MSLRRS00','Título electrónico registrado exitosamente');
/*!40000 ALTER TABLE `datorecibo` ENABLE KEYS */;
UNLOCK TABLES;

--
-- Table structure for table `entidadfederativa`
--

DROP TABLE IF EXISTS `entidadfederativa`;
/*!40101 SET @saved_cs_client     = @@character_set_client */;
/*!40101 SET character_set_client = utf8 */;
CREATE TABLE `entidadfederativa` (
  `identidadfederativa` int(11) NOT NULL AUTO_INCREMENT,
  `ID_ENTIDAD FEDERATIVA` int(11) NOT NULL,
  `c_nom_ent` varchar(40) DEFAULT NULL,
  `c_entidad_abr` varchar(10) DEFAULT NULL,
  PRIMARY KEY (`identidadfederativa`)
) ENGINE=InnoDB AUTO_INCREMENT=34 DEFAULT CHARSET=utf8mb4;
/*!40101 SET character_set_client = @saved_cs_client */;

--
-- Dumping data for table `entidadfederativa`
--

LOCK TABLES `entidadfederativa` WRITE;
/*!40000 ALTER TABLE `entidadfederativa` DISABLE KEYS */;
INSERT INTO `entidadfederativa` VALUES (1,1,'AGUASCALIENTES','AGS  '),(2,2,'BAJA CALIFORNIA','BC   '),(3,3,'BAJA CALIFORNIA SUR','BCS  '),(4,4,'CAMPECHE','CAMP '),(5,5,'COAHUILA DE ZARAGOZA','COAH '),(6,6,'COLIMA','COL  '),(7,7,'CHIAPAS','CHIS '),(8,8,'CHIHUAHUA','CHIH '),(9,9,'CIUDAD DE MÉXICO','CDMX '),(10,10,'DURANGO','DGO  '),(11,11,'GUANAJUATO','GTO  '),(12,12,'GUERRERO','GRO  '),(13,13,'HIDALGO','HGO  '),(14,14,'JALISCO','JAL  '),(15,15,'MÉXICO','MEX  '),(16,16,'MICHOACÁN DE OCAMPO','MICH '),(17,17,'MORELOS','MOR  '),(18,18,'NAYARIT','NAY  '),(19,19,'NUEVO LEÓN','NL   '),(20,20,'OAXACA','OAX  '),(21,21,'PUEBLA','PUE  '),(22,22,'QUERÉTARO','QRO  '),(23,23,'QUINTANA ROO','QROO '),(24,24,'SAN LUIS POTOSÍ','SLP  '),(25,25,'SINALOA','SIN  '),(26,26,'SONORA','SON  '),(27,27,'TABASCO','TAB  '),(28,28,'TAMAULIPAS','TAMPS'),(29,29,'TLAXCALA','TLAX '),(30,30,'VERACRUZ DE IGNACIO DE LA LLAVE','VER  '),(31,31,'YUCATÁN','YUC  '),(32,32,'ZACATECAS','ZAC  '),(33,33,'EXTRANJERO','EXT');
/*!40000 ALTER TABLE `entidadfederativa` ENABLE KEYS */;
UNLOCK TABLES;

--
-- Table structure for table `estaustitulo`
--

DROP TABLE IF EXISTS `estaustitulo`;
/*!40101 SET @saved_cs_client     = @@character_set_client */;
/*!40101 SET character_set_client = utf8 */;
CREATE TABLE `estaustitulo` (
  `idestaustitulo` int(11) NOT NULL AUTO_INCREMENT,
  `descripcion` varchar(30) DEFAULT NULL,
  PRIMARY KEY (`idestaustitulo`)
) ENGINE=InnoDB AUTO_INCREMENT=4 DEFAULT CHARSET=utf8mb4;
/*!40101 SET character_set_client = @saved_cs_client */;

--
-- Dumping data for table `estaustitulo`
--

LOCK TABLES `estaustitulo` WRITE;
/*!40000 ALTER TABLE `estaustitulo` DISABLE KEYS */;
INSERT INTO `estaustitulo` VALUES (1,'envio'),(2,'consulta'),(3,'descarga');
/*!40000 ALTER TABLE `estaustitulo` ENABLE KEYS */;
UNLOCK TABLES;

--
-- Table structure for table `firmastitulo`
--

DROP TABLE IF EXISTS `firmastitulo`;
/*!40101 SET @saved_cs_client     = @@character_set_client */;
/*!40101 SET character_set_client = utf8 */;
CREATE TABLE `firmastitulo` (
  `idfirmatitulo` bigint(20) NOT NULL AUTO_INCREMENT,
  `idtitulo` int(11) NOT NULL,
  `idusuario` int(11) NOT NULL,
  `fechahorafirma` datetime DEFAULT CURRENT_TIMESTAMP,
  PRIMARY KEY (`idfirmatitulo`),
  KEY `firmastitulo_fk` (`idusuario`),
  KEY `firmastitulo_fk_1` (`idtitulo`),
  CONSTRAINT `firmastitulo_fk` FOREIGN KEY (`idusuario`) REFERENCES `usuario` (`idusuario`),
  CONSTRAINT `firmastitulo_fk_1` FOREIGN KEY (`idtitulo`) REFERENCES `titulo` (`idtitulo`)
) ENGINE=InnoDB AUTO_INCREMENT=15 DEFAULT CHARSET=latin1;
/*!40101 SET character_set_client = @saved_cs_client */;

--
-- Dumping data for table `firmastitulo`
--

LOCK TABLES `firmastitulo` WRITE;
/*!40000 ALTER TABLE `firmastitulo` DISABLE KEYS */;
INSERT INTO `firmastitulo` VALUES (1,7,2,NULL),(2,5,2,NULL),(3,7,1,NULL),(4,2,1,NULL),(5,2,3,NULL),(6,5,5,NULL),(7,7,4,NULL),(8,5,3,NULL),(9,7,3,NULL),(10,2,4,NULL),(11,1246,1,'2021-09-13 15:53:57'),(12,1246,2,'2021-09-13 15:53:57'),(13,1246,3,'2021-09-13 15:53:57'),(14,1246,4,'2021-09-13 15:53:57');
/*!40000 ALTER TABLE `firmastitulo` ENABLE KEYS */;
UNLOCK TABLES;

--
-- Table structure for table `fundamentolegalserviciosocial`
--

DROP TABLE IF EXISTS `fundamentolegalserviciosocial`;
/*!40101 SET @saved_cs_client     = @@character_set_client */;
/*!40101 SET character_set_client = utf8 */;
CREATE TABLE `fundamentolegalserviciosocial` (
  `id_fundamento_legal_servicio_social` int(11) NOT NULL AUTO_INCREMENT,
  `fundamento_legal_servicio_social` varchar(200) DEFAULT NULL,
  PRIMARY KEY (`id_fundamento_legal_servicio_social`)
) ENGINE=InnoDB AUTO_INCREMENT=8 DEFAULT CHARSET=utf8mb4;
/*!40101 SET character_set_client = @saved_cs_client */;

--
-- Dumping data for table `fundamentolegalserviciosocial`
--

LOCK TABLES `fundamentolegalserviciosocial` WRITE;
/*!40000 ALTER TABLE `fundamentolegalserviciosocial` DISABLE KEYS */;
INSERT INTO `fundamentolegalserviciosocial` VALUES (1,'ART. 52 LRART. 5 CONST'),(2,'ART. 55 LRART. 5 CONST'),(3,'ART. 91 RLRART. 5 CONST'),(4,'ART. 10 REGLAMENTO PARA LA PRESTACIÓN DEL SERVICIO SOCIAL DE LOS ESTUDIANTES DE LAS INSTITUCIONES DE EDUCACIÓN SUPERIOR EN LA REPÚBLICA MEXICANA '),(5,'NO APLICA'),(7,'De acuerdo con la cuarta T');
/*!40000 ALTER TABLE `fundamentolegalserviciosocial` ENABLE KEYS */;
UNLOCK TABLES;

--
-- Table structure for table `historicoenvio`
--

DROP TABLE IF EXISTS `historicoenvio`;
/*!40101 SET @saved_cs_client     = @@character_set_client */;
/*!40101 SET character_set_client = utf8 */;
CREATE TABLE `historicoenvio` (
  `idhistoricoenvio` int(11) NOT NULL AUTO_INCREMENT,
  `idusuario` int(11) DEFAULT NULL,
  `timestamp` datetime DEFAULT NULL,
  `accion` varchar(10) DEFAULT NULL,
  `mensaje` varchar(200) DEFAULT NULL,
  `lote` int(11) DEFAULT NULL,
  `idestaustitulo` int(11) DEFAULT NULL,
  `archivo` varchar(100) DEFAULT NULL,
  PRIMARY KEY (`idhistoricoenvio`)
) ENGINE=InnoDB AUTO_INCREMENT=31 DEFAULT CHARSET=utf8mb4;
/*!40101 SET character_set_client = @saved_cs_client */;

--
-- Dumping data for table `historicoenvio`
--

LOCK TABLES `historicoenvio` WRITE;
/*!40000 ALTER TABLE `historicoenvio` DISABLE KEYS */;
INSERT INTO `historicoenvio` VALUES (1,NULL,NULL,NULL,'El número de lote 162740 se encuentra PROCESADO.',162740,2,'/opt/archivos/zips/1-130421.zip'),(11,NULL,NULL,NULL,'El número de lote 161907 finalizó el proceso, se descarga archivo con la relación correspondiente',161907,3,'c:\\archivos\\zips\\11-050521.zip'),(13,NULL,NULL,NULL,'El número de lote 162741 finalizó el proceso, se descarga archivo con la relación correspondiente',162741,3,'c:\\archivos\\zips\\13-220421.zip'),(14,NULL,NULL,NULL,'El número de lote 164434 finalizó el proceso, se descarga archivo con la relación correspondiente',164434,3,'c:\\archivos\\zips\\14-060521.zip'),(15,NULL,NULL,NULL,'El número de lote 164393 finalizó el proceso, se descarga archivo con la relación correspondiente',164393,3,'c:\\archivos\\zips\\15-130921.zip'),(16,NULL,NULL,NULL,'El número de lote 164662 finalizó el proceso, se descarga archivo con la relación correspondiente',164662,3,'c:\\archivos\\zips\\16-100521.zip'),(17,NULL,NULL,NULL,'El número de lote 167146 finalizó el proceso, se descarga archivo con la relación correspondiente',167146,3,'c:\\archivos\\zips\\17-050621.zip'),(18,NULL,NULL,NULL,'El número de lote 167172 finalizó el proceso, se descarga archivo con la relación correspondiente',167172,3,'c:\\archivos\\zips\\18-050621.zip'),(19,NULL,NULL,NULL,'El número de lote 178407 finalizó el proceso, se descarga archivo con la relación correspondiente',178407,3,'c:\\archivos\\zips\\19-071021.zip'),(20,NULL,NULL,NULL,'El número de lote 178408 finalizó el proceso, se descarga archivo con la relación correspondiente',178408,3,'c:\\archivos\\zips\\20-071021.zip'),(21,NULL,NULL,NULL,'El número de lote 178410 finalizó el proceso, se descarga archivo con la relación correspondiente',178410,3,'c:\\archivos\\zips\\21-071021.zip'),(22,NULL,NULL,NULL,'El número de lote 178465 finalizó el proceso, se descarga archivo con la relación correspondiente',178465,3,'c:\\archivos\\zips\\22-081021.zip'),(23,NULL,NULL,NULL,'El número de lote 178500 finalizó el proceso, se descarga archivo con la relación correspondiente',178500,3,'c:\\archivos\\zips\\23-081021.zip'),(24,NULL,NULL,NULL,'El número de lote 178501 finalizó el proceso, se descarga archivo con la relación correspondiente',178501,3,'c:\\archivos\\zips\\24-081021.zip'),(25,NULL,NULL,NULL,'El número de lote 178414 finalizó el proceso, se descarga archivo con la relación correspondiente',178414,3,'c:\\archivos\\zips\\25-071021.zip'),(26,NULL,NULL,NULL,'El número de lote 178502 finalizó el proceso, se descarga archivo con la relación correspondiente',178502,3,'c:\\archivos\\zips\\26-081021.zip'),(27,NULL,NULL,NULL,'El número de lote 178503 finalizó el proceso, se descarga archivo con la relación correspondiente',178503,3,'c:\\archivos\\zips\\27-081021.zip'),(28,NULL,NULL,NULL,'El número de lote 178505 finalizó el proceso, se descarga archivo con la relación correspondiente',178505,3,'c:\\archivos\\zips\\28-081021.zip'),(29,NULL,NULL,NULL,'El número de lote 178506 finalizó el proceso, se descarga archivo con la relación correspondiente',178506,3,'c:\\archivos\\zips\\29-081021.zip'),(30,NULL,NULL,NULL,'El número de lote 178507 finalizó el proceso, se descarga archivo con la relación correspondiente',178507,3,'c:\\archivos\\zips\\30-081021.zip');
/*!40000 ALTER TABLE `historicoenvio` ENABLE KEYS */;
UNLOCK TABLES;

--
-- Table structure for table `historicorecibo`
--

DROP TABLE IF EXISTS `historicorecibo`;
/*!40101 SET @saved_cs_client     = @@character_set_client */;
/*!40101 SET character_set_client = utf8 */;
CREATE TABLE `historicorecibo` (
  `Idhistoricorecibo` int(11) NOT NULL AUTO_INCREMENT,
  `idhistoricoenvio` int(11) NOT NULL,
  `datestamp` datetime NOT NULL,
  `archivo` varchar(100) DEFAULT NULL,
  `mensaje` varchar(100) DEFAULT NULL,
  PRIMARY KEY (`Idhistoricorecibo`),
  KEY `historicorecibo_FK` (`idhistoricoenvio`),
  CONSTRAINT `historicorecibo_FK` FOREIGN KEY (`idhistoricoenvio`) REFERENCES `historicoenvio` (`idhistoricoenvio`)
) ENGINE=InnoDB AUTO_INCREMENT=105 DEFAULT CHARSET=latin1;
/*!40101 SET character_set_client = @saved_cs_client */;

--
-- Dumping data for table `historicorecibo`
--

LOCK TABLES `historicorecibo` WRITE;
/*!40000 ALTER TABLE `historicorecibo` DISABLE KEYS */;
INSERT INTO `historicorecibo` VALUES (37,1,'2020-04-29 00:00:00','/opt/archivos/respzips/1-2904201253/ResultadoCargaTitulos1.xls',NULL),(38,1,'2020-04-29 00:00:00','/opt/archivos/respzips/1-2904201214/ResultadoCargaTitulos1.xls',NULL),(39,1,'2020-04-29 00:00:00','/opt/archivos/respzips/1-2904201235/ResultadoCargaTitulos1.xls',NULL),(40,1,'2020-04-29 00:00:00','/opt/archivos/respzips/1-2904201236/ResultadoCargaTitulos1.xls',NULL),(41,11,'2021-04-13 00:00:00','/opt/archivos/respzips/11-1304211339/ResultadoCargaTitulos1.xls',NULL),(42,11,'2021-04-13 00:00:00','/opt/archivos/respzips/11-1304211315/ResultadoCargaTitulos1.xls',NULL),(43,11,'2021-05-06 00:00:00','c:\\archivos\\respzips\\11-0505212329/ResultadoCargaTitulos161907.xls',NULL),(44,13,'2021-05-06 00:00:00','c:\\archivos\\respzips\\13-0505212334/ResultadoCargaTitulos162741.xls',NULL),(45,13,'2021-05-06 00:00:00','c:\\archivos\\respzips\\13-0605210855/ResultadoCargaTitulos162741.xls',NULL),(46,13,'2021-05-06 00:00:00','c:\\archivos\\respzips\\13-0605210942/ResultadoCargaTitulos162741.xls',NULL),(47,13,'2021-05-06 00:00:00','c:\\archivos\\respzips\\13-0605210931/ResultadoCargaTitulos162741.xls',NULL),(48,14,'2021-05-06 00:00:00','c:\\archivos\\respzips\\14-0605211005/ResultadoCargaTitulos164207.xls',NULL),(49,15,'2021-05-06 00:00:00','c:\\archivos\\respzips\\15-0605211013/ResultadoCargaTitulos164212.xls',NULL),(50,15,'2021-05-06 00:00:00','c:\\archivos\\respzips\\15-0605211155/ResultadoCargaTitulos164216.xls',NULL),(51,15,'2021-05-06 00:00:00','c:\\archivos\\respzips\\15-0605211530/ResultadoCargaTitulos164376.xls',NULL),(52,15,'2021-05-06 00:00:00','c:\\archivos\\respzips\\15-0605211553/ResultadoCargaTitulos164378.xls',NULL),(53,15,'2021-05-06 00:00:00','c:\\archivos\\respzips\\15-0605211622/ResultadoCargaTitulos164387.xls',NULL),(54,15,'2021-05-06 00:00:00','c:\\archivos\\respzips\\15-0605211611/ResultadoCargaTitulos164393.xls',NULL),(55,15,'2021-05-07 00:00:00','c:\\archivos\\respzips\\15-0605212058/ResultadoCargaTitulos164393.xls',NULL),(56,14,'2021-05-07 00:00:00','c:\\archivos\\respzips\\14-0605212119/ResultadoCargaTitulos164434.xls',NULL),(57,16,'2021-05-10 00:00:00','c:\\archivos\\respzips\\16-1005211445/ResultadoCargaTitulos164644.xls',NULL),(58,16,'2021-05-10 00:00:00','c:\\archivos\\respzips\\16-1005211446/ResultadoCargaTitulos164645.xls',NULL),(59,16,'2021-05-10 00:00:00','c:\\archivos\\respzips\\16-1005211556/ResultadoCargaTitulos164648.xls',NULL),(60,16,'2021-05-10 00:00:00','c:\\archivos\\respzips\\16-1005211645/ResultadoCargaTitulos164652.xls',NULL),(61,16,'2021-05-10 00:00:00','c:\\archivos\\respzips\\16-1005211634/ResultadoCargaTitulos164653.xls',NULL),(62,16,'2021-05-10 00:00:00','c:\\archivos\\respzips\\16-1005211635/ResultadoCargaTitulos164653.xls',NULL),(63,16,'2021-05-10 00:00:00','c:\\archivos\\respzips\\16-1005211604/ResultadoCargaTitulos164653.xls',NULL),(64,16,'2021-05-10 00:00:00','c:\\archivos\\respzips\\16-1005211653/ResultadoCargaTitulos164653.xls',NULL),(65,16,'2021-05-10 00:00:00','c:\\archivos\\respzips\\16-1005211721/ResultadoCargaTitulos164656.xls',NULL),(66,16,'2021-05-10 00:00:00','c:\\archivos\\respzips\\16-1005211755/ResultadoCargaTitulos164657.xls',NULL),(67,16,'2021-05-10 00:00:00','c:\\archivos\\respzips\\16-1005211754/ResultadoCargaTitulos164657.xls',NULL),(68,16,'2021-05-10 00:00:00','c:\\archivos\\respzips\\16-1005211823/ResultadoCargaTitulos164662.xls',NULL),(69,17,'2021-06-05 00:00:00','c:\\archivos\\respzips\\17-0506211203/ResultadoCargaTitulos167136.xls',NULL),(70,17,'2021-06-05 00:00:00','c:\\archivos\\respzips\\17-0506211323/ResultadoCargaTitulos167146.xls',NULL),(71,18,'2021-06-05 00:00:00','c:\\archivos\\respzips\\18-0506211305/ResultadoCargaTitulos167147.xls',NULL),(72,18,'2021-06-05 00:00:00','c:\\archivos\\respzips\\18-0506211745/ResultadoCargaTitulos167172.xls',NULL),(73,11,'2021-06-05 00:00:00','c:\\archivos\\respzips\\11-0506211730/ResultadoCargaTitulos161907.xls',NULL),(74,18,'2021-06-05 00:00:00','c:\\archivos\\respzips\\18-0506211848/ResultadoCargaTitulos167172.xls',NULL),(75,17,'2021-06-05 00:00:00','c:\\archivos\\respzips\\17-0506211812/ResultadoCargaTitulos167146.xls',NULL),(76,16,'2021-06-05 00:00:00','c:\\archivos\\respzips\\16-0506211816/ResultadoCargaTitulos164662.xls',NULL),(77,19,'2021-09-13 00:00:00','c:\\archivos\\respzips\\19-1309211555/ResultadoCargaTitulos176160.xls',NULL),(78,19,'2021-09-13 00:00:00','c:\\archivos\\respzips\\19-1309211614/ResultadoCargaTitulos176162.xls',NULL),(79,19,'2021-10-02 00:00:00','c:\\archivos\\respzips\\19-0210211258/ResultadoCargaTitulos177897.xls',NULL),(80,19,'2021-10-06 00:00:00','c:\\archivos\\respzips\\19-0610211025/ResultadoCargaTitulos178157.xls',NULL),(81,19,'2021-10-06 00:00:00','c:\\archivos\\respzips\\19-0610211142/ResultadoCargaTitulos178160.xls',NULL),(82,19,'2021-10-07 00:00:00','c:\\archivos\\respzips\\19-0710211421/ResultadoCargaTitulos178403.xls',NULL),(83,19,'2021-10-07 00:00:00','c:\\archivos\\respzips\\19-0710211426/ResultadoCargaTitulos178403.xls',NULL),(84,19,'2021-10-07 00:00:00','c:\\archivos\\respzips\\19-0710211422/ResultadoCargaTitulos178405.xls',NULL),(85,19,'2021-10-07 00:00:00','c:\\archivos\\respzips\\19-0710211518/ResultadoCargaTitulos178406.xls',NULL),(86,19,'2021-10-07 00:00:00','c:\\archivos\\respzips\\19-0710211547/ResultadoCargaTitulos178407.xls',NULL),(87,20,'2021-10-07 00:00:00','c:\\archivos\\respzips\\20-0710211523/ResultadoCargaTitulos178408.xls',NULL),(88,21,'2021-10-07 00:00:00','c:\\archivos\\respzips\\21-0710211517/ResultadoCargaTitulos178410.xls',NULL),(89,22,'2021-10-07 00:00:00','c:\\archivos\\respzips\\22-0710211549/ResultadoCargaTitulos178411.xls',NULL),(90,23,'2021-10-07 00:00:00','c:\\archivos\\respzips\\23-0710211544/ResultadoCargaTitulos178412.xls',NULL),(91,24,'2021-10-07 00:00:00','c:\\archivos\\respzips\\24-0710211558/ResultadoCargaTitulos178413.xls',NULL),(92,25,'2021-10-07 00:00:00','c:\\archivos\\respzips\\25-0710211532/ResultadoCargaTitulos178414.xls',NULL),(93,22,'2021-10-08 00:00:00','c:\\archivos\\respzips\\22-0810210955/ResultadoCargaTitulos178451.xls',NULL),(94,22,'2021-10-08 00:00:00','c:\\archivos\\respzips\\22-0810211006/ResultadoCargaTitulos178453.xls',NULL),(95,22,'2021-10-08 00:00:00','c:\\archivos\\respzips\\22-0810211032/ResultadoCargaTitulos178454.xls',NULL),(96,22,'2021-10-08 00:00:00','c:\\archivos\\respzips\\22-0810211029/ResultadoCargaTitulos178465.xls',NULL),(97,23,'2021-10-08 00:00:00','c:\\archivos\\respzips\\23-0810211318/ResultadoCargaTitulos178499.xls',NULL),(98,23,'2021-10-08 00:00:00','c:\\archivos\\respzips\\23-0810211345/ResultadoCargaTitulos178500.xls',NULL),(99,24,'2021-10-08 00:00:00','c:\\archivos\\respzips\\24-0810211308/ResultadoCargaTitulos178501.xls',NULL),(100,26,'2021-10-08 00:00:00','c:\\archivos\\respzips\\26-0810211443/ResultadoCargaTitulos178502.xls',NULL),(101,27,'2021-10-08 00:00:00','c:\\archivos\\respzips\\27-0810211400/ResultadoCargaTitulos178503.xls',NULL),(102,28,'2021-10-08 00:00:00','c:\\archivos\\respzips\\28-0810211400/ResultadoCargaTitulos178505.xls',NULL),(103,29,'2021-10-08 00:00:00','c:\\archivos\\respzips\\29-0810211428/ResultadoCargaTitulos178506.xls',NULL),(104,30,'2021-10-08 00:00:00','c:\\archivos\\respzips\\30-0810211412/ResultadoCargaTitulos178507.xls',NULL);
/*!40000 ALTER TABLE `historicorecibo` ENABLE KEYS */;
UNLOCK TABLES;

--
-- Table structure for table `institucion`
--

DROP TABLE IF EXISTS `institucion`;
/*!40101 SET @saved_cs_client     = @@character_set_client */;
/*!40101 SET character_set_client = utf8 */;
CREATE TABLE `institucion` (
  `institucion_id` int(11) NOT NULL,
  `nombre_institucion` varchar(100) DEFAULT NULL,
  `id_entidad_federativa` int(11) DEFAULT NULL,
  PRIMARY KEY (`institucion_id`)
) ENGINE=InnoDB DEFAULT CHARSET=utf8mb4;
/*!40101 SET character_set_client = @saved_cs_client */;

--
-- Dumping data for table `institucion`
--

LOCK TABLES `institucion` WRITE;
/*!40000 ALTER TABLE `institucion` DISABLE KEYS */;
INSERT INTO `institucion` VALUES (1,'CTRO. DE INVEST. Y ASISTENCIA EN TECNOL. Y DISEÑO DEL EDO. DE JAL. A.C. CIATEJ',14),(140349,'CENTRO DE INVESTIGACIÓN Y ASISTENCIA EN TECNOLOGÍA Y DISEÑO DEL ESTADO DE JALISCO, A.C.',14);
/*!40000 ALTER TABLE `institucion` ENABLE KEYS */;
UNLOCK TABLES;

--
-- Table structure for table `institucioncarrera`
--

DROP TABLE IF EXISTS `institucioncarrera`;
/*!40101 SET @saved_cs_client     = @@character_set_client */;
/*!40101 SET character_set_client = utf8 */;
CREATE TABLE `institucioncarrera` (
  `idinstitucioncarrera` int(11) NOT NULL AUTO_INCREMENT,
  `institucion_id` int(11) DEFAULT NULL,
  `cve_carrera` int(11) DEFAULT NULL,
  PRIMARY KEY (`idinstitucioncarrera`)
) ENGINE=InnoDB AUTO_INCREMENT=5 DEFAULT CHARSET=utf8mb4;
/*!40101 SET character_set_client = @saved_cs_client */;

--
-- Dumping data for table `institucioncarrera`
--

LOCK TABLES `institucioncarrera` WRITE;
/*!40000 ALTER TABLE `institucioncarrera` DISABLE KEYS */;
INSERT INTO `institucioncarrera` VALUES (1,140349,342552),(2,140349,411598),(3,140349,644621),(4,140349,128528);
/*!40000 ALTER TABLE `institucioncarrera` ENABLE KEYS */;
UNLOCK TABLES;

--
-- Table structure for table `logacciones`
--

DROP TABLE IF EXISTS `logacciones`;
/*!40101 SET @saved_cs_client     = @@character_set_client */;
/*!40101 SET character_set_client = utf8 */;
CREATE TABLE `logacciones` (
  `id` int(11) NOT NULL AUTO_INCREMENT,
  `usuario` varchar(500) DEFAULT NULL,
  `timestamp` datetime DEFAULT NULL,
  `url` varchar(200) DEFAULT NULL,
  `data` varchar(10000) DEFAULT NULL,
  PRIMARY KEY (`id`)
) ENGINE=InnoDB AUTO_INCREMENT=663 DEFAULT CHARSET=latin1;
/*!40101 SET character_set_client = @saved_cs_client */;

--
-- Dumping data for table `logacciones`
--

LOCK TABLES `logacciones` WRITE;
/*!40000 ALTER TABLE `logacciones` DISABLE KEYS */;
INSERT INTO `logacciones` VALUES (5,'admin[ROLE_ADMIN, ROLE_USER]','2020-05-14 00:00:00','/titulo/guardar','Titulo(idtitulo=2, curp=CACX7605101P8, nombre=Manuel, primerapellido=Lopez, segundoapellido=Pereira, correoelectronico=mlopez@saber.com, fechainicio=Sun Dec 31 18:00:00 CST 2017, fechaterminacion=Fri Jan 31 18:00:00 CST 2020, fechaexpedicion=Wed Mar 18 18:00:00 CST 2020, fechaexamenprofesional=Tue Mar 17 18:00:00 CST 2020, fechaexencionexamenprofecional=null, cumplioserviciosocial=1, institucionprocedencia=uteg, fechainicio_procedencia=Tue Dec 31 18:00:00 CST 2013, fechaterminacion_procedencia=Thu Nov 30 18:00:00 CST 2017, nocedula=sdfg4556, lote=null, nombrexmlenvio=null, tituloxml=null, institucioncarrera=institucioncarrera(idinstitucioncarrera=2, institucion=institucion(institucion_id=140349, nombre_institucion=CENTRO DE INVESTIGACIÓN Y ASISTENCIA EN TECNOLOGÍA Y DISEÑO DEL ESTADO DE JALISCO, A.C., id_entidad_federativa=14), carrera=carrera(cve_carrera=411598, nombre_carrera=MAESTRÍA EN INVESTIGACIÓN CLÍNICA, nivel_educativo=MAESTRÍA, rvoe_dgp=null, tipo_rvoe=null, id_entidad_federativa_rvoe=null, sostenimiento=FEDERAL)), modalidadtitulacion=ModalidadTitulacion(id_modalidad_titulacion=2, modalidad_titulacion=POR PROMEDIO, tipo_de_modalidad=CONSTANCIA DE EXENCIÓN), fundamentoLegalServicioSocial=FundamentoLegalServicioSocial(id_fundamento_legal_servicio_social=3, fundamento_legal_servicio_social=ART. 91 RLRART. 5 CONST), entidadFederativa=entidadFederativa(identidadfederativa=15, c_nom_ent=MÉXICO, c_entidad_abr=MEX  ), entidadFederativa_procedencia=entidadFederativa(identidadfederativa=15, c_nom_ent=MÉXICO, c_entidad_abr=MEX  ), autorizacionReconocimiento=AutorizacionReconocimiento(id_autorizacion_reconocimiento=3, autorizacion_reconocimiento=AUTORIZACIÓN FEDERAL), tipostudioAntecedente=TipoEstudioAntecedente(id_tipo_estudio_antecedente=2, tipo_estudio_antecedente=LICENCIATURA, tipo_educativo_del_antecedente=EDUCACIÓN SUPERIOR), historicoenvio=null)'),(6,'admin[ROLE_ADMIN, ROLE_USER]','2020-05-14 14:47:19','/titulo/guardar','Titulo(idtitulo=2, curp=CACX7605101P8, nombre=Manuel, primerapellido=Lopez, segundoapellido=Pereira, correoelectronico=mlopez@saber.com, fechainicio=Sun Dec 31 18:00:00 CST 2017, fechaterminacion=Fri Jan 31 18:00:00 CST 2020, fechaexpedicion=Wed Mar 18 18:00:00 CST 2020, fechaexamenprofesional=Tue Mar 17 18:00:00 CST 2020, fechaexencionexamenprofecional=null, cumplioserviciosocial=1, institucionprocedencia=uteg, fechainicio_procedencia=Tue Dec 31 18:00:00 CST 2013, fechaterminacion_procedencia=Thu Nov 30 18:00:00 CST 2017, nocedula=sdfg4556, lote=null, nombrexmlenvio=null, tituloxml=null, institucioncarrera=institucioncarrera(idinstitucioncarrera=2, institucion=institucion(institucion_id=140349, nombre_institucion=CENTRO DE INVESTIGACIÓN Y ASISTENCIA EN TECNOLOGÍA Y DISEÑO DEL ESTADO DE JALISCO, A.C., id_entidad_federativa=14), carrera=carrera(cve_carrera=411598, nombre_carrera=MAESTRÍA EN INVESTIGACIÓN CLÍNICA, nivel_educativo=MAESTRÍA, rvoe_dgp=null, tipo_rvoe=null, id_entidad_federativa_rvoe=null, sostenimiento=FEDERAL)), modalidadtitulacion=ModalidadTitulacion(id_modalidad_titulacion=2, modalidad_titulacion=POR PROMEDIO, tipo_de_modalidad=CONSTANCIA DE EXENCIÓN), fundamentoLegalServicioSocial=FundamentoLegalServicioSocial(id_fundamento_legal_servicio_social=3, fundamento_legal_servicio_social=ART. 91 RLRART. 5 CONST), entidadFederativa=entidadFederativa(identidadfederativa=15, c_nom_ent=MÉXICO, c_entidad_abr=MEX  ), entidadFederativa_procedencia=entidadFederativa(identidadfederativa=15, c_nom_ent=MÉXICO, c_entidad_abr=MEX  ), autorizacionReconocimiento=AutorizacionReconocimiento(id_autorizacion_reconocimiento=3, autorizacion_reconocimiento=AUTORIZACIÓN FEDERAL), tipostudioAntecedente=TipoEstudioAntecedente(id_tipo_estudio_antecedente=2, tipo_estudio_antecedente=LICENCIATURA, tipo_educativo_del_antecedente=EDUCACIÓN SUPERIOR), historicoenvio=null)'),(7,'admin[ROLE_ADMIN, ROLE_USER]','2020-05-15 15:14:02','/titulo/historicoenvio/wsenviar/','HistoricoEnvio(idhistoricoenvio=1, idusuario=null, timestamp=null, accion=null, mensaje=null, lote=null, idestaustitulo=null, archivo=null, titulos=[])'),(8,'admin[ROLE_ADMIN, ROLE_USER]','2020-05-15 15:15:29','/titulo/historicoenvio/wsenviar/','HistoricoEnvio(idhistoricoenvio=3, idusuario=null, timestamp=null, accion=null, mensaje=null, lote=null, idestaustitulo=null, archivo=null, titulos=[])'),(9,'admin[ROLE_ADMIN, ROLE_USER]','2020-05-15 15:15:29','/titulo/historicoenvio/wsenviar/','HistoricoEnvio(idhistoricoenvio=3, idusuario=null, timestamp=null, accion=null, mensaje=null, lote=null, idestaustitulo=null, archivo=null, titulos=[])'),(10,'admin[ROLE_ADMIN, ROLE_USER]','2020-05-15 15:15:43','/titulo/historicoenvio/wsenviar/','HistoricoEnvio(idhistoricoenvio=4, idusuario=null, timestamp=null, accion=null, mensaje=null, lote=null, idestaustitulo=null, archivo=null, titulos=[])'),(11,'admin[ROLE_ADMIN, ROLE_USER]','2020-05-15 15:15:50','/titulo/historicoenvio/wsenviar/','HistoricoEnvio(idhistoricoenvio=1, idusuario=null, timestamp=null, accion=null, mensaje=null, lote=null, idestaustitulo=null, archivo=null, titulos=[])'),(12,'admin[ROLE_ADMIN, ROLE_USER]','2020-05-15 15:17:33','/titulo/historicoenvio/wsenviar/','HistoricoEnvio(idhistoricoenvio=1, idusuario=null, timestamp=null, accion=null, mensaje=null, lote=null, idestaustitulo=null, archivo=null, titulos=[])'),(13,'admin[ROLE_ADMIN, ROLE_USER]','2020-05-15 15:18:02','/titulo/historicoenvio/wsenviar/','HistoricoEnvio(idhistoricoenvio=1, idusuario=null, timestamp=null, accion=null, mensaje=null, lote=null, idestaustitulo=null, archivo=null, titulos=[])'),(14,'admin[ROLE_ADMIN, ROLE_USER]','2020-05-15 15:18:37','/titulo/historicoenvio/wsenviar/','HistoricoEnvio(idhistoricoenvio=1, idusuario=null, timestamp=null, accion=null, mensaje=null, lote=null, idestaustitulo=null, archivo=null, titulos=[])'),(15,'admin[ROLE_ADMIN, ROLE_USER]','2020-05-15 15:18:38','/titulo/historicoenvio/wsenviar/','HistoricoEnvio(idhistoricoenvio=1, idusuario=null, timestamp=null, accion=null, mensaje=null, lote=null, idestaustitulo=null, archivo=null, titulos=[])'),(16,'admin[ROLE_ADMIN, ROLE_USER]','2020-05-15 15:18:58','/titulo/historicoenvio/wsenviar/','HistoricoEnvio(idhistoricoenvio=1, idusuario=null, timestamp=null, accion=null, mensaje=null, lote=null, idestaustitulo=null, archivo=null, titulos=[])'),(17,'admin[ROLE_ADMIN, ROLE_USER]','2020-05-15 15:18:58','/titulo/historicoenvio/wsenviar/','HistoricoEnvio(idhistoricoenvio=1, idusuario=null, timestamp=null, accion=null, mensaje=null, lote=null, idestaustitulo=null, archivo=null, titulos=[])'),(18,'admin[ROLE_ADMIN, ROLE_USER]','2020-05-15 15:19:16','/titulo/historicoenvio/wsenviar/','HistoricoEnvio(idhistoricoenvio=1, idusuario=null, timestamp=null, accion=null, mensaje=null, lote=null, idestaustitulo=null, archivo=null, titulos=[])'),(19,'admin[ROLE_ADMIN, ROLE_USER]','2020-05-15 15:19:16','/titulo/historicoenvio/wsenviar/','HistoricoEnvio(idhistoricoenvio=1, idusuario=null, timestamp=null, accion=null, mensaje=null, lote=null, idestaustitulo=null, archivo=null, titulos=[])'),(20,'admin[ROLE_ADMIN, ROLE_USER]','2020-05-15 15:20:06','/titulo/historicoenvio/wsenviar/','HistoricoEnvio(idhistoricoenvio=1, idusuario=null, timestamp=null, accion=null, mensaje=null, lote=null, idestaustitulo=null, archivo=null, titulos=[])'),(21,'admin[ROLE_ADMIN, ROLE_USER]','2020-05-15 15:20:07','/titulo/historicoenvio/wsenviar/','HistoricoEnvio(idhistoricoenvio=1, idusuario=null, timestamp=null, accion=null, mensaje=null, lote=null, idestaustitulo=null, archivo=null, titulos=[])'),(22,'admin[ROLE_ADMIN, ROLE_USER]','2020-05-15 15:20:16','/titulo/historicoenvio/wsenviar/','HistoricoEnvio(idhistoricoenvio=1, idusuario=null, timestamp=null, accion=null, mensaje=null, lote=null, idestaustitulo=null, archivo=null, titulos=[])'),(23,'admin[ROLE_ADMIN, ROLE_USER]','2020-05-15 15:20:16','/titulo/historicoenvio/wsenviar/','HistoricoEnvio(idhistoricoenvio=1, idusuario=null, timestamp=null, accion=null, mensaje=null, lote=null, idestaustitulo=null, archivo=null, titulos=[])'),(24,'admin[ROLE_ADMIN, ROLE_USER]','2020-05-15 15:21:20','/titulo/historicoenvio/wsenviar/','HistoricoEnvio(idhistoricoenvio=1, idusuario=null, timestamp=null, accion=null, mensaje=null, lote=null, idestaustitulo=null, archivo=null, titulos=[])'),(25,'admin[ROLE_ADMIN, ROLE_USER]','2020-05-15 15:21:20','/titulo/historicoenvio/wsenviar/','HistoricoEnvio(idhistoricoenvio=1, idusuario=null, timestamp=null, accion=null, mensaje=null, lote=null, idestaustitulo=null, archivo=null, titulos=[])'),(26,'admin[ROLE_ADMIN, ROLE_USER]','2020-05-15 15:23:50','/titulo/historicoenvio/wsenviar/','HistoricoEnvio(idhistoricoenvio=1, idusuario=null, timestamp=null, accion=null, mensaje=null, lote=null, idestaustitulo=null, archivo=null, titulos=[])'),(27,'admin[ROLE_ADMIN, ROLE_USER]','2020-05-15 15:23:51','/titulo/historicoenvio/wsenviar/','HistoricoEnvio(idhistoricoenvio=1, idusuario=null, timestamp=null, accion=null, mensaje=null, lote=null, idestaustitulo=null, archivo=null, titulos=[])'),(28,'admin[ROLE_ADMIN, ROLE_USER]','2020-05-15 15:24:42','/titulo/historicoenvio/wsenviar/','HistoricoEnvio(idhistoricoenvio=1, idusuario=null, timestamp=null, accion=null, mensaje=null, lote=null, idestaustitulo=null, archivo=null, titulos=[])'),(29,'admin[ROLE_ADMIN, ROLE_USER]','2020-05-15 15:24:44','/titulo/historicoenvio/wsenviar/','HistoricoEnvio(idhistoricoenvio=1, idusuario=null, timestamp=null, accion=null, mensaje=null, lote=null, idestaustitulo=null, archivo=null, titulos=[])'),(30,'admin[ROLE_ADMIN, ROLE_USER]','2020-05-15 15:25:12','/titulo/historicoenvio/wsenviar/','HistoricoEnvio(idhistoricoenvio=1, idusuario=null, timestamp=null, accion=null, mensaje=null, lote=null, idestaustitulo=null, archivo=null, titulos=[])'),(31,'admin[ROLE_ADMIN, ROLE_USER]','2020-05-15 15:25:13','/titulo/historicoenvio/wsenviar/','HistoricoEnvio(idhistoricoenvio=1, idusuario=null, timestamp=null, accion=null, mensaje=null, lote=null, idestaustitulo=null, archivo=null, titulos=[])'),(32,'admin[ROLE_ADMIN, ROLE_USER]','2020-05-15 18:08:47','/titulo/historicoenvio/wsenviar/','HistoricoEnvio(idhistoricoenvio=1, idusuario=null, timestamp=null, accion=null, mensaje=null, lote=null, idestaustitulo=null, archivo=null, titulos=[])'),(33,'admin[ROLE_ADMIN, ROLE_USER]','2020-05-18 14:44:25','/catalogo/responsable/guardar','Responsable(idresponsable=2, nombre=Hector, primerapellido=Lopez, segundoapellido=Leiva, curp=uiop, abrtitulo=dr, certificadoresponsable=jufa7608212v6.cer, llaveesponsable=Claveprivada_FIEL_JUFA7608212V6_20190528_162132.key, numerocertificado=30001000000400002304, pwdkey=, cargo=Cargo(id_cargo=2, cargo_firmante=SUBDIRECTOR))'),(34,'admin[ROLE_ADMIN, ROLE_USER]','2020-05-18 15:45:30','/catalogo/responsable/guardar','Responsable(idresponsable=2, nombre=Hector, primerapellido=Lopez, segundoapellido=Leiva, curp=uiop, abrtitulo=dr, certificadoresponsable=jufa7608212v6.cer, llaveesponsable=Claveprivada_FIEL_JUFA7608212V6_20190528_162132.key, numerocertificado=30001000000400002304, pwdkey=12345, cargo=Cargo(id_cargo=2, cargo_firmante=SUBDIRECTOR))'),(35,'admin[ROLE_ADMIN, ROLE_USER]','2020-05-18 19:55:21','/catalogo/responsable/guardar','Responsable(idresponsable=2, nombre=Hector, primerapellido=Lopes, segundoapellido=Leiva, curp=uiop, abrtitulo=dr, certificadoresponsable=jufa7608212v6.cer, llaveesponsable=Claveprivada_FIEL_JUFA7608212V6_20190528_162132.key, numerocertificado=30001000000400002304, pwdkey=, cargo=Cargo(id_cargo=2, cargo_firmante=SUBDIRECTOR))'),(36,'admin[ROLE_ADMIN, ROLE_USER]','2020-05-18 19:56:55','/catalogo/responsable/guardar','Responsable(idresponsable=2, nombre=Hector, primerapellido=Lopes, segundoapellido=Leiva, curp=uiop, abrtitulo=dr, certificadoresponsable=jufa7608212v6.cer, llaveesponsable=Claveprivada_FIEL_JUFA7608212V6_20190528_162132.key, numerocertificado=30001000000400002304, pwdkey=1234, cargo=Cargo(id_cargo=2, cargo_firmante=SUBDIRECTOR))'),(37,'admin[ROLE_ADMIN, ROLE_USER]','2020-05-18 20:04:27','/catalogo/responsable/guardar','Responsable(idresponsable=null, nombre=Antonio, primerapellido=Jaramillo, segundoapellido=Segura, curp=funk671228ph6hjliku09, abrtitulo=dr, certificadoresponsable=null, llaveesponsable=null, numerocertificado=null, pwdkey=null, cargo=Cargo(id_cargo=1, cargo_firmante=DIRECTOR))'),(38,'admin[ROLE_ADMIN, ROLE_USER]','2020-05-18 20:06:02','/catalogo/responsable/guardar','Responsable(idresponsable=null, nombre=Jaime, primerapellido=Jaramillo, segundoapellido=Loza, curp=funk671228ph6hjliku, abrtitulo=dr, certificadoresponsable=null, llaveesponsable=null, numerocertificado=null, pwdkey=null, cargo=Cargo(id_cargo=1, cargo_firmante=DIRECTOR))'),(39,'admin[ROLE_ADMIN, ROLE_USER]','2020-05-18 20:07:36','/upload/cert/resp/','Responsable(idresponsable=3, nombre=null, primerapellido=null, segundoapellido=null, curp=null, abrtitulo=null, certificadoresponsable=null, llaveesponsable=null, numerocertificado=null, pwdkey=null, cargo=null)'),(40,'admin[ROLE_ADMIN, ROLE_USER]','2020-05-18 20:07:59','/upload/cert/resp/','Responsable(idresponsable=3, nombre=null, primerapellido=null, segundoapellido=null, curp=null, abrtitulo=null, certificadoresponsable=null, llaveesponsable=null, numerocertificado=null, pwdkey=null, cargo=null)'),(41,'admin[ROLE_ADMIN, ROLE_USER]','2020-05-18 20:08:30','/catalogo/responsable/guardar','Responsable(idresponsable=3, nombre=Jaime, primerapellido=Jaramillo, segundoapellido=Loza, curp=funk671228ph6hjliku, abrtitulo=dr, certificadoresponsable=funk671228ph6.cer, llaveesponsable=FIEL_FUNK671228PH6.key, numerocertificado=, pwdkey=123456789a, cargo=Cargo(id_cargo=1, cargo_firmante=DIRECTOR))'),(42,'admin[ROLE_ADMIN, ROLE_USER]','2020-05-18 20:25:47','/catalogo/responsable/guardar','Responsable(idresponsable=3, nombre=Jaime, primerapellido=Jaramillo, segundoapellido=Loza, curp=funk671228ph6hjliku, abrtitulo=dr, certificadoresponsable=funk671228ph6.cer, llaveesponsable=FIEL_FUNK671228PH6.key, numerocertificado=000100000040000200, pwdkey=123456789a, cargo=Cargo(id_cargo=1, cargo_firmante=DIRECTOR))'),(43,'admin[ROLE_ADMIN, ROLE_USER]','2020-05-19 00:42:58','/upload/cert/resp/','Responsable(idresponsable=3, nombre=null, primerapellido=null, segundoapellido=null, curp=null, abrtitulo=null, certificadoresponsable=null, llaveesponsable=null, numerocertificado=null, pwdkey=null, cargo=null)'),(44,'admin[ROLE_ADMIN, ROLE_USER]','2020-05-19 00:43:48','/upload/cert/resp/','Responsable(idresponsable=3, nombre=null, primerapellido=null, segundoapellido=null, curp=null, abrtitulo=null, certificadoresponsable=null, llaveesponsable=null, numerocertificado=null, pwdkey=null, cargo=null)'),(45,'admin[ROLE_ADMIN, ROLE_USER]','2020-05-19 00:46:39','/catalogo/responsable/guardar','Responsable(idresponsable=3, nombre=Jaime, primerapellido=Jaramillo, segundoapellido=Loza, curp=funk671228ph6hjliku, abrtitulo=dr, certificadoresponsable=funk671228ph6.cer, llaveesponsable=FIEL_FUNK671228PH6.key, numerocertificado=000100000040000202, pwdkey=123456789a, cargo=Cargo(id_cargo=1, cargo_firmante=DIRECTOR))'),(46,'admin[ROLE_ADMIN, ROLE_USER]','2020-06-22 20:57:13','/titulo/descarga/','Titulo(idtitulo=2, curp=CACX7605101P8, nombre=Manuel, primerapellido=Lopez, segundoapellido=Pereira, correoelectronico=mlopez@saber.com, fechainicio=2017-12-31, fechaterminacion=2020-01-31, fechaexpedicion=2020-03-18, fechaexamenprofesional=2020-03-17, fechaexencionexamenprofecional=null, cumplioserviciosocial=1, institucionprocedencia=uteg, fechainicio_procedencia=2013-12-31, fechaterminacion_procedencia=2017-11-30, nocedula=sdfg4556, lote=null, nombrexmlenvio=null, tituloxml=null, institucioncarrera=institucioncarrera(idinstitucioncarrera=2, institucion=institucion(institucion_id=140349, nombre_institucion=CENTRO DE INVESTIGACIÓN Y ASISTENCIA EN TECNOLOGÍA Y DISEÑO DEL ESTADO DE JALISCO, A.C., id_entidad_federativa=14), carrera=carrera(cve_carrera=411598, nombre_carrera=MAESTRÍA EN INVESTIGACIÓN CLÍNICA, nivel_educativo=MAESTRÍA, rvoe_dgp=null, tipo_rvoe=null, id_entidad_federativa_rvoe=null, sostenimiento=FEDERAL)), modalidadtitulacion=ModalidadTitulacion(id_modalidad_titulacion=2, modalidad_titulacion=POR PROMEDIO, tipo_de_modalidad=CONSTANCIA DE EXENCIÓN), fundamentoLegalServicioSocial=FundamentoLegalServicioSocial(id_fundamento_legal_servicio_social=3, fundamento_legal_servicio_social=ART. 91 RLRART. 5 CONST), entidadFederativa=entidadFederativa(identidadfederativa=15, c_nom_ent=MÉXICO, c_entidad_abr=MEX  ), entidadFederativa_procedencia=entidadFederativa(identidadfederativa=15, c_nom_ent=MÉXICO, c_entidad_abr=MEX  ), autorizacionReconocimiento=AutorizacionReconocimiento(id_autorizacion_reconocimiento=3, autorizacion_reconocimiento=AUTORIZACIÓN FEDERAL), tipostudioAntecedente=TipoEstudioAntecedente(id_tipo_estudio_antecedente=2, tipo_estudio_antecedente=LICENCIATURA, tipo_educativo_del_antecedente=EDUCACIÓN SUPERIOR), historicoenvio=null)'),(47,'admin[ROLE_ADMIN, ROLE_USER]','2020-06-22 20:57:21','/titulo/descarga/','Titulo(idtitulo=2, curp=CACX7605101P8, nombre=Manuel, primerapellido=Lopez, segundoapellido=Pereira, correoelectronico=mlopez@saber.com, fechainicio=2017-12-31, fechaterminacion=2020-01-31, fechaexpedicion=2020-03-18, fechaexamenprofesional=2020-03-17, fechaexencionexamenprofecional=null, cumplioserviciosocial=1, institucionprocedencia=uteg, fechainicio_procedencia=2013-12-31, fechaterminacion_procedencia=2017-11-30, nocedula=sdfg4556, lote=null, nombrexmlenvio=null, tituloxml=null, institucioncarrera=institucioncarrera(idinstitucioncarrera=2, institucion=institucion(institucion_id=140349, nombre_institucion=CENTRO DE INVESTIGACIÓN Y ASISTENCIA EN TECNOLOGÍA Y DISEÑO DEL ESTADO DE JALISCO, A.C., id_entidad_federativa=14), carrera=carrera(cve_carrera=411598, nombre_carrera=MAESTRÍA EN INVESTIGACIÓN CLÍNICA, nivel_educativo=MAESTRÍA, rvoe_dgp=null, tipo_rvoe=null, id_entidad_federativa_rvoe=null, sostenimiento=FEDERAL)), modalidadtitulacion=ModalidadTitulacion(id_modalidad_titulacion=2, modalidad_titulacion=POR PROMEDIO, tipo_de_modalidad=CONSTANCIA DE EXENCIÓN), fundamentoLegalServicioSocial=FundamentoLegalServicioSocial(id_fundamento_legal_servicio_social=3, fundamento_legal_servicio_social=ART. 91 RLRART. 5 CONST), entidadFederativa=entidadFederativa(identidadfederativa=15, c_nom_ent=MÉXICO, c_entidad_abr=MEX  ), entidadFederativa_procedencia=entidadFederativa(identidadfederativa=15, c_nom_ent=MÉXICO, c_entidad_abr=MEX  ), autorizacionReconocimiento=AutorizacionReconocimiento(id_autorizacion_reconocimiento=3, autorizacion_reconocimiento=AUTORIZACIÓN FEDERAL), tipostudioAntecedente=TipoEstudioAntecedente(id_tipo_estudio_antecedente=2, tipo_estudio_antecedente=LICENCIATURA, tipo_educativo_del_antecedente=EDUCACIÓN SUPERIOR), historicoenvio=null)'),(48,'admin[ROLE_ADMIN, ROLE_USER]','2020-06-22 21:04:16','/titulo/historicoenvio/wsenviar/','HistoricoEnvio(idhistoricoenvio=1, idusuario=null, timestamp=null, accion=null, mensaje=null, lote=null, idestaustitulo=null, archivo=null, titulos=[])'),(49,'admin[ROLE_ADMIN, ROLE_USER]','2020-06-23 14:45:38','/titulo/descarga/','Titulo(idtitulo=2, curp=CACX7605101P8, nombre=Manuel, primerapellido=Lopez, segundoapellido=Pereira, correoelectronico=mlopez@saber.com, fechainicio=2017-12-31, fechaterminacion=2020-01-31, fechaexpedicion=2020-03-18, fechaexamenprofesional=2020-03-17, fechaexencionexamenprofecional=null, cumplioserviciosocial=1, institucionprocedencia=uteg, fechainicio_procedencia=2013-12-31, fechaterminacion_procedencia=2017-11-30, nocedula=sdfg4556, lote=null, nombrexmlenvio=null, tituloxml=null, institucioncarrera=institucioncarrera(idinstitucioncarrera=2, institucion=institucion(institucion_id=140349, nombre_institucion=CENTRO DE INVESTIGACIÓN Y ASISTENCIA EN TECNOLOGÍA Y DISEÑO DEL ESTADO DE JALISCO, A.C., id_entidad_federativa=14), carrera=carrera(cve_carrera=411598, nombre_carrera=MAESTRÍA EN INVESTIGACIÓN CLÍNICA, nivel_educativo=MAESTRÍA, rvoe_dgp=null, tipo_rvoe=null, id_entidad_federativa_rvoe=null, sostenimiento=FEDERAL)), modalidadtitulacion=ModalidadTitulacion(id_modalidad_titulacion=2, modalidad_titulacion=POR PROMEDIO, tipo_de_modalidad=CONSTANCIA DE EXENCIÓN), fundamentoLegalServicioSocial=FundamentoLegalServicioSocial(id_fundamento_legal_servicio_social=3, fundamento_legal_servicio_social=ART. 91 RLRART. 5 CONST), entidadFederativa=entidadFederativa(identidadfederativa=15, c_nom_ent=MÉXICO, c_entidad_abr=MEX  ), entidadFederativa_procedencia=entidadFederativa(identidadfederativa=15, c_nom_ent=MÉXICO, c_entidad_abr=MEX  ), autorizacionReconocimiento=AutorizacionReconocimiento(id_autorizacion_reconocimiento=3, autorizacion_reconocimiento=AUTORIZACIÓN FEDERAL), tipostudioAntecedente=TipoEstudioAntecedente(id_tipo_estudio_antecedente=2, tipo_estudio_antecedente=LICENCIATURA, tipo_educativo_del_antecedente=EDUCACIÓN SUPERIOR), historicoenvio=null)'),(50,'admin[ROLE_ADMIN, ROLE_USER]','2020-06-23 15:35:52','/titulo/historicoenvio/wsenviar/','HistoricoEnvio(idhistoricoenvio=1, idusuario=null, timestamp=null, accion=null, mensaje=null, lote=null, idestaustitulo=null, archivo=null, titulos=[])'),(51,'admin[ROLE_ADMIN, ROLE_USER]','2020-06-23 16:02:10','/titulo/historicoenvio/wsenviar/','HistoricoEnvio(idhistoricoenvio=3, idusuario=null, timestamp=null, accion=null, mensaje=null, lote=null, idestaustitulo=null, archivo=null, titulos=[])'),(52,'admin[ROLE_ADMIN, ROLE_USER]','2020-06-23 16:02:11','/titulo/historicoenvio/wsenviar/','HistoricoEnvio(idhistoricoenvio=3, idusuario=null, timestamp=null, accion=null, mensaje=null, lote=null, idestaustitulo=null, archivo=null, titulos=[])'),(53,'admin[ROLE_ADMIN, ROLE_USER]','2020-06-23 16:03:07','/titulo/historicoenvio/wsenviar/','HistoricoEnvio(idhistoricoenvio=4, idusuario=null, timestamp=null, accion=null, mensaje=null, lote=null, idestaustitulo=null, archivo=null, titulos=[])'),(54,'admin[ROLE_ADMIN, ROLE_USER]','2021-04-13 17:28:49','/titulo/historicoenvio/wsenviar/','HistoricoEnvio(idhistoricoenvio=1, idusuario=null, timestamp=null, accion=null, mensaje=null, lote=null, idestaustitulo=null, archivo=null, titulos=[])'),(55,'admin[ROLE_ADMIN, ROLE_USER]','2021-04-13 17:35:54','/titulo/historicoenvio/eliminar/','HistoricoEnvio(idhistoricoenvio=1, idusuario=null, timestamp=null, accion=null, mensaje=null, lote=null, idestaustitulo=null, archivo=null, titulos=[])'),(56,'admin[ROLE_ADMIN, ROLE_USER]','2021-04-13 17:35:59','/titulo/historicoenvio/eliminar/','HistoricoEnvio(idhistoricoenvio=1, idusuario=null, timestamp=null, accion=null, mensaje=null, lote=null, idestaustitulo=null, archivo=null, titulos=[])'),(57,'admin[ROLE_ADMIN, ROLE_USER]','2021-04-13 17:38:36','/titulo/guardar','Titulo(idtitulo=4, curp=PEGL800910MASRNN01, nombre=Linda, primerapellido=Peres, segundoapellido=Gaona, correoelectronico=lGaona@email.com, fechainicio=Mon Apr 26 19:00:00 CDT 2010, fechaterminacion=Sun Apr 21 19:00:00 CDT 2013, fechaexpedicion=Sun Apr 21 19:00:00 CDT 2013, fechaexamenprofesional=Sun Apr 21 19:00:00 CDT 2013, fechaexencionexamenprofecional=null, cumplioserviciosocial=1, institucionprocedencia=CIATEJ, fechainicio_procedencia=Wed Apr 02 18:00:00 CST 2008, fechaterminacion_procedencia=Sun Apr 04 19:00:00 CDT 2010, nocedula=sdfsg, lote=null, nombrexmlenvio=null, tituloxml=null, institucioncarrera=institucioncarrera(idinstitucioncarrera=3, institucion=institucion(institucion_id=140349, nombre_institucion=CENTRO DE INVESTIGACIÓN Y ASISTENCIA EN TECNOLOGÍA Y DISEÑO DEL ESTADO DE JALISCO, A.C., id_entidad_federativa=14), carrera=carrera(cve_carrera=644621, nombre_carrera=DOCTORADO EN CIENCIAS EN INNOVACIÓN BIOTECNOLÓGICA, nivel_educativo=DOCTORADO, rvoe_dgp=null, tipo_rvoe=null, id_entidad_federativa_rvoe=null, sostenimiento=FEDERAL)), modalidadtitulacion=ModalidadTitulacion(id_modalidad_titulacion=1, modalidad_titulacion=POR TESIS, tipo_de_modalidad=ACTA DE EXAMEN), fundamentoLegalServicioSocial=FundamentoLegalServicioSocial(id_fundamento_legal_servicio_social=1, fundamento_legal_servicio_social=ART. 52 LRART. 5 CONST), entidadFederativa=entidadFederativa(identidadfederativa=1, c_nom_ent=AGUASCALIENTES, c_entidad_abr=AGS  ), entidadFederativa_procedencia=entidadFederativa(identidadfederativa=1, c_nom_ent=AGUASCALIENTES, c_entidad_abr=AGS  ), autorizacionReconocimiento=AutorizacionReconocimiento(id_autorizacion_reconocimiento=9, autorizacion_reconocimiento=OTRO), tipostudioAntecedente=TipoEstudioAntecedente(id_tipo_estudio_antecedente=1, tipo_estudio_antecedente=MAESTRÍA, tipo_educativo_del_antecedente=EDUCACIÓN SUPERIOR), historicoenvio=null)'),(58,'admin[ROLE_ADMIN, ROLE_USER]','2021-04-13 17:38:47','/titulo/eliminar','Titulo(idtitulo=4, curp=null, nombre=null, primerapellido=null, segundoapellido=null, correoelectronico=null, fechainicio=null, fechaterminacion=null, fechaexpedicion=null, fechaexamenprofesional=null, fechaexencionexamenprofecional=null, cumplioserviciosocial=null, institucionprocedencia=null, fechainicio_procedencia=null, fechaterminacion_procedencia=null, nocedula=null, lote=null, nombrexmlenvio=null, tituloxml=null, institucioncarrera=null, modalidadtitulacion=null, fundamentoLegalServicioSocial=null, entidadFederativa=null, entidadFederativa_procedencia=null, autorizacionReconocimiento=null, tipostudioAntecedente=null, historicoenvio=null)'),(59,'admin[ROLE_ADMIN, ROLE_USER]','2021-04-13 17:42:20','/titulo/xml/','Titulo(idtitulo=2, curp=CACX7605101P8, nombre=Manuel, primerapellido=Lopez, segundoapellido=Pereira, correoelectronico=mlopez@saber.com, fechainicio=2017-12-31, fechaterminacion=2020-01-31, fechaexpedicion=2020-03-18, fechaexamenprofesional=2020-03-17, fechaexencionexamenprofecional=null, cumplioserviciosocial=1, institucionprocedencia=uteg, fechainicio_procedencia=2013-12-31, fechaterminacion_procedencia=2017-11-30, nocedula=sdfg4556, lote=null, nombrexmlenvio=411598CACX7605101P8.xml, tituloxml=null, institucioncarrera=institucioncarrera(idinstitucioncarrera=2, institucion=institucion(institucion_id=140349, nombre_institucion=CENTRO DE INVESTIGACIÓN Y ASISTENCIA EN TECNOLOGÍA Y DISEÑO DEL ESTADO DE JALISCO, A.C., id_entidad_federativa=14), carrera=carrera(cve_carrera=411598, nombre_carrera=MAESTRÍA EN INVESTIGACIÓN CLÍNICA, nivel_educativo=MAESTRÍA, rvoe_dgp=null, tipo_rvoe=null, id_entidad_federativa_rvoe=null, sostenimiento=FEDERAL)), modalidadtitulacion=ModalidadTitulacion(id_modalidad_titulacion=2, modalidad_titulacion=POR PROMEDIO, tipo_de_modalidad=CONSTANCIA DE EXENCIÓN), fundamentoLegalServicioSocial=FundamentoLegalServicioSocial(id_fundamento_legal_servicio_social=3, fundamento_legal_servicio_social=ART. 91 RLRART. 5 CONST), entidadFederativa=entidadFederativa(identidadfederativa=15, c_nom_ent=MÉXICO, c_entidad_abr=MEX  ), entidadFederativa_procedencia=entidadFederativa(identidadfederativa=15, c_nom_ent=MÉXICO, c_entidad_abr=MEX  ), autorizacionReconocimiento=AutorizacionReconocimiento(id_autorizacion_reconocimiento=3, autorizacion_reconocimiento=AUTORIZACIÓN FEDERAL), tipostudioAntecedente=TipoEstudioAntecedente(id_tipo_estudio_antecedente=2, tipo_estudio_antecedente=LICENCIATURA, tipo_educativo_del_antecedente=EDUCACIÓN SUPERIOR), historicoenvio=null)'),(60,'admin[ROLE_ADMIN, ROLE_USER]','2021-04-13 17:44:13','/titulo/historicoenvio/eliminar/','HistoricoEnvio(idhistoricoenvio=4, idusuario=null, timestamp=null, accion=null, mensaje=null, lote=null, idestaustitulo=null, archivo=null, titulos=[])'),(61,'admin[ROLE_ADMIN, ROLE_USER]','2021-04-13 17:44:14','/titulo/historicoenvio/eliminar/','HistoricoEnvio(idhistoricoenvio=3, idusuario=null, timestamp=null, accion=null, mensaje=null, lote=null, idestaustitulo=null, archivo=null, titulos=[])'),(62,'admin[ROLE_ADMIN, ROLE_USER]','2021-04-13 17:44:20','/titulo/historicoenvio/eliminaritem','HistoricoEnvio(idhistoricoenvio=3, idusuario=null, timestamp=null, accion=null, mensaje=null, lote=null, idestaustitulo=null, archivo=null, titulos=[])'),(63,'admin[ROLE_ADMIN, ROLE_USER]','2021-04-13 17:44:26','/titulo/historicoenvio/eliminar/','HistoricoEnvio(idhistoricoenvio=3, idusuario=null, timestamp=null, accion=null, mensaje=null, lote=null, idestaustitulo=null, archivo=null, titulos=[])'),(64,'admin[ROLE_ADMIN, ROLE_USER]','2021-04-13 17:44:32','/titulo/historicoenvio/eliminar/','HistoricoEnvio(idhistoricoenvio=1, idusuario=null, timestamp=null, accion=null, mensaje=null, lote=null, idestaustitulo=null, archivo=null, titulos=[])'),(65,'admin[ROLE_ADMIN, ROLE_USER]','2021-04-13 17:46:55','/titulo/historicoenvio/guardar','HistoricoEnvio(idhistoricoenvio=null, idusuario=null, timestamp=null, accion=null, mensaje=null, lote=null, idestaustitulo=null, archivo=null, titulos=[])'),(66,'admin[ROLE_ADMIN, ROLE_USER]','2021-04-13 17:47:03','/titulo/historicoenvio/guardaritem','HistoricoEnvio(idhistoricoenvio=11, idusuario=null, timestamp=null, accion=null, mensaje=null, lote=null, idestaustitulo=null, archivo=null, titulos=[])'),(67,'admin[ROLE_ADMIN, ROLE_USER]','2021-04-13 17:47:54','/titulo/historicoenvio/guardaritem','HistoricoEnvio(idhistoricoenvio=11, idusuario=null, timestamp=null, accion=null, mensaje=null, lote=null, idestaustitulo=null, archivo=null, titulos=[])'),(68,'admin[ROLE_ADMIN, ROLE_USER]','2021-04-13 17:48:23','/titulo/historicoenvio/wsenviar/','HistoricoEnvio(idhistoricoenvio=11, idusuario=null, timestamp=null, accion=null, mensaje=null, lote=null, idestaustitulo=null, archivo=null, titulos=[])'),(69,'admin[ROLE_ADMIN, ROLE_USER]','2021-04-13 17:50:30','/titulo/historicoenvio/wsenviar/','HistoricoEnvio(idhistoricoenvio=11, idusuario=null, timestamp=null, accion=null, mensaje=null, lote=null, idestaustitulo=null, archivo=null, titulos=[])'),(70,'admin[ROLE_ADMIN, ROLE_USER]','2021-04-13 17:55:35','/titulo/historicoenvio/wsenviar/','HistoricoEnvio(idhistoricoenvio=11, idusuario=null, timestamp=null, accion=null, mensaje=null, lote=null, idestaustitulo=null, archivo=null, titulos=[])'),(71,'admin[ROLE_ADMIN, ROLE_USER]','2021-04-13 18:02:15','/titulo/historicoenvio/wsenviar/','HistoricoEnvio(idhistoricoenvio=11, idusuario=null, timestamp=null, accion=null, mensaje=null, lote=null, idestaustitulo=null, archivo=null, titulos=[])'),(72,'admin[ROLE_ADMIN, ROLE_USER]','2021-04-13 18:03:16','/titulo/historicoenvio/wsenviar/','HistoricoEnvio(idhistoricoenvio=11, idusuario=null, timestamp=null, accion=null, mensaje=null, lote=null, idestaustitulo=null, archivo=null, titulos=[])'),(73,'admin[ROLE_ADMIN, ROLE_USER]','2021-04-13 18:04:58','/titulo/historicoenvio/wsenviar/','HistoricoEnvio(idhistoricoenvio=11, idusuario=null, timestamp=null, accion=null, mensaje=null, lote=null, idestaustitulo=null, archivo=null, titulos=[])'),(74,'admin[ROLE_ADMIN, ROLE_USER]','2021-04-13 18:15:45','/titulo/historicoenvio/wsenviar/','HistoricoEnvio(idhistoricoenvio=11, idusuario=null, timestamp=null, accion=null, mensaje=null, lote=null, idestaustitulo=null, archivo=null, titulos=[])'),(75,'admin[ROLE_ADMIN, ROLE_USER]','2021-04-13 18:17:46','/titulo/historicoenvio/wsenviar/','HistoricoEnvio(idhistoricoenvio=11, idusuario=null, timestamp=null, accion=null, mensaje=null, lote=null, idestaustitulo=null, archivo=null, titulos=[])'),(76,'admin[ROLE_ADMIN, ROLE_USER]','2021-04-13 18:22:33','/titulo/historicoenvio/wsconsulta/','HistoricoEnvio(idhistoricoenvio=11, idusuario=null, timestamp=null, accion=null, mensaje=null, lote=null, idestaustitulo=null, archivo=null, titulos=[])'),(77,'admin[ROLE_ADMIN, ROLE_USER]','2021-04-13 18:22:51','/titulo/historicoenvio/wsconsulta/','HistoricoEnvio(idhistoricoenvio=11, idusuario=null, timestamp=null, accion=null, mensaje=null, lote=null, idestaustitulo=null, archivo=null, titulos=[])'),(78,'admin[ROLE_ADMIN, ROLE_USER]','2021-04-13 18:23:27','/titulo/historicoenvio/wsconsulta/','HistoricoEnvio(idhistoricoenvio=11, idusuario=null, timestamp=null, accion=null, mensaje=null, lote=null, idestaustitulo=null, archivo=null, titulos=[])'),(79,'admin[ROLE_ADMIN, ROLE_USER]','2021-04-13 19:03:43','/titulo/historicoenvio/wsrecibe/','HistoricoEnvio(idhistoricoenvio=11, idusuario=null, timestamp=null, accion=null, mensaje=null, lote=null, idestaustitulo=null, archivo=null, titulos=[])'),(80,'admin[ROLE_ADMIN, ROLE_USER]','2021-04-13 19:04:30','/titulo/historicoenvio/wsrecibe/','HistoricoEnvio(idhistoricoenvio=11, idusuario=null, timestamp=null, accion=null, mensaje=null, lote=null, idestaustitulo=null, archivo=null, titulos=[])'),(81,'admin[ROLE_ADMIN, ROLE_USER]','2021-04-13 19:11:10','/titulo/historicoenvio/eliminar/','HistoricoEnvio(idhistoricoenvio=1, idusuario=null, timestamp=null, accion=null, mensaje=null, lote=null, idestaustitulo=null, archivo=null, titulos=[])'),(82,'admin[ROLE_ADMIN, ROLE_USER]','2021-04-22 16:07:28','/titulo/guardar','Titulo(idtitulo=null, curp=ROCC790203HJCJNR03, nombre=Carlos, primerapellido=Rojo, segundoapellido=Cano, correoelectronico=charlydime@gmail.com, fechainicio=Sun Dec 31 18:00:00 CST 2017, fechaterminacion=Tue Dec 31 18:00:00 CST 2019, fechaexpedicion=Thu Dec 31 18:00:00 CST 2020, fechaexamenprofesional=Thu Dec 31 18:00:00 CST 2020, fechaexencionexamenprofecional=null, cumplioserviciosocial=0, institucionprocedencia=U de G, fechainicio_procedencia=Fri Dec 31 18:00:00 CST 1999, fechaterminacion_procedencia=Wed Dec 31 18:00:00 CST 2003, nocedula=0879087, lote=null, nombrexmlenvio=null, tituloxml=null, institucioncarrera=institucioncarrera(idinstitucioncarrera=4, institucion=institucion(institucion_id=140349, nombre_institucion=CENTRO DE INVESTIGACIÓN Y ASISTENCIA EN TECNOLOGÍA Y DISEÑO DEL ESTADO DE JALISCO, A.C., id_entidad_federativa=14), carrera=carrera(cve_carrera=128528, nombre_carrera=MAESTRÍA EN CIENCIAS EN INNOVACIÓN BIOTECNOLÓGICA, nivel_educativo=MAESTRÍA, rvoe_dgp=null, tipo_rvoe=null, id_entidad_federativa_rvoe=null, sostenimiento=FEDERAL)), modalidadtitulacion=ModalidadTitulacion(id_modalidad_titulacion=1, modalidad_titulacion=POR TESIS, tipo_de_modalidad=ACTA DE EXAMEN), fundamentoLegalServicioSocial=FundamentoLegalServicioSocial(id_fundamento_legal_servicio_social=5, fundamento_legal_servicio_social=NO APLICA), entidadFederativa=entidadFederativa(identidadfederativa=14, c_nom_ent=JALISCO, c_entidad_abr=JAL  ), entidadFederativa_procedencia=entidadFederativa(identidadfederativa=14, c_nom_ent=JALISCO, c_entidad_abr=JAL  ), autorizacionReconocimiento=AutorizacionReconocimiento(id_autorizacion_reconocimiento=2, autorizacion_reconocimiento=RVOE ESTATAL), tipostudioAntecedente=TipoEstudioAntecedente(id_tipo_estudio_antecedente=2, tipo_estudio_antecedente=LICENCIATURA, tipo_educativo_del_antecedente=EDUCACIÓN SUPERIOR), historicoenvio=null)'),(83,'admin[ROLE_ADMIN, ROLE_USER]','2021-04-22 17:06:29','/catalogo/responsable/eliminar','Responsable(idresponsable=3, nombre=null, primerapellido=null, segundoapellido=null, curp=null, abrtitulo=null, certificadoresponsable=null, llaveesponsable=null, numerocertificado=null, pwdkey=null, cargo=null)'),(84,'admin[ROLE_ADMIN, ROLE_USER]','2021-04-22 17:06:30','/catalogo/responsable/eliminar','Responsable(idresponsable=2, nombre=null, primerapellido=null, segundoapellido=null, curp=null, abrtitulo=null, certificadoresponsable=null, llaveesponsable=null, numerocertificado=null, pwdkey=null, cargo=null)'),(85,'admin[ROLE_ADMIN, ROLE_USER]','2021-04-22 17:06:39','/titulo/xml/','Titulo(idtitulo=6, curp=ROCC790203HJCJNR03, nombre=Carlos, primerapellido=Rojo, segundoapellido=Cano, correoelectronico=charlydime@gmail.com, fechainicio=2017-12-31, fechaterminacion=2019-12-31, fechaexpedicion=2020-12-31, fechaexamenprofesional=2020-12-31, fechaexencionexamenprofecional=null, cumplioserviciosocial=0, institucionprocedencia=U de G, fechainicio_procedencia=1999-12-31, fechaterminacion_procedencia=2003-12-31, nocedula=0879087, lote=null, nombrexmlenvio=128528ROCC790203HJCJNR03.xml, tituloxml=null, institucioncarrera=institucioncarrera(idinstitucioncarrera=4, institucion=institucion(institucion_id=140349, nombre_institucion=CENTRO DE INVESTIGACIÓN Y ASISTENCIA EN TECNOLOGÍA Y DISEÑO DEL ESTADO DE JALISCO, A.C., id_entidad_federativa=14), carrera=carrera(cve_carrera=128528, nombre_carrera=MAESTRÍA EN CIENCIAS EN INNOVACIÓN BIOTECNOLÓGICA, nivel_educativo=MAESTRÍA, rvoe_dgp=null, tipo_rvoe=null, id_entidad_federativa_rvoe=null, sostenimiento=FEDERAL)), modalidadtitulacion=ModalidadTitulacion(id_modalidad_titulacion=1, modalidad_titulacion=POR TESIS, tipo_de_modalidad=ACTA DE EXAMEN), fundamentoLegalServicioSocial=FundamentoLegalServicioSocial(id_fundamento_legal_servicio_social=5, fundamento_legal_servicio_social=NO APLICA), entidadFederativa=entidadFederativa(identidadfederativa=14, c_nom_ent=JALISCO, c_entidad_abr=JAL  ), entidadFederativa_procedencia=entidadFederativa(identidadfederativa=14, c_nom_ent=JALISCO, c_entidad_abr=JAL  ), autorizacionReconocimiento=AutorizacionReconocimiento(id_autorizacion_reconocimiento=2, autorizacion_reconocimiento=RVOE ESTATAL), tipostudioAntecedente=TipoEstudioAntecedente(id_tipo_estudio_antecedente=2, tipo_estudio_antecedente=LICENCIATURA, tipo_educativo_del_antecedente=EDUCACIÓN SUPERIOR), historicoenvio=null)'),(86,'admin[ROLE_ADMIN, ROLE_USER]','2021-04-22 17:43:44','/catalogo/responsable/guardar','Responsable(idresponsable=null, nombre=Carlos, primerapellido=Rojo, segundoapellido=Cano, curp=ROCC790203HJCJNR03, abrtitulo=Dr, certificadoresponsable=null, llaveesponsable=null, numerocertificado=null, pwdkey=null, cargo=Cargo(id_cargo=1, cargo_firmante=DIRECTOR))'),(87,'admin[ROLE_ADMIN, ROLE_USER]','2021-04-22 18:00:36','/upload/cert/resp/','Responsable(idresponsable=4, nombre=null, primerapellido=null, segundoapellido=null, curp=null, abrtitulo=null, certificadoresponsable=null, llaveesponsable=null, numerocertificado=null, pwdkey=null, cargo=null)'),(88,'admin[ROLE_ADMIN, ROLE_USER]','2021-04-22 18:00:47','/upload/cert/resp/','Responsable(idresponsable=4, nombre=null, primerapellido=null, segundoapellido=null, curp=null, abrtitulo=null, certificadoresponsable=null, llaveesponsable=null, numerocertificado=null, pwdkey=null, cargo=null)'),(89,'admin[ROLE_ADMIN, ROLE_USER]','2021-04-22 18:01:14','/catalogo/responsable/guardar','Responsable(idresponsable=4, nombre=Carlos, primerapellido=Rojo, segundoapellido=Cano, curp=ROCC790203HJCJNR03, abrtitulo=Dr, certificadoresponsable=cacx7605101p8.cer, llaveesponsable=Claveprivada_FIEL_CACX7605101P8_20190528_152826.key, numerocertificado=000100000040000200, pwdkey=12345678, cargo=Cargo(id_cargo=1, cargo_firmante=DIRECTOR))'),(90,'admin[ROLE_ADMIN, ROLE_USER]','2021-04-22 18:01:26','/titulo/xml/','Titulo(idtitulo=6, curp=ROCC790203HJCJNR03, nombre=Carlos, primerapellido=Rojo, segundoapellido=Cano, correoelectronico=charlydime@gmail.com, fechainicio=2017-12-31, fechaterminacion=2019-12-31, fechaexpedicion=2020-12-31, fechaexamenprofesional=2020-12-31, fechaexencionexamenprofecional=null, cumplioserviciosocial=0, institucionprocedencia=U de G, fechainicio_procedencia=1999-12-31, fechaterminacion_procedencia=2003-12-31, nocedula=0879087, lote=null, nombrexmlenvio=128528ROCC790203HJCJNR03.xml, tituloxml=null, institucioncarrera=institucioncarrera(idinstitucioncarrera=4, institucion=institucion(institucion_id=140349, nombre_institucion=CENTRO DE INVESTIGACIÓN Y ASISTENCIA EN TECNOLOGÍA Y DISEÑO DEL ESTADO DE JALISCO, A.C., id_entidad_federativa=14), carrera=carrera(cve_carrera=128528, nombre_carrera=MAESTRÍA EN CIENCIAS EN INNOVACIÓN BIOTECNOLÓGICA, nivel_educativo=MAESTRÍA, rvoe_dgp=null, tipo_rvoe=null, id_entidad_federativa_rvoe=null, sostenimiento=FEDERAL)), modalidadtitulacion=ModalidadTitulacion(id_modalidad_titulacion=1, modalidad_titulacion=POR TESIS, tipo_de_modalidad=ACTA DE EXAMEN), fundamentoLegalServicioSocial=FundamentoLegalServicioSocial(id_fundamento_legal_servicio_social=5, fundamento_legal_servicio_social=NO APLICA), entidadFederativa=entidadFederativa(identidadfederativa=14, c_nom_ent=JALISCO, c_entidad_abr=JAL  ), entidadFederativa_procedencia=entidadFederativa(identidadfederativa=14, c_nom_ent=JALISCO, c_entidad_abr=JAL  ), autorizacionReconocimiento=AutorizacionReconocimiento(id_autorizacion_reconocimiento=2, autorizacion_reconocimiento=RVOE ESTATAL), tipostudioAntecedente=TipoEstudioAntecedente(id_tipo_estudio_antecedente=2, tipo_estudio_antecedente=LICENCIATURA, tipo_educativo_del_antecedente=EDUCACIÓN SUPERIOR), historicoenvio=null)'),(91,'admin[ROLE_ADMIN, ROLE_USER]','2021-04-22 18:02:13','/catalogo/responsable/guardar','Responsable(idresponsable=4, nombre=Carlos, primerapellido=Rojo, segundoapellido=Cano, curp=ROCC790203HJCJNR03, abrtitulo=Dr, certificadoresponsable=cacx7605101p8.cer, llaveesponsable=Claveprivada_FIEL_CACX7605101P8_20190528_152826.key, numerocertificado=000100000040000200, pwdkey=12345678a, cargo=Cargo(id_cargo=1, cargo_firmante=DIRECTOR))'),(92,'admin[ROLE_ADMIN, ROLE_USER]','2021-04-22 18:03:45','/titulo/historicoenvio/wsenviar/','HistoricoEnvio(idhistoricoenvio=11, idusuario=null, timestamp=null, accion=null, mensaje=null, lote=null, idestaustitulo=null, archivo=null, titulos=[])'),(93,'admin[ROLE_ADMIN, ROLE_USER]','2021-04-22 18:04:56','/titulo/historicoenvio/wsenviar/','HistoricoEnvio(idhistoricoenvio=11, idusuario=null, timestamp=null, accion=null, mensaje=null, lote=null, idestaustitulo=null, archivo=null, titulos=[])'),(94,'admin[ROLE_ADMIN, ROLE_USER]','2021-04-22 18:12:32','/titulo/historicoenvio/guardar','HistoricoEnvio(idhistoricoenvio=null, idusuario=null, timestamp=null, accion=null, mensaje=null, lote=null, idestaustitulo=null, archivo=null, titulos=[])'),(95,'admin[ROLE_ADMIN, ROLE_USER]','2021-04-22 18:12:37','/titulo/historicoenvio/guardaritem','HistoricoEnvio(idhistoricoenvio=12, idusuario=null, timestamp=null, accion=null, mensaje=null, lote=null, idestaustitulo=null, archivo=null, titulos=[])'),(96,'admin[ROLE_ADMIN, ROLE_USER]','2021-04-22 18:13:17','/titulo/historicoenvio/wsenviar/','HistoricoEnvio(idhistoricoenvio=12, idusuario=null, timestamp=null, accion=null, mensaje=null, lote=null, idestaustitulo=null, archivo=null, titulos=[])'),(97,'admin[ROLE_ADMIN, ROLE_USER]','2021-04-22 18:13:17','/titulo/historicoenvio/wsenviar/','HistoricoEnvio(idhistoricoenvio=12, idusuario=null, timestamp=null, accion=null, mensaje=null, lote=null, idestaustitulo=null, archivo=null, titulos=[])'),(98,'admin[ROLE_ADMIN, ROLE_USER]','2021-04-22 18:13:43','/titulo/historicoenvio/eliminar/','HistoricoEnvio(idhistoricoenvio=12, idusuario=null, timestamp=null, accion=null, mensaje=null, lote=null, idestaustitulo=null, archivo=null, titulos=[])'),(99,'admin[ROLE_ADMIN, ROLE_USER]','2021-04-22 18:13:50','/titulo/historicoenvio/eliminaritem','HistoricoEnvio(idhistoricoenvio=12, idusuario=null, timestamp=null, accion=null, mensaje=null, lote=null, idestaustitulo=null, archivo=null, titulos=[])'),(100,'admin[ROLE_ADMIN, ROLE_USER]','2021-04-22 18:13:55','/titulo/historicoenvio/eliminar/','HistoricoEnvio(idhistoricoenvio=12, idusuario=null, timestamp=null, accion=null, mensaje=null, lote=null, idestaustitulo=null, archivo=null, titulos=[])'),(101,'admin[ROLE_ADMIN, ROLE_USER]','2021-04-22 18:14:00','/titulo/eliminar','Titulo(idtitulo=6, curp=null, nombre=null, primerapellido=null, segundoapellido=null, correoelectronico=null, fechainicio=null, fechaterminacion=null, fechaexpedicion=null, fechaexamenprofesional=null, fechaexencionexamenprofecional=null, cumplioserviciosocial=null, institucionprocedencia=null, fechainicio_procedencia=null, fechaterminacion_procedencia=null, nocedula=null, lote=null, nombrexmlenvio=null, tituloxml=null, institucioncarrera=null, modalidadtitulacion=null, fundamentoLegalServicioSocial=null, entidadFederativa=null, entidadFederativa_procedencia=null, autorizacionReconocimiento=null, tipostudioAntecedente=null, historicoenvio=null)'),(102,'admin[ROLE_ADMIN, ROLE_USER]','2021-04-22 18:17:53','/titulo/guardar','Titulo(idtitulo=null, curp=ROMC131201HJCJXRA7, nombre=Rocio , primerapellido=Muñoz, segundoapellido=Patiño, correoelectronico=rocio81@hotmail.com, fechainicio=Tue Dec 31 18:00:00 CST 2002, fechaterminacion=Wed Dec 31 18:00:00 CST 2003, fechaexpedicion=Sat Dec 31 18:00:00 CST 2011, fechaexamenprofesional=Mon Dec 31 18:00:00 CST 2012, fechaexencionexamenprofecional=null, cumplioserviciosocial=0, institucionprocedencia=U de G, fechainicio_procedencia=Thu Dec 31 18:00:00 CST 1998, fechaterminacion_procedencia=Sun Dec 31 18:00:00 CST 2000, nocedula=219873, lote=null, nombrexmlenvio=null, tituloxml=null, institucioncarrera=institucioncarrera(idinstitucioncarrera=1, institucion=institucion(institucion_id=140349, nombre_institucion=CENTRO DE INVESTIGACIÓN Y ASISTENCIA EN TECNOLOGÍA Y DISEÑO DEL ESTADO DE JALISCO, A.C., id_entidad_federativa=14), carrera=carrera(cve_carrera=320577, nombre_carrera=MAESTRÍA EN CIENCIAS DE LA FLORICULTURA, nivel_educativo=MAESTRÍA, rvoe_dgp=null, tipo_rvoe=null, id_entidad_federativa_rvoe=null, sostenimiento=FEDERAL)), modalidadtitulacion=ModalidadTitulacion(id_modalidad_titulacion=1, modalidad_titulacion=POR TESIS, tipo_de_modalidad=ACTA DE EXAMEN), fundamentoLegalServicioSocial=FundamentoLegalServicioSocial(id_fundamento_legal_servicio_social=5, fundamento_legal_servicio_social=NO APLICA), entidadFederativa=entidadFederativa(identidadfederativa=14, c_nom_ent=JALISCO, c_entidad_abr=JAL  ), entidadFederativa_procedencia=entidadFederativa(identidadfederativa=1, c_nom_ent=AGUASCALIENTES, c_entidad_abr=AGS  ), autorizacionReconocimiento=AutorizacionReconocimiento(id_autorizacion_reconocimiento=2, autorizacion_reconocimiento=RVOE ESTATAL), tipostudioAntecedente=TipoEstudioAntecedente(id_tipo_estudio_antecedente=2, tipo_estudio_antecedente=LICENCIATURA, tipo_educativo_del_antecedente=EDUCACIÓN SUPERIOR), historicoenvio=null)'),(103,'admin[ROLE_ADMIN, ROLE_USER]','2021-04-22 18:17:57','sellodetitilo7','lmE65ilbwbEr6rIGV6RAwtYdDkFCoWIwlCFi0pyDyXVr7YUdhjuGAMKSbAy/mijQcaWU4iEkLSBYacBAhPcALHyCDvM6fNFWhwp0zcU2FOXTq5zFtym9+g2WcK8+zt3SQ7Y7ksOcjaETTj9aPtQnzAg8T1X5sLRK2V7jno0tp0p7FfR4wbqImLlsBVKsjWqEvgh5oYsP1Sn6BsGtvEafRKlsJB1/qZ7d0nMy7BwAN6sfk5tQfs5LRz31i4OeuT9SRdxmJ1rc1/mHCmGE8hoqWfPp869aLYQmDgDjF+DinDaMsyqt7anqBl22j9mbrTjqD0U6jVtUyBWrClnhreOeXQ=='),(104,'admin[ROLE_ADMIN, ROLE_USER]','2021-04-22 18:17:57','/titulo/xml/','Titulo(idtitulo=7, curp=ROMC131201HJCJXRA7, nombre=Rocio , primerapellido=Muñoz, segundoapellido=Patiño, correoelectronico=rocio81@hotmail.com, fechainicio=2002-12-31, fechaterminacion=2003-12-31, fechaexpedicion=2011-12-31, fechaexamenprofesional=2012-12-31, fechaexencionexamenprofecional=null, cumplioserviciosocial=0, institucionprocedencia=U de G, fechainicio_procedencia=1998-12-31, fechaterminacion_procedencia=2000-12-31, nocedula=219873, lote=null, nombrexmlenvio=320577ROMC131201HJCJXRA7.xml, tituloxml=null, institucioncarrera=institucioncarrera(idinstitucioncarrera=1, institucion=institucion(institucion_id=140349, nombre_institucion=CENTRO DE INVESTIGACIÓN Y ASISTENCIA EN TECNOLOGÍA Y DISEÑO DEL ESTADO DE JALISCO, A.C., id_entidad_federativa=14), carrera=carrera(cve_carrera=320577, nombre_carrera=MAESTRÍA EN CIENCIAS DE LA FLORICULTURA, nivel_educativo=MAESTRÍA, rvoe_dgp=null, tipo_rvoe=null, id_entidad_federativa_rvoe=null, sostenimiento=FEDERAL)), modalidadtitulacion=ModalidadTitulacion(id_modalidad_titulacion=1, modalidad_titulacion=POR TESIS, tipo_de_modalidad=ACTA DE EXAMEN), fundamentoLegalServicioSocial=FundamentoLegalServicioSocial(id_fundamento_legal_servicio_social=5, fundamento_legal_servicio_social=NO APLICA), entidadFederativa=entidadFederativa(identidadfederativa=14, c_nom_ent=JALISCO, c_entidad_abr=JAL  ), entidadFederativa_procedencia=entidadFederativa(identidadfederativa=1, c_nom_ent=AGUASCALIENTES, c_entidad_abr=AGS  ), autorizacionReconocimiento=AutorizacionReconocimiento(id_autorizacion_reconocimiento=2, autorizacion_reconocimiento=RVOE ESTATAL), tipostudioAntecedente=TipoEstudioAntecedente(id_tipo_estudio_antecedente=2, tipo_estudio_antecedente=LICENCIATURA, tipo_educativo_del_antecedente=EDUCACIÓN SUPERIOR), historicoenvio=null)'),(105,'admin[ROLE_ADMIN, ROLE_USER]','2021-04-22 18:18:08','/titulo/historicoenvio/guardar','HistoricoEnvio(idhistoricoenvio=null, idusuario=null, timestamp=null, accion=null, mensaje=null, lote=null, idestaustitulo=null, archivo=null, titulos=[])'),(106,'admin[ROLE_ADMIN, ROLE_USER]','2021-04-22 18:18:14','/titulo/historicoenvio/guardaritem','HistoricoEnvio(idhistoricoenvio=13, idusuario=null, timestamp=null, accion=null, mensaje=null, lote=null, idestaustitulo=null, archivo=null, titulos=[])'),(107,'admin[ROLE_ADMIN, ROLE_USER]','2021-04-22 18:18:36','/titulo/historicoenvio/wsenviar/','HistoricoEnvio(idhistoricoenvio=13, idusuario=null, timestamp=null, accion=null, mensaje=null, lote=null, idestaustitulo=null, archivo=null, titulos=[])'),(108,'admin[ROLE_ADMIN, ROLE_USER]','2021-04-22 18:18:36','/titulo/historicoenvio/wsenviar/','HistoricoEnvio(idhistoricoenvio=13, idusuario=null, timestamp=null, accion=null, mensaje=null, lote=null, idestaustitulo=null, archivo=null, titulos=[])'),(109,'admin[ROLE_ADMIN, ROLE_USER]','2021-04-22 18:18:52','/titulo/historicoenvio/wsconsulta/','HistoricoEnvio(idhistoricoenvio=13, idusuario=null, timestamp=null, accion=null, mensaje=null, lote=null, idestaustitulo=null, archivo=null, titulos=[])'),(110,'admin[ROLE_ADMIN, ROLE_USER]','2021-04-22 18:18:52','/titulo/historicoenvio/wsconsulta/','HistoricoEnvio(idhistoricoenvio=13, idusuario=null, timestamp=null, accion=null, mensaje=null, lote=null, idestaustitulo=null, archivo=null, titulos=[])'),(111,'admin[ROLE_ADMIN, ROLE_USER]','2021-04-22 18:19:06','/titulo/historicoenvio/wsrecibe/','HistoricoEnvio(idhistoricoenvio=13, idusuario=null, timestamp=null, accion=null, mensaje=null, lote=null, idestaustitulo=null, archivo=null, titulos=[])'),(112,'admin[ROLE_ADMIN, ROLE_USER]','2021-04-22 18:19:06','/titulo/historicoenvio/wsrecibe/','HistoricoEnvio(idhistoricoenvio=13, idusuario=null, timestamp=null, accion=null, mensaje=null, lote=null, idestaustitulo=null, archivo=null, titulos=[])'),(113,'admin[ROLE_ADMIN, ROLE_USER]','2021-04-26 17:46:02','/catalogo/roles/guardar/','Roles(id=null, nombre=ROLE_SIGN, idusuario=1)'),(114,'admin[ROLE_ADMIN, ROLE_USER]','2021-04-26 17:48:13','/catalogo/usuario/guardar','Usuario(idusuario=null, nombre=Dr Nahomi, nomina=001, user=emarion, password=$2a$10$0Iy/VDeYkUW8.EydAFLu6OTnve1KdKs9.OAbWTS8V4O2lEXGsnOkS, correo=emariono@ciatej.mx, activo=null)'),(115,'admin[ROLE_ADMIN, ROLE_USER]','2021-04-26 17:49:02','/catalogo/usuario/guardar','Usuario(idusuario=null, nombre=Dr Eugenia, nomina=002, user=elugo, password=$2a$10$hgrurksGuVqwr0GQ6YbcNeERrXhxf3m75JpHMllihsyzr0pUV9Qda, correo=, activo=null)'),(116,'admin[ROLE_ADMIN, ROLE_USER]','2021-04-26 17:50:15','/catalogo/usuario/guardar','Usuario(idusuario=null, nombre=Mtra Fatima, nomina=003, user=fordonez, password=$2a$10$EHcJcIr684SN4HAMsv78gOj8M1kysXOd7xsnUrNn8hxEC3z69pj5y, correo=, activo=null)'),(117,'admin[ROLE_ADMIN, ROLE_USER]','2021-04-26 17:50:25','/catalogo/roles/guardar/','Roles(id=null, nombre=ROLE_SIGN, idusuario=3)'),(118,'admin[ROLE_ADMIN, ROLE_USER]','2021-04-26 17:50:45','/catalogo/roles/guardar/','Roles(id=null, nombre=ROLE_SIGN, idusuario=4)'),(119,'admin[ROLE_ADMIN, ROLE_USER]','2021-04-26 17:50:54','/catalogo/roles/guardar/','Roles(id=null, nombre=ROLE_SIGN, idusuario=5)'),(120,'admin[ROLE_ADMIN, ROLE_USER]','2021-04-26 17:51:46','/catalogo/usuario/guardar','Usuario(idusuario=3, nombre=Dr Nahomi, nomina=001, user=emarion, password=$2a$10$78zhtch3IQdNukHFm6j7SOkklO9JxoVClmvZZgzDgL1zchWTkN0kC, correo=emariono@ciatej.mx, activo=null)'),(121,'admin[ROLE_ADMIN, ROLE_USER]','2021-04-26 17:51:59','/catalogo/usuario/guardar','Usuario(idusuario=4, nombre=Dr Eugenia, nomina=002, user=elugo, password=$2a$10$NnPyobK3zbSA3ZXzAHaNtOuqA/VNuXxPMog3suHdE4hnGXwojRIcq, correo=, activo=null)'),(122,'admin[ROLE_ADMIN, ROLE_USER]','2021-04-26 17:52:08','/catalogo/usuario/guardar','Usuario(idusuario=5, nombre=Mtra Fatima, nomina=003, user=fordonez, password=$2a$10$BS0k0L.G6FTdzs/SJFFGwO0CsFSfsiVzwjuYHROEV7HmaeVJPQCWO, correo=, activo=null)'),(123,'admin[ROLE_ADMIN, ROLE_USER]','2021-04-26 17:55:52','/catalogo/roles/guardar/','Roles(id=null, nombre=ROLE_USER, idusuario=3)'),(124,'admin[ROLE_ADMIN, ROLE_USER]','2021-04-26 17:56:15','/catalogo/roles/guardar/','Roles(id=null, nombre=ROLE_USER, idusuario=4)'),(125,'admin[ROLE_ADMIN, ROLE_USER]','2021-04-26 17:56:23','/catalogo/roles/guardar/','Roles(id=null, nombre=ROLE_USER, idusuario=5)'),(126,'admin[ROLE_ADMIN, ROLE_USER]','2021-04-28 21:09:44','sellodetitilo9','dWVLbtbSH3bZgI2Kwv91FrPpluHtK8SUJDd7Lgc8T2S0Ub19cVqoYR/97+RyXv2iTPleJ6XBOlEpWmMtmbKjXPkZdjBqnvBNVMnoIXcrZnBHInXwWawxxJyJ7uDFuWpf8i/RoEXF4rx7AqrHFXLh9AjAItrqzmUwNvD1JdFc/DlzSieIIZWcLNzuxr/LXxssIHBClR4uoMTRZbCKg18q9dXx0WBuwuZaOPbcspurD2y1wWAfD7CihDt39gRtqhqJkgMuvJp73gdia//eomCtIRkeJ5Tb9ZzgrJW+1CiG6fOGT38Dab305Fgzg0JSmFZIrDdpHwifCEFqQy4FkA4uLQ=='),(127,'admin[ROLE_ADMIN, ROLE_USER]','2021-04-28 21:09:44','cadenaOriginaltitulo9','||1.0|411598SOSJ861129HDFTSN08|ROCC790203HJCJNR03|1|DIRECTOR|DR|140349|CENTRO DE INVESTIGACION Y ASISTENCIA EN TECNOLOGIA Y DISENO DEL ESTADO DE JALISCO, A.C.|411598|MAESTRIA EN INVESTIGACION CLINICA|2015-01-31|2016-12-31|9|OTRO|SOSJ861129HDFTSN08|JUAN CARLOS| SOTO |SOSA|juancarlin_01@yahoo.com|2017-11-26|1|POR TESIS|2017-12-26|2021-04-28|0|5|NO APLICA|14|JALISCO|Universidad Nacional Autónoma de México |2|LICENCIATURA|9|CIUDAD DE MÉXICO|2005-12-31|2009-12-31|7626450|||'),(128,'admin[ROLE_ADMIN, ROLE_USER]','2021-04-28 21:09:44','/titulo/xml/','Titulo(idtitulo=9, curp=SOSJ861129HDFTSN08, nombre=Juan Carlos, primerapellido= Soto , segundoapellido=Sosa, correoelectronico=juancarlin_01@yahoo.com, fechainicio=2015-01-31, fechaterminacion=2016-12-31, fechaexpedicion=2017-11-26, fechaexamenprofesional=2017-12-26, fechaexencionexamenprofecional=null, cumplioserviciosocial=0, institucionprocedencia=Universidad Nacional Autónoma de México , fechainicio_procedencia=2005-12-31, fechaterminacion_procedencia=2009-12-31, nocedula=7626450, lote=null, nombrexmlenvio=411598SOSJ861129HDFTSN08.xml, tituloxml=, institucioncarrera=institucioncarrera(idinstitucioncarrera=2, institucion=institucion(institucion_id=140349, nombre_institucion=CENTRO DE INVESTIGACIÓN Y ASISTENCIA EN TECNOLOGÍA Y DISEÑO DEL ESTADO DE JALISCO, A.C., id_entidad_federativa=14), carrera=carrera(cve_carrera=411598, nombre_carrera=MAESTRÍA EN INVESTIGACIÓN CLÍNICA, nivel_educativo=MAESTRÍA, rvoe_dgp=null, tipo_rvoe=null, id_entidad_federativa_rvoe=null, sostenimiento=FEDERAL)), modalidadtitulacion=ModalidadTitulacion(id_modalidad_titulacion=1, modalidad_titulacion=POR TESIS, tipo_de_modalidad=ACTA DE EXAMEN), fundamentoLegalServicioSocial=FundamentoLegalServicioSocial(id_fundamento_legal_servicio_social=5, fundamento_legal_servicio_social=NO APLICA), entidadFederativa=entidadFederativa(identidadfederativa=14, c_nom_ent=JALISCO, c_entidad_abr=JAL  ), entidadFederativa_procedencia=entidadFederativa(identidadfederativa=9, c_nom_ent=CIUDAD DE MÉXICO, c_entidad_abr=CDMX ), autorizacionReconocimiento=AutorizacionReconocimiento(id_autorizacion_reconocimiento=9, autorizacion_reconocimiento=OTRO), tipostudioAntecedente=TipoEstudioAntecedente(id_tipo_estudio_antecedente=2, tipo_estudio_antecedente=LICENCIATURA, tipo_educativo_del_antecedente=EDUCACIÓN SUPERIOR), historicoenvio=null, firmatitulo=[])'),(129,'admin[ROLE_ADMIN, ROLE_USER]','2021-05-05 16:17:42','/titulo/historicoenvio/wsrecibe/','HistoricoEnvio(idhistoricoenvio=11, idusuario=null, timestamp=null, accion=null, mensaje=null, lote=null, idestaustitulo=null, archivo=null, titulos=[])'),(130,'admin[ROLE_ADMIN, ROLE_USER]','2021-05-05 16:17:43','/titulo/historicoenvio/wsrecibe/','HistoricoEnvio(idhistoricoenvio=11, idusuario=null, timestamp=null, accion=null, mensaje=null, lote=null, idestaustitulo=null, archivo=null, titulos=[])'),(131,'admin[ROLE_ADMIN, ROLE_USER]','2021-05-05 16:17:45','/titulo/historicoenvio/wsrecibe/','HistoricoEnvio(idhistoricoenvio=11, idusuario=null, timestamp=null, accion=null, mensaje=null, lote=null, idestaustitulo=null, archivo=null, titulos=[])'),(132,'admin[ROLE_ADMIN, ROLE_USER]','2021-05-05 16:17:45','/titulo/historicoenvio/wsrecibe/','HistoricoEnvio(idhistoricoenvio=11, idusuario=null, timestamp=null, accion=null, mensaje=null, lote=null, idestaustitulo=null, archivo=null, titulos=[])'),(133,'admin[ROLE_ADMIN, ROLE_USER]','2021-05-05 16:21:25','/titulo/historicoenvio/wsconsulta/','HistoricoEnvio(idhistoricoenvio=13, idusuario=null, timestamp=null, accion=null, mensaje=null, lote=null, idestaustitulo=null, archivo=null, titulos=[])'),(134,'admin[ROLE_ADMIN, ROLE_USER]','2021-05-05 16:21:25','/titulo/historicoenvio/wsconsulta/','HistoricoEnvio(idhistoricoenvio=13, idusuario=null, timestamp=null, accion=null, mensaje=null, lote=null, idestaustitulo=null, archivo=null, titulos=[])'),(135,'admin[ROLE_ADMIN, ROLE_USER]','2021-05-05 16:21:32','/titulo/historicoenvio/wsrecibe/','HistoricoEnvio(idhistoricoenvio=13, idusuario=null, timestamp=null, accion=null, mensaje=null, lote=null, idestaustitulo=null, archivo=null, titulos=[])'),(136,'admin[ROLE_ADMIN, ROLE_USER]','2021-05-05 16:21:32','/titulo/historicoenvio/wsrecibe/','HistoricoEnvio(idhistoricoenvio=13, idusuario=null, timestamp=null, accion=null, mensaje=null, lote=null, idestaustitulo=null, archivo=null, titulos=[])'),(137,'anonymousUser[ROLE_ANONYMOUS]','2021-05-05 16:55:55','/titulo/historicoenvio/wsrecibe/','HistoricoEnvio(idhistoricoenvio=11, idusuario=null, timestamp=null, accion=null, mensaje=null, lote=null, idestaustitulo=null, archivo=null, titulos=[])'),(138,'anonymousUser[ROLE_ANONYMOUS]','2021-05-05 16:56:42','/titulo/historicoenvio/wsrecibe/','HistoricoEnvio(idhistoricoenvio=11, idusuario=null, timestamp=null, accion=null, mensaje=null, lote=null, idestaustitulo=null, archivo=null, titulos=[])'),(139,'anonymousUser[ROLE_ANONYMOUS]','2021-05-05 16:58:49','/titulo/historicoenvio/wsrecibe/','HistoricoEnvio(idhistoricoenvio=11, idusuario=null, timestamp=null, accion=null, mensaje=null, lote=null, idestaustitulo=null, archivo=null, titulos=[])'),(140,'anonymousUser[ROLE_ANONYMOUS]','2021-05-05 16:59:15','/titulo/historicoenvio/wsrecibe/','HistoricoEnvio(idhistoricoenvio=11, idusuario=null, timestamp=null, accion=null, mensaje=null, lote=null, idestaustitulo=null, archivo=null, titulos=[])'),(141,'admin[ROLE_ADMIN, ROLE_USER]','2021-05-05 17:01:52','/titulo/historicoenvio/wsrecibe/','HistoricoEnvio(idhistoricoenvio=11, idusuario=null, timestamp=null, accion=null, mensaje=null, lote=null, idestaustitulo=null, archivo=null, titulos=[])'),(142,'admin[ROLE_ADMIN, ROLE_USER]','2021-05-05 17:02:40','/titulo/historicoenvio/wsrecibe/','HistoricoEnvio(idhistoricoenvio=11, idusuario=null, timestamp=null, accion=null, mensaje=null, lote=null, idestaustitulo=null, archivo=null, titulos=[])'),(143,'admin[ROLE_ADMIN, ROLE_USER]','2021-05-05 17:12:42','/titulo/historicoenvio/wsrecibe/','HistoricoEnvio(idhistoricoenvio=11, idusuario=null, timestamp=null, accion=null, mensaje=null, lote=null, idestaustitulo=null, archivo=null, titulos=[])'),(144,'admin[ROLE_ADMIN, ROLE_USER]','2021-05-05 17:12:50','/titulo/historicoenvio/wsrecibe/','HistoricoEnvio(idhistoricoenvio=11, idusuario=null, timestamp=null, accion=null, mensaje=null, lote=null, idestaustitulo=null, archivo=null, titulos=[])'),(145,'admin[ROLE_ADMIN, ROLE_USER]','2021-05-05 17:27:05','/titulo/historicoenvio/wsrecibe/','HistoricoEnvio(idhistoricoenvio=11, idusuario=null, timestamp=null, accion=null, mensaje=null, lote=null, idestaustitulo=null, archivo=null, titulos=[])'),(146,'admin[ROLE_ADMIN, ROLE_USER]','2021-05-05 17:27:37','/titulo/historicoenvio/wsrecibe/','HistoricoEnvio(idhistoricoenvio=11, idusuario=null, timestamp=null, accion=null, mensaje=null, lote=null, idestaustitulo=null, archivo=null, titulos=[])'),(147,'anonymousUser[ROLE_ANONYMOUS]','2021-05-05 17:29:36','/titulo/historicoenvio/wsrecibe/','HistoricoEnvio(idhistoricoenvio=11, idusuario=null, timestamp=null, accion=null, mensaje=null, lote=null, idestaustitulo=null, archivo=null, titulos=[])'),(148,'admin[ROLE_ADMIN, ROLE_USER]','2021-05-05 17:34:16','/titulo/historicoenvio/wsconsulta/','HistoricoEnvio(idhistoricoenvio=13, idusuario=null, timestamp=null, accion=null, mensaje=null, lote=null, idestaustitulo=null, archivo=null, titulos=[])'),(149,'admin[ROLE_ADMIN, ROLE_USER]','2021-05-05 17:36:03','/titulo/historicoenvio/wsrecibe/','HistoricoEnvio(idhistoricoenvio=11, idusuario=null, timestamp=null, accion=null, mensaje=null, lote=null, idestaustitulo=null, archivo=null, titulos=[])'),(150,'admin[ROLE_ADMIN, ROLE_USER]','2021-05-05 17:36:15','/titulo/historicoenvio/wsrecibe/','HistoricoEnvio(idhistoricoenvio=11, idusuario=null, timestamp=null, accion=null, mensaje=null, lote=null, idestaustitulo=null, archivo=null, titulos=[])'),(151,'admin[ROLE_ADMIN, ROLE_USER]','2021-05-05 17:36:26','/titulo/historicoenvio/wsrecibe/','HistoricoEnvio(idhistoricoenvio=13, idusuario=null, timestamp=null, accion=null, mensaje=null, lote=null, idestaustitulo=null, archivo=null, titulos=[])'),(152,'admin[ROLE_ADMIN, ROLE_USER]','2021-05-05 17:36:34','/titulo/historicoenvio/wsconsulta/','HistoricoEnvio(idhistoricoenvio=13, idusuario=null, timestamp=null, accion=null, mensaje=null, lote=null, idestaustitulo=null, archivo=null, titulos=[])'),(153,'admin[ROLE_ADMIN, ROLE_USER]','2021-05-05 17:36:36','/titulo/historicoenvio/wsrecibe/','HistoricoEnvio(idhistoricoenvio=13, idusuario=null, timestamp=null, accion=null, mensaje=null, lote=null, idestaustitulo=null, archivo=null, titulos=[])'),(154,'admin[ROLE_ADMIN, ROLE_USER]','2021-05-05 17:42:20','/titulo/historicoenvio/wsconsulta/','HistoricoEnvio(idhistoricoenvio=13, idusuario=null, timestamp=null, accion=null, mensaje=null, lote=null, idestaustitulo=null, archivo=null, titulos=[])'),(155,'admin[ROLE_ADMIN, ROLE_USER]','2021-05-05 17:43:46','/titulo/historicoenvio/wsconsulta/','HistoricoEnvio(idhistoricoenvio=13, idusuario=null, timestamp=null, accion=null, mensaje=null, lote=null, idestaustitulo=null, archivo=null, titulos=[])'),(156,'admin[ROLE_ADMIN, ROLE_USER]','2021-05-05 17:44:01','/titulo/historicoenvio/wsconsulta/','HistoricoEnvio(idhistoricoenvio=13, idusuario=null, timestamp=null, accion=null, mensaje=null, lote=null, idestaustitulo=null, archivo=null, titulos=[])'),(157,'admin[ROLE_ADMIN, ROLE_USER]','2021-05-05 17:45:18','/titulo/historicoenvio/wsenviar/','HistoricoEnvio(idhistoricoenvio=11, idusuario=null, timestamp=null, accion=null, mensaje=null, lote=null, idestaustitulo=null, archivo=null, titulos=[])'),(158,'admin[ROLE_ADMIN, ROLE_USER]','2021-05-05 17:45:27','/titulo/historicoenvio/wsconsulta/','HistoricoEnvio(idhistoricoenvio=11, idusuario=null, timestamp=null, accion=null, mensaje=null, lote=null, idestaustitulo=null, archivo=null, titulos=[])'),(159,'admin[ROLE_ADMIN, ROLE_USER]','2021-05-05 17:45:41','/titulo/historicoenvio/wsconsulta/','HistoricoEnvio(idhistoricoenvio=11, idusuario=null, timestamp=null, accion=null, mensaje=null, lote=null, idestaustitulo=null, archivo=null, titulos=[])'),(160,'admin[ROLE_ADMIN, ROLE_USER]','2021-05-05 17:45:46','/titulo/historicoenvio/wsconsulta/','HistoricoEnvio(idhistoricoenvio=13, idusuario=null, timestamp=null, accion=null, mensaje=null, lote=null, idestaustitulo=null, archivo=null, titulos=[])'),(161,'admin[ROLE_ADMIN, ROLE_USER]','2021-05-05 17:45:55','/titulo/historicoenvio/wsconsulta/','HistoricoEnvio(idhistoricoenvio=13, idusuario=null, timestamp=null, accion=null, mensaje=null, lote=null, idestaustitulo=null, archivo=null, titulos=[])'),(162,'admin[ROLE_ADMIN, ROLE_USER]','2021-05-05 17:46:22','/titulo/historicoenvio/wsrecibe/','HistoricoEnvio(idhistoricoenvio=13, idusuario=null, timestamp=null, accion=null, mensaje=null, lote=null, idestaustitulo=null, archivo=null, titulos=[])'),(163,'admin[ROLE_ADMIN, ROLE_USER]','2021-05-05 17:47:12','/titulo/historicoenvio/wsconsulta/','HistoricoEnvio(idhistoricoenvio=11, idusuario=null, timestamp=null, accion=null, mensaje=null, lote=null, idestaustitulo=null, archivo=null, titulos=[])'),(164,'admin[ROLE_ADMIN, ROLE_USER]','2021-05-05 17:47:16','/titulo/historicoenvio/wsconsulta/','HistoricoEnvio(idhistoricoenvio=11, idusuario=null, timestamp=null, accion=null, mensaje=null, lote=null, idestaustitulo=null, archivo=null, titulos=[])'),(165,'admin[ROLE_ADMIN, ROLE_USER]','2021-05-05 17:47:18','/titulo/historicoenvio/wsconsulta/','HistoricoEnvio(idhistoricoenvio=11, idusuario=null, timestamp=null, accion=null, mensaje=null, lote=null, idestaustitulo=null, archivo=null, titulos=[])'),(166,'admin[ROLE_ADMIN, ROLE_USER]','2021-05-05 17:54:57','/titulo/historicoenvio/wsconsulta/','HistoricoEnvio(idhistoricoenvio=11, idusuario=null, timestamp=null, accion=null, mensaje=null, lote=null, idestaustitulo=null, archivo=null, titulos=[])'),(167,'admin[ROLE_ADMIN, ROLE_USER]','2021-05-05 17:55:24','/titulo/historicoenvio/wsrecibe/','HistoricoEnvio(idhistoricoenvio=11, idusuario=null, timestamp=null, accion=null, mensaje=null, lote=null, idestaustitulo=null, archivo=null, titulos=[])'),(168,'admin[ROLE_ADMIN, ROLE_USER]','2021-05-05 18:06:38','/titulo/historicoenvio/wsconsulta/','HistoricoEnvio(idhistoricoenvio=11, idusuario=null, timestamp=null, accion=null, mensaje=null, lote=null, idestaustitulo=null, archivo=null, titulos=[])'),(169,'admin[ROLE_ADMIN, ROLE_USER]','2021-05-05 18:07:38','/titulo/historicoenvio/wsrecibe/','HistoricoEnvio(idhistoricoenvio=11, idusuario=null, timestamp=null, accion=null, mensaje=null, lote=null, idestaustitulo=null, archivo=null, titulos=[])'),(170,'admin[ROLE_ADMIN, ROLE_USER]','2021-05-05 18:13:45','/titulo/historicoenvio/wsconsulta/','HistoricoEnvio(idhistoricoenvio=11, idusuario=null, timestamp=null, accion=null, mensaje=null, lote=null, idestaustitulo=null, archivo=null, titulos=[])'),(171,'admin[ROLE_ADMIN, ROLE_USER]','2021-05-05 18:13:50','/titulo/historicoenvio/wsrecibe/','HistoricoEnvio(idhistoricoenvio=11, idusuario=null, timestamp=null, accion=null, mensaje=null, lote=null, idestaustitulo=null, archivo=null, titulos=[])'),(172,'admin[ROLE_ADMIN, ROLE_USER]','2021-05-05 18:34:58','/titulo/historicoenvio/wsrecibe/','HistoricoEnvio(idhistoricoenvio=1, idusuario=null, timestamp=null, accion=null, mensaje=null, lote=null, idestaustitulo=null, archivo=null, titulos=[])'),(173,'admin[ROLE_ADMIN, ROLE_USER]','2021-05-05 18:35:29','/titulo/historicoenvio/wsconsulta/','HistoricoEnvio(idhistoricoenvio=1, idusuario=null, timestamp=null, accion=null, mensaje=null, lote=null, idestaustitulo=null, archivo=null, titulos=[])'),(174,'admin[ROLE_ADMIN, ROLE_USER]','2021-05-05 18:35:35','/titulo/historicoenvio/wsrecibe/','HistoricoEnvio(idhistoricoenvio=1, idusuario=null, timestamp=null, accion=null, mensaje=null, lote=null, idestaustitulo=null, archivo=null, titulos=[])'),(175,'admin[ROLE_ADMIN, ROLE_USER]','2021-05-06 02:41:55','/titulo/historicoenvio/wsconsulta/','HistoricoEnvio(idhistoricoenvio=1, idusuario=null, timestamp=null, accion=null, mensaje=null, lote=null, idestaustitulo=null, archivo=null, titulos=[])'),(176,'admin[ROLE_ADMIN, ROLE_USER]','2021-05-06 02:44:22','/titulo/historicoenvio/wsconsulta/','HistoricoEnvio(idhistoricoenvio=1, idusuario=null, timestamp=null, accion=null, mensaje=null, lote=null, idestaustitulo=null, archivo=null, titulos=[])'),(177,'admin[ROLE_ADMIN, ROLE_USER]','2021-05-06 02:44:24','/titulo/historicoenvio/wsconsulta/','HistoricoEnvio(idhistoricoenvio=1, idusuario=null, timestamp=null, accion=null, mensaje=null, lote=null, idestaustitulo=null, archivo=null, titulos=[])'),(178,'admin[ROLE_ADMIN, ROLE_USER]','2021-05-06 02:45:09','/titulo/historicoenvio/wsconsulta/','HistoricoEnvio(idhistoricoenvio=1, idusuario=null, timestamp=null, accion=null, mensaje=null, lote=null, idestaustitulo=null, archivo=null, titulos=[])'),(179,'admin[ROLE_ADMIN, ROLE_USER]','2021-05-06 02:55:04','/titulo/historicoenvio/wsconsulta/','HistoricoEnvio(idhistoricoenvio=11, idusuario=null, timestamp=null, accion=null, mensaje=null, lote=null, idestaustitulo=null, archivo=null, titulos=[])'),(180,'admin[ROLE_ADMIN, ROLE_USER]','2021-05-06 02:55:08','/titulo/historicoenvio/wsconsulta/','HistoricoEnvio(idhistoricoenvio=1, idusuario=null, timestamp=null, accion=null, mensaje=null, lote=null, idestaustitulo=null, archivo=null, titulos=[])'),(181,'admin[ROLE_ADMIN, ROLE_USER]','2021-05-06 02:55:33','/titulo/historicoenvio/wsconsulta/','HistoricoEnvio(idhistoricoenvio=11, idusuario=null, timestamp=null, accion=null, mensaje=null, lote=null, idestaustitulo=null, archivo=null, titulos=[])'),(182,'admin[ROLE_ADMIN, ROLE_USER]','2021-05-06 02:57:31','/titulo/historicoenvio/wsconsulta/','HistoricoEnvio(idhistoricoenvio=1, idusuario=null, timestamp=null, accion=null, mensaje=null, lote=null, idestaustitulo=null, archivo=null, titulos=[])'),(183,'admin[ROLE_ADMIN, ROLE_USER]','2021-05-06 02:57:36','/titulo/historicoenvio/wsconsulta/','HistoricoEnvio(idhistoricoenvio=11, idusuario=null, timestamp=null, accion=null, mensaje=null, lote=null, idestaustitulo=null, archivo=null, titulos=[])'),(184,'admin[ROLE_ADMIN, ROLE_USER]','2021-05-06 03:21:26','/titulo/historicoenvio/wsconsulta/','HistoricoEnvio(idhistoricoenvio=11, idusuario=null, timestamp=null, accion=null, mensaje=null, lote=null, idestaustitulo=null, archivo=null, titulos=[])'),(185,'admin[ROLE_ADMIN, ROLE_USER]','2021-05-06 03:40:02','/titulo/historicoenvio/wsconsulta/','HistoricoEnvio(idhistoricoenvio=1, idusuario=null, timestamp=null, accion=null, mensaje=null, lote=null, idestaustitulo=null, archivo=null, titulos=[])'),(186,'admin[ROLE_ADMIN, ROLE_USER]','2021-05-06 03:40:14','/titulo/historicoenvio/wsrecibe/','HistoricoEnvio(idhistoricoenvio=13, idusuario=null, timestamp=null, accion=null, mensaje=null, lote=null, idestaustitulo=null, archivo=null, titulos=[])'),(187,'anonymousUser[ROLE_ANONYMOUS]','2021-05-06 03:54:51','/titulo/historicoenvio/wsrecibe/','HistoricoEnvio(idhistoricoenvio=13, idusuario=null, timestamp=null, accion=null, mensaje=null, lote=null, idestaustitulo=null, archivo=null, titulos=[])'),(188,'admin[ROLE_ADMIN, ROLE_USER]','2021-05-06 03:56:40','/titulo/historicoenvio/wsrecibe/','HistoricoEnvio(idhistoricoenvio=11, idusuario=null, timestamp=null, accion=null, mensaje=null, lote=null, idestaustitulo=null, archivo=null, titulos=[])'),(189,'admin[ROLE_ADMIN, ROLE_USER]','2021-05-06 03:57:19','/titulo/historicoenvio/wsrecibe/','HistoricoEnvio(idhistoricoenvio=11, idusuario=null, timestamp=null, accion=null, mensaje=null, lote=null, idestaustitulo=null, archivo=null, titulos=[])'),(190,'admin[ROLE_ADMIN, ROLE_USER]','2021-05-06 04:01:56','/titulo/historicoenvio/wsrecibe/','HistoricoEnvio(idhistoricoenvio=11, idusuario=null, timestamp=null, accion=null, mensaje=null, lote=null, idestaustitulo=null, archivo=null, titulos=[])'),(191,'anonymousUser[ROLE_ANONYMOUS]','2021-05-06 04:07:32','/titulo/historicoenvio/wsrecibe/','HistoricoEnvio(idhistoricoenvio=11, idusuario=null, timestamp=null, accion=null, mensaje=null, lote=null, idestaustitulo=null, archivo=null, titulos=[])'),(192,'anonymousUser[ROLE_ANONYMOUS]','2021-05-06 14:17:46','/titulo/historicoenvio/wsrecibe/','HistoricoEnvio(idhistoricoenvio=13, idusuario=null, timestamp=null, accion=null, mensaje=null, lote=null, idestaustitulo=null, archivo=null, titulos=[])'),(193,'admin[ROLE_ADMIN, ROLE_USER]','2021-05-06 15:35:40','/titulo/guardar','Titulo(idtitulo=23, curp=GOTG890802HJCMRS09, nombre=Gustavo , primerapellido=Gómez , segundoapellido=Torres , correoelectronico=gomeztorres@gmail.com, fechainicio=Fri Jan 19 18:00:00 CST 2018, fechaterminacion=Thu Jan 30 18:00:00 CST 2020, fechaexpedicion=Thu Jan 16 18:00:00 CST 2020, fechaexamenprofesional=Thu Jan 16 18:00:00 CST 2020, fechaexencionexamenprofecional=null, cumplioserviciosocial=0, institucionprocedencia=Universidad de Guadalajara , fechainicio_procedencia=Sun Dec 31 18:00:00 CST 2006, fechaterminacion_procedencia=Sat Dec 31 18:00:00 CST 2011, nocedula=9785733, lote=null, nombrexmlenvio=null, tituloxml=null, institucioncarrera=institucioncarrera(idinstitucioncarrera=2, institucion=institucion(institucion_id=140349, nombre_institucion=CENTRO DE INVESTIGACIÓN Y ASISTENCIA EN TECNOLOGÍA Y DISEÑO DEL ESTADO DE JALISCO, A.C., id_entidad_federativa=14), carrera=carrera(cve_carrera=411598, nombre_carrera=MAESTRÍA EN INVESTIGACIÓN CLÍNICA, nivel_educativo=MAESTRÍA, rvoe_dgp=null, tipo_rvoe=null, id_entidad_federativa_rvoe=null, sostenimiento=FEDERAL)), modalidadtitulacion=ModalidadTitulacion(id_modalidad_titulacion=1, modalidad_titulacion=POR TESIS, tipo_de_modalidad=ACTA DE EXAMEN), fundamentoLegalServicioSocial=FundamentoLegalServicioSocial(id_fundamento_legal_servicio_social=5, fundamento_legal_servicio_social=NO APLICA), entidadFederativa=entidadFederativa(identidadfederativa=14, c_nom_ent=JALISCO, c_entidad_abr=JAL  ), entidadFederativa_procedencia=entidadFederativa(identidadfederativa=1, c_nom_ent=AGUASCALIENTES, c_entidad_abr=AGS  ), autorizacionReconocimiento=AutorizacionReconocimiento(id_autorizacion_reconocimiento=9, autorizacion_reconocimiento=OTRO), tipostudioAntecedente=TipoEstudioAntecedente(id_tipo_estudio_antecedente=2, tipo_estudio_antecedente=LICENCIATURA, tipo_educativo_del_antecedente=EDUCACIÓN SUPERIOR), historicoenvio=null, firmatitulo=null)'),(194,'admin[ROLE_ADMIN, ROLE_USER]','2021-05-06 15:35:47','/titulo/historicoenvio/guardar','HistoricoEnvio(idhistoricoenvio=null, idusuario=null, timestamp=null, accion=null, mensaje=null, lote=null, idestaustitulo=null, archivo=null, titulos=[])'),(195,'admin[ROLE_ADMIN, ROLE_USER]','2021-05-06 15:35:57','/titulo/historicoenvio/guardaritem','HistoricoEnvio(idhistoricoenvio=14, idusuario=null, timestamp=null, accion=null, mensaje=null, lote=null, idestaustitulo=null, archivo=null, titulos=[])'),(196,'admin[ROLE_ADMIN, ROLE_USER]','2021-05-06 15:36:33','sellodetitilo23','dIc3X5YHAa5i5rLx97nlmsbhMzrsKpAwtx5ppHe7W4NVrapaHCofS2Hs4aa0b0zMjkWcv5jY9zEC7pISA6MfSpDF7aHJhsIGcgBUO54EDtJBU0sNR5aaBuobh/coHMxd2aZV9DEbEVo3zSkCGNDUFqVUCWtlWYgRwnRYHk47qsW3bMdpQVQPoswHRt2exWMxc/pRNc81in132a89pFf6dPcMwah99EqQisUl3S5jD8xJTheCj8qWusIOvrS3z2ln67wXqRxL/h0fAIVh6VI14F+xANxy3EC4Qa7ZvP+7KhxwDdHzWKx0TttukneVTP2/Jx9/dqQ2kEn9LnsLC0ZDSA=='),(197,'admin[ROLE_ADMIN, ROLE_USER]','2021-05-06 15:36:33','cadenaOriginaltitulo23','||1.0|411598GOTG890802HJCMRS09|ROCC790203HJCJNR03|1|DIRECTOR|DR|140349|CENTRO DE INVESTIGACION Y ASISTENCIA EN TECNOLOGIA Y DISENO DEL ESTADO DE JALISCO, A.C.|411598|MAESTRIA EN INVESTIGACION CLINICA|2018-01-19|2020-01-30|9|OTRO|GOTG890802HJCMRS09|GUSTAVO |GOMEZ |TORRES |gomeztorres@gmail.com|2020-01-16|1|POR TESIS|2020-01-16|2021-05-06|0|5|NO APLICA|14|JALISCO|Universidad de Guadalajara |2|LICENCIATURA|1|AGUASCALIENTES|2006-12-31|2011-12-31|9785733|||'),(198,'admin[ROLE_ADMIN, ROLE_USER]','2021-05-06 15:46:22','/titulo/historicoenvio/wsenviar/','HistoricoEnvio(idhistoricoenvio=14, idusuario=null, timestamp=null, accion=null, mensaje=null, lote=null, idestaustitulo=null, archivo=null, titulos=[])'),(199,'admin[ROLE_ADMIN, ROLE_USER]','2021-05-06 15:49:25','/titulo/historicoenvio/wsenviar/','HistoricoEnvio(idhistoricoenvio=14, idusuario=null, timestamp=null, accion=null, mensaje=null, lote=null, idestaustitulo=null, archivo=null, titulos=[])'),(200,'admin[ROLE_ADMIN, ROLE_USER]','2021-05-06 15:51:48','/titulo/historicoenvio/wsenviar/','HistoricoEnvio(idhistoricoenvio=14, idusuario=null, timestamp=null, accion=null, mensaje=null, lote=null, idestaustitulo=null, archivo=null, titulos=[])'),(201,'admin[ROLE_ADMIN, ROLE_USER]','2021-05-06 15:51:58','/titulo/historicoenvio/wsconsulta/','HistoricoEnvio(idhistoricoenvio=14, idusuario=null, timestamp=null, accion=null, mensaje=null, lote=null, idestaustitulo=null, archivo=null, titulos=[])'),(202,'admin[ROLE_ADMIN, ROLE_USER]','2021-05-06 15:53:05','/titulo/historicoenvio/wsrecibe/','HistoricoEnvio(idhistoricoenvio=14, idusuario=null, timestamp=null, accion=null, mensaje=null, lote=null, idestaustitulo=null, archivo=null, titulos=[])'),(203,'admin[ROLE_ADMIN, ROLE_USER]','2021-05-06 15:54:04','/titulo/historicoenvio/guardar','HistoricoEnvio(idhistoricoenvio=null, idusuario=null, timestamp=null, accion=null, mensaje=null, lote=null, idestaustitulo=null, archivo=null, titulos=[])'),(204,'admin[ROLE_ADMIN, ROLE_USER]','2021-05-06 15:55:14','/titulo/guardar','Titulo(idtitulo=22, curp=OERG921111HMN02, nombre=Guillermo, primerapellido= Uregel , segundoapellido=Ramírez, correoelectronico=guillermoore@hotmail.com, fechainicio=Fri Jan 19 18:00:00 CST 2018, fechaterminacion=Thu Jan 30 18:00:00 CST 2020, fechaexpedicion=Thu Jan 16 18:00:00 CST 2020, fechaexamenprofesional=Thu Jan 16 18:00:00 CST 2020, fechaexencionexamenprofecional=null, cumplioserviciosocial=0, institucionprocedencia=Universidad de Guadalajara , fechainicio_procedencia=Sat Dec 31 18:00:00 CST 2011, fechaterminacion_procedencia=Sat Dec 31 18:00:00 CST 2016, nocedula=11949130, lote=null, nombrexmlenvio=null, tituloxml=null, institucioncarrera=institucioncarrera(idinstitucioncarrera=2, institucion=institucion(institucion_id=140349, nombre_institucion=CENTRO DE INVESTIGACIÓN Y ASISTENCIA EN TECNOLOGÍA Y DISEÑO DEL ESTADO DE JALISCO, A.C., id_entidad_federativa=14), carrera=carrera(cve_carrera=411598, nombre_carrera=MAESTRÍA EN INVESTIGACIÓN CLÍNICA, nivel_educativo=MAESTRÍA, rvoe_dgp=null, tipo_rvoe=null, id_entidad_federativa_rvoe=null, sostenimiento=FEDERAL)), modalidadtitulacion=ModalidadTitulacion(id_modalidad_titulacion=1, modalidad_titulacion=POR TESIS, tipo_de_modalidad=ACTA DE EXAMEN), fundamentoLegalServicioSocial=FundamentoLegalServicioSocial(id_fundamento_legal_servicio_social=5, fundamento_legal_servicio_social=NO APLICA), entidadFederativa=entidadFederativa(identidadfederativa=14, c_nom_ent=JALISCO, c_entidad_abr=JAL  ), entidadFederativa_procedencia=entidadFederativa(identidadfederativa=1, c_nom_ent=AGUASCALIENTES, c_entidad_abr=AGS  ), autorizacionReconocimiento=AutorizacionReconocimiento(id_autorizacion_reconocimiento=9, autorizacion_reconocimiento=OTRO), tipostudioAntecedente=TipoEstudioAntecedente(id_tipo_estudio_antecedente=2, tipo_estudio_antecedente=LICENCIATURA, tipo_educativo_del_antecedente=EDUCACIÓN SUPERIOR), historicoenvio=null, firmatitulo=null)'),(205,'admin[ROLE_ADMIN, ROLE_USER]','2021-05-06 15:55:19','sellodetitilo22','mztfgfvAYriMUNZQmo6YY93nLboDF+7a5U3qvTtVVaROGdaDzgxirvxrGC1op7Frg4ptzF0Y9X1ykSRzJmqk4xSbtaoA04LuB8x54HhA465mhz0JAAsUOJ3m/nGigl0m2yvXkK2NmqkOHZhWaIc38i6IihnsET9bBBW1bYsdaRwAN3RScFnypqaXfTTJjDTTpjR/ZrfzVEZg26tCwpT37MN9fsIYZ9bW1MPNKoJWUuZtb+Y/sqZ0HznSX5CawZrpWstEIGw8TjF7fHMnns7uUAiGp3OanUPrHD+scUQRILpzxGb0UjOUChbgGWW6FVRKiz6ho2P7xYIn1TbLbA7MxQ=='),(206,'admin[ROLE_ADMIN, ROLE_USER]','2021-05-06 15:55:19','cadenaOriginaltitulo22','||1.0|411598OERG921111HMN02|ROCC790203HJCJNR03|1|DIRECTOR|DR|140349|CENTRO DE INVESTIGACION Y ASISTENCIA EN TECNOLOGIA Y DISENO DEL ESTADO DE JALISCO, A.C.|411598|MAESTRIA EN INVESTIGACION CLINICA|2018-01-19|2020-01-30|9|OTRO|OERG921111HMN02|GUILLERMO| UREGEL |RAMIREZ|guillermoore@hotmail.com|2020-01-16|1|POR TESIS|2020-01-16|2021-05-06|0|5|NO APLICA|14|JALISCO|Universidad de Guadalajara |2|LICENCIATURA|1|AGUASCALIENTES|2011-12-31|2016-12-31|11949130|||'),(207,'admin[ROLE_ADMIN, ROLE_USER]','2021-05-06 15:55:19','/titulo/xml/','Titulo(idtitulo=22, curp=OERG921111HMN02, nombre=Guillermo, primerapellido= Uregel , segundoapellido=Ramírez, correoelectronico=guillermoore@hotmail.com, fechainicio=2018-01-19, fechaterminacion=2020-01-30, fechaexpedicion=2020-01-16, fechaexamenprofesional=2020-01-16, fechaexencionexamenprofecional=null, cumplioserviciosocial=0, institucionprocedencia=Universidad de Guadalajara , fechainicio_procedencia=2011-12-31, fechaterminacion_procedencia=2016-12-31, nocedula=11949130, lote=null, nombrexmlenvio=411598OERG921111HMN02.xml, tituloxml=null, institucioncarrera=institucioncarrera(idinstitucioncarrera=2, institucion=institucion(institucion_id=140349, nombre_institucion=CENTRO DE INVESTIGACIÓN Y ASISTENCIA EN TECNOLOGÍA Y DISEÑO DEL ESTADO DE JALISCO, A.C., id_entidad_federativa=14), carrera=carrera(cve_carrera=411598, nombre_carrera=MAESTRÍA EN INVESTIGACIÓN CLÍNICA, nivel_educativo=MAESTRÍA, rvoe_dgp=null, tipo_rvoe=null, id_entidad_federativa_rvoe=null, sostenimiento=FEDERAL)), modalidadtitulacion=ModalidadTitulacion(id_modalidad_titulacion=1, modalidad_titulacion=POR TESIS, tipo_de_modalidad=ACTA DE EXAMEN), fundamentoLegalServicioSocial=FundamentoLegalServicioSocial(id_fundamento_legal_servicio_social=5, fundamento_legal_servicio_social=NO APLICA), entidadFederativa=entidadFederativa(identidadfederativa=14, c_nom_ent=JALISCO, c_entidad_abr=JAL  ), entidadFederativa_procedencia=entidadFederativa(identidadfederativa=1, c_nom_ent=AGUASCALIENTES, c_entidad_abr=AGS  ), autorizacionReconocimiento=AutorizacionReconocimiento(id_autorizacion_reconocimiento=9, autorizacion_reconocimiento=OTRO), tipostudioAntecedente=TipoEstudioAntecedente(id_tipo_estudio_antecedente=2, tipo_estudio_antecedente=LICENCIATURA, tipo_educativo_del_antecedente=EDUCACIÓN SUPERIOR), historicoenvio=null, firmatitulo=[])'),(208,'admin[ROLE_ADMIN, ROLE_USER]','2021-05-06 15:55:35','/titulo/historicoenvio/guardaritem','HistoricoEnvio(idhistoricoenvio=15, idusuario=null, timestamp=null, accion=null, mensaje=null, lote=null, idestaustitulo=null, archivo=null, titulos=[])'),(209,'admin[ROLE_ADMIN, ROLE_USER]','2021-05-06 15:55:46','/titulo/historicoenvio/wsenviar/','HistoricoEnvio(idhistoricoenvio=15, idusuario=null, timestamp=null, accion=null, mensaje=null, lote=null, idestaustitulo=null, archivo=null, titulos=[])'),(210,'admin[ROLE_ADMIN, ROLE_USER]','2021-05-06 15:56:01','/titulo/historicoenvio/wsconsulta/','HistoricoEnvio(idhistoricoenvio=15, idusuario=null, timestamp=null, accion=null, mensaje=null, lote=null, idestaustitulo=null, archivo=null, titulos=[])'),(211,'admin[ROLE_ADMIN, ROLE_USER]','2021-05-06 16:00:31','/titulo/historicoenvio/wsrecibe/','HistoricoEnvio(idhistoricoenvio=15, idusuario=null, timestamp=null, accion=null, mensaje=null, lote=null, idestaustitulo=null, archivo=null, titulos=[])'),(212,'admin[ROLE_ADMIN, ROLE_USER]','2021-05-06 16:06:25','/titulo/historicoenvio/wsenviar/','HistoricoEnvio(idhistoricoenvio=15, idusuario=null, timestamp=null, accion=null, mensaje=null, lote=null, idestaustitulo=null, archivo=null, titulos=[])'),(213,'admin[ROLE_ADMIN, ROLE_USER]','2021-05-06 16:06:47','/titulo/historicoenvio/wsconsulta/','HistoricoEnvio(idhistoricoenvio=15, idusuario=null, timestamp=null, accion=null, mensaje=null, lote=null, idestaustitulo=null, archivo=null, titulos=[])'),(214,'admin[ROLE_ADMIN, ROLE_USER]','2021-05-06 16:09:31','/titulo/historicoenvio/wsrecibe/','HistoricoEnvio(idhistoricoenvio=15, idusuario=null, timestamp=null, accion=null, mensaje=null, lote=null, idestaustitulo=null, archivo=null, titulos=[])'),(215,'admin[ROLE_ADMIN, ROLE_USER]','2021-05-06 17:51:53','sellodetitilo22','mztfgfvAYriMUNZQmo6YY93nLboDF+7a5U3qvTtVVaROGdaDzgxirvxrGC1op7Frg4ptzF0Y9X1ykSRzJmqk4xSbtaoA04LuB8x54HhA465mhz0JAAsUOJ3m/nGigl0m2yvXkK2NmqkOHZhWaIc38i6IihnsET9bBBW1bYsdaRwAN3RScFnypqaXfTTJjDTTpjR/ZrfzVEZg26tCwpT37MN9fsIYZ9bW1MPNKoJWUuZtb+Y/sqZ0HznSX5CawZrpWstEIGw8TjF7fHMnns7uUAiGp3OanUPrHD+scUQRILpzxGb0UjOUChbgGWW6FVRKiz6ho2P7xYIn1TbLbA7MxQ=='),(216,'admin[ROLE_ADMIN, ROLE_USER]','2021-05-06 17:51:53','cadenaOriginaltitulo22','||1.0|411598OERG921111HMN02|ROCC790203HJCJNR03|1|DIRECTOR|DR|140349|CENTRO DE INVESTIGACION Y ASISTENCIA EN TECNOLOGIA Y DISENO DEL ESTADO DE JALISCO, A.C.|411598|MAESTRIA EN INVESTIGACION CLINICA|2018-01-19|2020-01-30|9|OTRO|OERG921111HMN02|GUILLERMO| UREGEL |RAMIREZ|guillermoore@hotmail.com|2020-01-16|1|POR TESIS|2020-01-16|2021-05-06|0|5|NO APLICA|14|JALISCO|Universidad de Guadalajara |2|LICENCIATURA|1|AGUASCALIENTES|2011-12-31|2016-12-31|11949130|||'),(217,'admin[ROLE_ADMIN, ROLE_USER]','2021-05-06 18:03:59','sellodetitilo23','dIc3X5YHAa5i5rLx97nlmsbhMzrsKpAwtx5ppHe7W4NVrapaHCofS2Hs4aa0b0zMjkWcv5jY9zEC7pISA6MfSpDF7aHJhsIGcgBUO54EDtJBU0sNR5aaBuobh/coHMxd2aZV9DEbEVo3zSkCGNDUFqVUCWtlWYgRwnRYHk47qsW3bMdpQVQPoswHRt2exWMxc/pRNc81in132a89pFf6dPcMwah99EqQisUl3S5jD8xJTheCj8qWusIOvrS3z2ln67wXqRxL/h0fAIVh6VI14F+xANxy3EC4Qa7ZvP+7KhxwDdHzWKx0TttukneVTP2/Jx9/dqQ2kEn9LnsLC0ZDSA=='),(218,'admin[ROLE_ADMIN, ROLE_USER]','2021-05-06 18:03:59','cadenaOriginaltitulo23','||1.0|411598GOTG890802HJCMRS09|ROCC790203HJCJNR03|1|DIRECTOR|DR|140349|CENTRO DE INVESTIGACION Y ASISTENCIA EN TECNOLOGIA Y DISENO DEL ESTADO DE JALISCO, A.C.|411598|MAESTRIA EN INVESTIGACION CLINICA|2018-01-19|2020-01-30|9|OTRO|GOTG890802HJCMRS09|GUSTAVO |GOMEZ |TORRES |gomeztorres@gmail.com|2020-01-16|1|POR TESIS|2020-01-16|2021-05-06|0|5|NO APLICA|14|JALISCO|Universidad de Guadalajara |2|LICENCIATURA|1|AGUASCALIENTES|2006-12-31|2011-12-31|9785733|||'),(219,'admin[ROLE_ADMIN, ROLE_USER]','2021-05-06 18:04:11','sellodetitilo22','mztfgfvAYriMUNZQmo6YY93nLboDF+7a5U3qvTtVVaROGdaDzgxirvxrGC1op7Frg4ptzF0Y9X1ykSRzJmqk4xSbtaoA04LuB8x54HhA465mhz0JAAsUOJ3m/nGigl0m2yvXkK2NmqkOHZhWaIc38i6IihnsET9bBBW1bYsdaRwAN3RScFnypqaXfTTJjDTTpjR/ZrfzVEZg26tCwpT37MN9fsIYZ9bW1MPNKoJWUuZtb+Y/sqZ0HznSX5CawZrpWstEIGw8TjF7fHMnns7uUAiGp3OanUPrHD+scUQRILpzxGb0UjOUChbgGWW6FVRKiz6ho2P7xYIn1TbLbA7MxQ=='),(220,'admin[ROLE_ADMIN, ROLE_USER]','2021-05-06 18:04:11','cadenaOriginaltitulo22','||1.0|411598OERG921111HMN02|ROCC790203HJCJNR03|1|DIRECTOR|DR|140349|CENTRO DE INVESTIGACION Y ASISTENCIA EN TECNOLOGIA Y DISENO DEL ESTADO DE JALISCO, A.C.|411598|MAESTRIA EN INVESTIGACION CLINICA|2018-01-19|2020-01-30|9|OTRO|OERG921111HMN02|GUILLERMO| UREGEL |RAMIREZ|guillermoore@hotmail.com|2020-01-16|1|POR TESIS|2020-01-16|2021-05-06|0|5|NO APLICA|14|JALISCO|Universidad de Guadalajara |2|LICENCIATURA|1|AGUASCALIENTES|2011-12-31|2016-12-31|11949130|||'),(221,'admin[ROLE_ADMIN, ROLE_USER]','2021-05-06 18:13:00','sellodetitilo22','mztfgfvAYriMUNZQmo6YY93nLboDF+7a5U3qvTtVVaROGdaDzgxirvxrGC1op7Frg4ptzF0Y9X1ykSRzJmqk4xSbtaoA04LuB8x54HhA465mhz0JAAsUOJ3m/nGigl0m2yvXkK2NmqkOHZhWaIc38i6IihnsET9bBBW1bYsdaRwAN3RScFnypqaXfTTJjDTTpjR/ZrfzVEZg26tCwpT37MN9fsIYZ9bW1MPNKoJWUuZtb+Y/sqZ0HznSX5CawZrpWstEIGw8TjF7fHMnns7uUAiGp3OanUPrHD+scUQRILpzxGb0UjOUChbgGWW6FVRKiz6ho2P7xYIn1TbLbA7MxQ=='),(222,'admin[ROLE_ADMIN, ROLE_USER]','2021-05-06 18:13:00','cadenaOriginaltitulo22','||1.0|411598OERG921111HMN02|ROCC790203HJCJNR03|1|DIRECTOR|DR|140349|CENTRO DE INVESTIGACION Y ASISTENCIA EN TECNOLOGIA Y DISENO DEL ESTADO DE JALISCO, A.C.|411598|MAESTRIA EN INVESTIGACION CLINICA|2018-01-19|2020-01-30|9|OTRO|OERG921111HMN02|GUILLERMO| UREGEL |RAMIREZ|guillermoore@hotmail.com|2020-01-16|1|POR TESIS|2020-01-16|2021-05-06|0|5|NO APLICA|14|JALISCO|Universidad de Guadalajara |2|LICENCIATURA|1|AGUASCALIENTES|2011-12-31|2016-12-31|11949130|||'),(223,'admin[ROLE_ADMIN, ROLE_USER]','2021-05-06 20:07:40','/titulo/historicoenvio/wsenviar/','HistoricoEnvio(idhistoricoenvio=15, idusuario=null, timestamp=null, accion=null, mensaje=null, lote=null, idestaustitulo=null, archivo=null, titulos=[])'),(224,'admin[ROLE_ADMIN, ROLE_USER]','2021-05-06 20:08:49','/titulo/historicoenvio/wsenviar/','HistoricoEnvio(idhistoricoenvio=15, idusuario=null, timestamp=null, accion=null, mensaje=null, lote=null, idestaustitulo=null, archivo=null, titulos=[])'),(225,'admin[ROLE_ADMIN, ROLE_USER]','2021-05-06 20:10:48','/titulo/historicoenvio/wsenviar/','HistoricoEnvio(idhistoricoenvio=15, idusuario=null, timestamp=null, accion=null, mensaje=null, lote=null, idestaustitulo=null, archivo=null, titulos=[])'),(226,'admin[ROLE_ADMIN, ROLE_USER]','2021-05-06 20:16:39','/titulo/historicoenvio/wsenviar/','HistoricoEnvio(idhistoricoenvio=15, idusuario=null, timestamp=null, accion=null, mensaje=null, lote=null, idestaustitulo=null, archivo=null, titulos=[])'),(227,'admin[ROLE_ADMIN, ROLE_USER]','2021-05-06 20:20:53','/titulo/historicoenvio/wsenviar/','HistoricoEnvio(idhistoricoenvio=15, idusuario=null, timestamp=null, accion=null, mensaje=null, lote=null, idestaustitulo=null, archivo=null, titulos=[])'),(228,'admin[ROLE_ADMIN, ROLE_USER]','2021-05-06 20:21:23','/titulo/historicoenvio/wsenviar/','HistoricoEnvio(idhistoricoenvio=15, idusuario=null, timestamp=null, accion=null, mensaje=null, lote=null, idestaustitulo=null, archivo=null, titulos=[])'),(229,'admin[ROLE_ADMIN, ROLE_USER]','2021-05-06 20:22:21','/titulo/historicoenvio/wsconsulta/','HistoricoEnvio(idhistoricoenvio=15, idusuario=null, timestamp=null, accion=null, mensaje=null, lote=null, idestaustitulo=null, archivo=null, titulos=[])'),(230,'admin[ROLE_ADMIN, ROLE_USER]','2021-05-06 20:23:51','/titulo/historicoenvio/wsrecibe/','HistoricoEnvio(idhistoricoenvio=15, idusuario=null, timestamp=null, accion=null, mensaje=null, lote=null, idestaustitulo=null, archivo=null, titulos=[])'),(231,'admin[ROLE_ADMIN, ROLE_USER]','2021-05-06 20:31:41','/titulo/historicoenvio/wsenviar/','HistoricoEnvio(idhistoricoenvio=15, idusuario=null, timestamp=null, accion=null, mensaje=null, lote=null, idestaustitulo=null, archivo=null, titulos=[])'),(232,'admin[ROLE_ADMIN, ROLE_USER]','2021-05-06 20:31:52','/titulo/historicoenvio/wsconsulta/','HistoricoEnvio(idhistoricoenvio=15, idusuario=null, timestamp=null, accion=null, mensaje=null, lote=null, idestaustitulo=null, archivo=null, titulos=[])'),(233,'admin[ROLE_ADMIN, ROLE_USER]','2021-05-06 20:31:54','/titulo/historicoenvio/wsrecibe/','HistoricoEnvio(idhistoricoenvio=15, idusuario=null, timestamp=null, accion=null, mensaje=null, lote=null, idestaustitulo=null, archivo=null, titulos=[])'),(234,'admin[ROLE_ADMIN, ROLE_USER]','2021-05-06 21:01:18','/titulo/historicoenvio/wsenviar/','HistoricoEnvio(idhistoricoenvio=15, idusuario=null, timestamp=null, accion=null, mensaje=null, lote=null, idestaustitulo=null, archivo=null, titulos=[])'),(235,'admin[ROLE_ADMIN, ROLE_USER]','2021-05-06 21:03:13','/titulo/historicoenvio/wsenviar/','HistoricoEnvio(idhistoricoenvio=15, idusuario=null, timestamp=null, accion=null, mensaje=null, lote=null, idestaustitulo=null, archivo=null, titulos=[])'),(236,'admin[ROLE_ADMIN, ROLE_USER]','2021-05-06 21:03:21','/titulo/historicoenvio/wsconsulta/','HistoricoEnvio(idhistoricoenvio=15, idusuario=null, timestamp=null, accion=null, mensaje=null, lote=null, idestaustitulo=null, archivo=null, titulos=[])'),(237,'admin[ROLE_ADMIN, ROLE_USER]','2021-05-06 21:03:23','/titulo/historicoenvio/wsrecibe/','HistoricoEnvio(idhistoricoenvio=15, idusuario=null, timestamp=null, accion=null, mensaje=null, lote=null, idestaustitulo=null, archivo=null, titulos=[])'),(238,'admin[ROLE_ADMIN, ROLE_USER]','2021-05-06 21:28:04','/titulo/historicoenvio/wsenviar/','HistoricoEnvio(idhistoricoenvio=15, idusuario=null, timestamp=null, accion=null, mensaje=null, lote=null, idestaustitulo=null, archivo=null, titulos=[])'),(239,'admin[ROLE_ADMIN, ROLE_USER]','2021-05-06 21:28:08','/titulo/historicoenvio/wsconsulta/','HistoricoEnvio(idhistoricoenvio=15, idusuario=null, timestamp=null, accion=null, mensaje=null, lote=null, idestaustitulo=null, archivo=null, titulos=[])'),(240,'admin[ROLE_ADMIN, ROLE_USER]','2021-05-06 21:28:12','/titulo/historicoenvio/wsrecibe/','HistoricoEnvio(idhistoricoenvio=15, idusuario=null, timestamp=null, accion=null, mensaje=null, lote=null, idestaustitulo=null, archivo=null, titulos=[])'),(241,'admin[ROLE_ADMIN, ROLE_USER]','2021-05-07 01:39:06','/titulo/historicoenvio/wsconsulta/','HistoricoEnvio(idhistoricoenvio=1, idusuario=null, timestamp=null, accion=null, mensaje=null, lote=null, idestaustitulo=null, archivo=null, titulos=[])'),(242,'admin[ROLE_ADMIN, ROLE_USER]','2021-05-07 01:39:59','/titulo/historicoenvio/wsrecibe/','HistoricoEnvio(idhistoricoenvio=15, idusuario=null, timestamp=null, accion=null, mensaje=null, lote=null, idestaustitulo=null, archivo=null, titulos=[])'),(243,'admin[ROLE_ADMIN, ROLE_USER]','2021-05-07 01:41:01','sellodetitilo23','dIc3X5YHAa5i5rLx97nlmsbhMzrsKpAwtx5ppHe7W4NVrapaHCofS2Hs4aa0b0zMjkWcv5jY9zEC7pISA6MfSpDF7aHJhsIGcgBUO54EDtJBU0sNR5aaBuobh/coHMxd2aZV9DEbEVo3zSkCGNDUFqVUCWtlWYgRwnRYHk47qsW3bMdpQVQPoswHRt2exWMxc/pRNc81in132a89pFf6dPcMwah99EqQisUl3S5jD8xJTheCj8qWusIOvrS3z2ln67wXqRxL/h0fAIVh6VI14F+xANxy3EC4Qa7ZvP+7KhxwDdHzWKx0TttukneVTP2/Jx9/dqQ2kEn9LnsLC0ZDSA=='),(244,'admin[ROLE_ADMIN, ROLE_USER]','2021-05-07 01:41:01','cadenaOriginaltitulo23','||1.0|411598GOTG890802HJCMRS09|ROCC790203HJCJNR03|1|DIRECTOR|DR|140349|CENTRO DE INVESTIGACION Y ASISTENCIA EN TECNOLOGIA Y DISENO DEL ESTADO DE JALISCO, A.C.|411598|MAESTRIA EN INVESTIGACION CLINICA|2018-01-19|2020-01-30|9|OTRO|GOTG890802HJCMRS09|GUSTAVO |GOMEZ |TORRES |gomeztorres@gmail.com|2020-01-16|1|POR TESIS|2020-01-16|2021-05-06|0|5|NO APLICA|14|JALISCO|Universidad de Guadalajara |2|LICENCIATURA|1|AGUASCALIENTES|2006-12-31|2011-12-31|9785733|||'),(245,'admin[ROLE_ADMIN, ROLE_USER]','2021-05-07 01:41:23','/titulo/historicoenvio/wsenviar/','HistoricoEnvio(idhistoricoenvio=14, idusuario=null, timestamp=null, accion=null, mensaje=null, lote=null, idestaustitulo=null, archivo=null, titulos=[])'),(246,'admin[ROLE_ADMIN, ROLE_USER]','2021-05-07 02:02:13','/titulo/historicoenvio/wsenviar/','HistoricoEnvio(idhistoricoenvio=14, idusuario=null, timestamp=null, accion=null, mensaje=null, lote=null, idestaustitulo=null, archivo=null, titulos=[])'),(247,'admin[ROLE_ADMIN, ROLE_USER]','2021-05-07 02:03:17','/titulo/historicoenvio/wsconsulta/','HistoricoEnvio(idhistoricoenvio=14, idusuario=null, timestamp=null, accion=null, mensaje=null, lote=null, idestaustitulo=null, archivo=null, titulos=[])'),(248,'admin[ROLE_ADMIN, ROLE_USER]','2021-05-07 02:03:20','/titulo/historicoenvio/wsrecibe/','HistoricoEnvio(idhistoricoenvio=14, idusuario=null, timestamp=null, accion=null, mensaje=null, lote=null, idestaustitulo=null, archivo=null, titulos=[])'),(249,'admin[ROLE_ADMIN, ROLE_USER]','2021-05-10 17:30:31','/titulo/eliminar','Titulo(idtitulo=8, curp=null, nombre=null, primerapellido=null, segundoapellido=null, correoelectronico=null, fechainicio=null, fechaterminacion=null, fechaexpedicion=null, fechaexamenprofesional=null, fechaexencionexamenprofecional=null, cumplioserviciosocial=null, institucionprocedencia=null, fechainicio_procedencia=null, fechaterminacion_procedencia=null, nocedula=null, lote=null, nombrexmlenvio=null, tituloxml=null, institucioncarrera=null, modalidadtitulacion=null, fundamentoLegalServicioSocial=null, entidadFederativa=null, entidadFederativa_procedencia=null, autorizacionReconocimiento=null, tipostudioAntecedente=null, historicoenvio=null, firmatitulo=null)'),(250,'admin[ROLE_ADMIN, ROLE_USER]','2021-05-10 17:30:35','/titulo/eliminar','Titulo(idtitulo=10, curp=null, nombre=null, primerapellido=null, segundoapellido=null, correoelectronico=null, fechainicio=null, fechaterminacion=null, fechaexpedicion=null, fechaexamenprofesional=null, fechaexencionexamenprofecional=null, cumplioserviciosocial=null, institucionprocedencia=null, fechainicio_procedencia=null, fechaterminacion_procedencia=null, nocedula=null, lote=null, nombrexmlenvio=null, tituloxml=null, institucioncarrera=null, modalidadtitulacion=null, fundamentoLegalServicioSocial=null, entidadFederativa=null, entidadFederativa_procedencia=null, autorizacionReconocimiento=null, tipostudioAntecedente=null, historicoenvio=null, firmatitulo=null)'),(251,'admin[ROLE_ADMIN, ROLE_USER]','2021-05-10 17:30:37','/titulo/eliminar','Titulo(idtitulo=18, curp=null, nombre=null, primerapellido=null, segundoapellido=null, correoelectronico=null, fechainicio=null, fechaterminacion=null, fechaexpedicion=null, fechaexamenprofesional=null, fechaexencionexamenprofecional=null, cumplioserviciosocial=null, institucionprocedencia=null, fechainicio_procedencia=null, fechaterminacion_procedencia=null, nocedula=null, lote=null, nombrexmlenvio=null, tituloxml=null, institucioncarrera=null, modalidadtitulacion=null, fundamentoLegalServicioSocial=null, entidadFederativa=null, entidadFederativa_procedencia=null, autorizacionReconocimiento=null, tipostudioAntecedente=null, historicoenvio=null, firmatitulo=null)'),(252,'admin[ROLE_ADMIN, ROLE_USER]','2021-05-10 17:30:40','/titulo/eliminar','Titulo(idtitulo=11, curp=null, nombre=null, primerapellido=null, segundoapellido=null, correoelectronico=null, fechainicio=null, fechaterminacion=null, fechaexpedicion=null, fechaexamenprofesional=null, fechaexencionexamenprofecional=null, cumplioserviciosocial=null, institucionprocedencia=null, fechainicio_procedencia=null, fechaterminacion_procedencia=null, nocedula=null, lote=null, nombrexmlenvio=null, tituloxml=null, institucioncarrera=null, modalidadtitulacion=null, fundamentoLegalServicioSocial=null, entidadFederativa=null, entidadFederativa_procedencia=null, autorizacionReconocimiento=null, tipostudioAntecedente=null, historicoenvio=null, firmatitulo=null)'),(253,'admin[ROLE_ADMIN, ROLE_USER]','2021-05-10 17:30:42','/titulo/eliminar','Titulo(idtitulo=19, curp=null, nombre=null, primerapellido=null, segundoapellido=null, correoelectronico=null, fechainicio=null, fechaterminacion=null, fechaexpedicion=null, fechaexamenprofesional=null, fechaexencionexamenprofecional=null, cumplioserviciosocial=null, institucionprocedencia=null, fechainicio_procedencia=null, fechaterminacion_procedencia=null, nocedula=null, lote=null, nombrexmlenvio=null, tituloxml=null, institucioncarrera=null, modalidadtitulacion=null, fundamentoLegalServicioSocial=null, entidadFederativa=null, entidadFederativa_procedencia=null, autorizacionReconocimiento=null, tipostudioAntecedente=null, historicoenvio=null, firmatitulo=null)'),(254,'admin[ROLE_ADMIN, ROLE_USER]','2021-05-10 17:30:46','/titulo/eliminar','Titulo(idtitulo=21, curp=null, nombre=null, primerapellido=null, segundoapellido=null, correoelectronico=null, fechainicio=null, fechaterminacion=null, fechaexpedicion=null, fechaexamenprofesional=null, fechaexencionexamenprofecional=null, cumplioserviciosocial=null, institucionprocedencia=null, fechainicio_procedencia=null, fechaterminacion_procedencia=null, nocedula=null, lote=null, nombrexmlenvio=null, tituloxml=null, institucioncarrera=null, modalidadtitulacion=null, fundamentoLegalServicioSocial=null, entidadFederativa=null, entidadFederativa_procedencia=null, autorizacionReconocimiento=null, tipostudioAntecedente=null, historicoenvio=null, firmatitulo=null)'),(255,'admin[ROLE_ADMIN, ROLE_USER]','2021-05-10 17:30:49','/titulo/eliminar','Titulo(idtitulo=20, curp=null, nombre=null, primerapellido=null, segundoapellido=null, correoelectronico=null, fechainicio=null, fechaterminacion=null, fechaexpedicion=null, fechaexamenprofesional=null, fechaexencionexamenprofecional=null, cumplioserviciosocial=null, institucionprocedencia=null, fechainicio_procedencia=null, fechaterminacion_procedencia=null, nocedula=null, lote=null, nombrexmlenvio=null, tituloxml=null, institucioncarrera=null, modalidadtitulacion=null, fundamentoLegalServicioSocial=null, entidadFederativa=null, entidadFederativa_procedencia=null, autorizacionReconocimiento=null, tipostudioAntecedente=null, historicoenvio=null, firmatitulo=null)'),(256,'admin[ROLE_ADMIN, ROLE_USER]','2021-05-10 17:30:51','/titulo/eliminar','Titulo(idtitulo=17, curp=null, nombre=null, primerapellido=null, segundoapellido=null, correoelectronico=null, fechainicio=null, fechaterminacion=null, fechaexpedicion=null, fechaexamenprofesional=null, fechaexencionexamenprofecional=null, cumplioserviciosocial=null, institucionprocedencia=null, fechainicio_procedencia=null, fechaterminacion_procedencia=null, nocedula=null, lote=null, nombrexmlenvio=null, tituloxml=null, institucioncarrera=null, modalidadtitulacion=null, fundamentoLegalServicioSocial=null, entidadFederativa=null, entidadFederativa_procedencia=null, autorizacionReconocimiento=null, tipostudioAntecedente=null, historicoenvio=null, firmatitulo=null)'),(257,'admin[ROLE_ADMIN, ROLE_USER]','2021-05-10 17:30:54','/titulo/eliminar','Titulo(idtitulo=16, curp=null, nombre=null, primerapellido=null, segundoapellido=null, correoelectronico=null, fechainicio=null, fechaterminacion=null, fechaexpedicion=null, fechaexamenprofesional=null, fechaexencionexamenprofecional=null, cumplioserviciosocial=null, institucionprocedencia=null, fechainicio_procedencia=null, fechaterminacion_procedencia=null, nocedula=null, lote=null, nombrexmlenvio=null, tituloxml=null, institucioncarrera=null, modalidadtitulacion=null, fundamentoLegalServicioSocial=null, entidadFederativa=null, entidadFederativa_procedencia=null, autorizacionReconocimiento=null, tipostudioAntecedente=null, historicoenvio=null, firmatitulo=null)'),(258,'admin[ROLE_ADMIN, ROLE_USER]','2021-05-10 17:30:55','/titulo/eliminar','Titulo(idtitulo=15, curp=null, nombre=null, primerapellido=null, segundoapellido=null, correoelectronico=null, fechainicio=null, fechaterminacion=null, fechaexpedicion=null, fechaexamenprofesional=null, fechaexencionexamenprofecional=null, cumplioserviciosocial=null, institucionprocedencia=null, fechainicio_procedencia=null, fechaterminacion_procedencia=null, nocedula=null, lote=null, nombrexmlenvio=null, tituloxml=null, institucioncarrera=null, modalidadtitulacion=null, fundamentoLegalServicioSocial=null, entidadFederativa=null, entidadFederativa_procedencia=null, autorizacionReconocimiento=null, tipostudioAntecedente=null, historicoenvio=null, firmatitulo=null)'),(259,'admin[ROLE_ADMIN, ROLE_USER]','2021-05-10 17:30:57','/titulo/eliminar','Titulo(idtitulo=14, curp=null, nombre=null, primerapellido=null, segundoapellido=null, correoelectronico=null, fechainicio=null, fechaterminacion=null, fechaexpedicion=null, fechaexamenprofesional=null, fechaexencionexamenprofecional=null, cumplioserviciosocial=null, institucionprocedencia=null, fechainicio_procedencia=null, fechaterminacion_procedencia=null, nocedula=null, lote=null, nombrexmlenvio=null, tituloxml=null, institucioncarrera=null, modalidadtitulacion=null, fundamentoLegalServicioSocial=null, entidadFederativa=null, entidadFederativa_procedencia=null, autorizacionReconocimiento=null, tipostudioAntecedente=null, historicoenvio=null, firmatitulo=null)'),(260,'admin[ROLE_ADMIN, ROLE_USER]','2021-05-10 17:31:00','/titulo/eliminar','Titulo(idtitulo=12, curp=null, nombre=null, primerapellido=null, segundoapellido=null, correoelectronico=null, fechainicio=null, fechaterminacion=null, fechaexpedicion=null, fechaexamenprofesional=null, fechaexencionexamenprofecional=null, cumplioserviciosocial=null, institucionprocedencia=null, fechainicio_procedencia=null, fechaterminacion_procedencia=null, nocedula=null, lote=null, nombrexmlenvio=null, tituloxml=null, institucioncarrera=null, modalidadtitulacion=null, fundamentoLegalServicioSocial=null, entidadFederativa=null, entidadFederativa_procedencia=null, autorizacionReconocimiento=null, tipostudioAntecedente=null, historicoenvio=null, firmatitulo=null)'),(261,'admin[ROLE_ADMIN, ROLE_USER]','2021-05-10 17:31:02','/titulo/eliminar','Titulo(idtitulo=13, curp=null, nombre=null, primerapellido=null, segundoapellido=null, correoelectronico=null, fechainicio=null, fechaterminacion=null, fechaexpedicion=null, fechaexamenprofesional=null, fechaexencionexamenprofecional=null, cumplioserviciosocial=null, institucionprocedencia=null, fechainicio_procedencia=null, fechaterminacion_procedencia=null, nocedula=null, lote=null, nombrexmlenvio=null, tituloxml=null, institucioncarrera=null, modalidadtitulacion=null, fundamentoLegalServicioSocial=null, entidadFederativa=null, entidadFederativa_procedencia=null, autorizacionReconocimiento=null, tipostudioAntecedente=null, historicoenvio=null, firmatitulo=null)'),(262,'admin[ROLE_ADMIN, ROLE_USER]','2021-05-10 18:38:04','/titulo/guardar','Titulo(idtitulo=25, curp=  RUMD830813HDFZLN00, nombre=Daniel , primerapellido=Ruiz, segundoapellido=Molina, correoelectronico=daniel.ruiz@cecype.com, fechainicio=Thu Jan 21 18:00:00 CST 2016, fechaterminacion=Tue Jan 30 18:00:00 CST 2018, fechaexpedicion=Thu Jan 11 18:00:00 CST 2018, fechaexamenprofesional=Thu Jan 11 18:00:00 CST 2018, fechaexencionexamenprofecional=null, cumplioserviciosocial=0, institucionprocedencia=Universidad Nacional Autónoma de México, fechainicio_procedencia=Tue Jan 21 18:00:00 CST 2003, fechaterminacion_procedencia=Thu Jan 11 18:00:00 CST 2007, nocedula=6261594, lote=null, nombrexmlenvio=null, tituloxml=null, institucioncarrera=institucioncarrera(idinstitucioncarrera=2, institucion=institucion(institucion_id=140349, nombre_institucion=CENTRO DE INVESTIGACIÓN Y ASISTENCIA EN TECNOLOGÍA Y DISEÑO DEL ESTADO DE JALISCO, A.C., id_entidad_federativa=14), carrera=carrera(cve_carrera=411598, nombre_carrera=MAESTRÍA EN INVESTIGACIÓN CLÍNICA, nivel_educativo=MAESTRÍA, rvoe_dgp=null, tipo_rvoe=null, id_entidad_federativa_rvoe=null, sostenimiento=FEDERAL)), modalidadtitulacion=ModalidadTitulacion(id_modalidad_titulacion=1, modalidad_titulacion=POR TESIS, tipo_de_modalidad=ACTA DE EXAMEN), fundamentoLegalServicioSocial=FundamentoLegalServicioSocial(id_fundamento_legal_servicio_social=5, fundamento_legal_servicio_social=NO APLICA), entidadFederativa=entidadFederativa(identidadfederativa=14, c_nom_ent=JALISCO, c_entidad_abr=JAL  ), entidadFederativa_procedencia=entidadFederativa(identidadfederativa=9, c_nom_ent=CIUDAD DE MÉXICO, c_entidad_abr=CDMX ), autorizacionReconocimiento=AutorizacionReconocimiento(id_autorizacion_reconocimiento=9, autorizacion_reconocimiento=OTRO), tipostudioAntecedente=TipoEstudioAntecedente(id_tipo_estudio_antecedente=2, tipo_estudio_antecedente=LICENCIATURA, tipo_educativo_del_antecedente=EDUCACIÓN SUPERIOR), historicoenvio=null, firmatitulo=null)'),(263,'admin[ROLE_ADMIN, ROLE_USER]','2021-05-10 18:38:29','/titulo/guardar','Titulo(idtitulo=24, curp=MUIA820614MMNXBD09, nombre=Adriana Ivett , primerapellido=Muñoz , segundoapellido=Ibarra, correoelectronico=adriana1406@hotmail.com, fechainicio=Fri Jan 02 18:00:00 CST 2015, fechaterminacion=Mon Jan 30 18:00:00 CST 2017, fechaexpedicion=Sat Jan 14 18:00:00 CST 2017, fechaexamenprofesional=Sat Jan 14 18:00:00 CST 2017, fechaexencionexamenprofecional=null, cumplioserviciosocial=0, institucionprocedencia=Universidad Michoacana de San Nicolás de Hidalgo, fechainicio_procedencia=Fri Dec 31 18:00:00 CST 1999, fechaterminacion_procedencia=Fri Dec 31 18:00:00 CST 2004, nocedula=7415443, lote=null, nombrexmlenvio=null, tituloxml=null, institucioncarrera=institucioncarrera(idinstitucioncarrera=2, institucion=institucion(institucion_id=140349, nombre_institucion=CENTRO DE INVESTIGACIÓN Y ASISTENCIA EN TECNOLOGÍA Y DISEÑO DEL ESTADO DE JALISCO, A.C., id_entidad_federativa=14), carrera=carrera(cve_carrera=411598, nombre_carrera=MAESTRÍA EN INVESTIGACIÓN CLÍNICA, nivel_educativo=MAESTRÍA, rvoe_dgp=null, tipo_rvoe=null, id_entidad_federativa_rvoe=null, sostenimiento=FEDERAL)), modalidadtitulacion=ModalidadTitulacion(id_modalidad_titulacion=1, modalidad_titulacion=POR TESIS, tipo_de_modalidad=ACTA DE EXAMEN), fundamentoLegalServicioSocial=FundamentoLegalServicioSocial(id_fundamento_legal_servicio_social=5, fundamento_legal_servicio_social=NO APLICA), entidadFederativa=entidadFederativa(identidadfederativa=14, c_nom_ent=JALISCO, c_entidad_abr=JAL  ), entidadFederativa_procedencia=entidadFederativa(identidadfederativa=16, c_nom_ent=MICHOACÁN DE OCAMPO, c_entidad_abr=MICH ), autorizacionReconocimiento=AutorizacionReconocimiento(id_autorizacion_reconocimiento=9, autorizacion_reconocimiento=OTRO), tipostudioAntecedente=TipoEstudioAntecedente(id_tipo_estudio_antecedente=2, tipo_estudio_antecedente=LICENCIATURA, tipo_educativo_del_antecedente=EDUCACIÓN SUPERIOR), historicoenvio=null, firmatitulo=null)'),(264,'admin[ROLE_ADMIN, ROLE_USER]','2021-05-10 18:38:38','sellodetitilo24','QtbRwAiPykOT4U90T84xqF/rh3Krc7bLxt3QriWu4J7kF9Jw00M0C2a1CXHFod3kwZcPllLPGJ54IIYfn7gsh+M3WLjVLZPINBhULG7WiHNFJGpuRLGnE5PWeT+bBcNu3KC7VkiHxxsiozosisSatYHTTljEuT2jVGRNgoi0EI7M6BIfXF7Cik0ktK7lDllpqNMP3yJs3hrk5F9K2HM0/DkOMMlvdl+MpWilsy88i5UQYoZw/mi852XtcmPHp+WpgxOAzqdhGxW5vXuHkmur0hksiVtmBN7vf4rHswDuc+idZ1lVs0C5uXOt8zdNxzCfinomBDqVDbPiFVLKdlZPdw=='),(265,'admin[ROLE_ADMIN, ROLE_USER]','2021-05-10 18:38:38','cadenaOriginaltitulo24','||1.0|411598MUIA820614MMNXBD09|ROCC790203HJCJNR03|1|DIRECTOR|DR|140349|CENTRO DE INVESTIGACION Y ASISTENCIA EN TECNOLOGIA Y DISENO DEL ESTADO DE JALISCO, A.C.|411598|MAESTRIA EN INVESTIGACION CLINICA|2015-01-02|2017-01-30|9|OTRO|MUIA820614MMNXBD09|ADRIANA IVETT |MUNOZ |IBARRA|adriana1406@hotmail.com|2017-01-14|1|POR TESIS|2017-01-14|2021-05-10|0|5|NO APLICA|14|JALISCO|Universidad Michoacana de San Nicolás de Hidalgo|2|LICENCIATURA|16|MICHOACÁN DE OCAMPO|1999-12-31|2004-12-31|7415443|||'),(266,'admin[ROLE_ADMIN, ROLE_USER]','2021-05-10 18:38:39','/titulo/xml/','Titulo(idtitulo=24, curp=MUIA820614MMNXBD09, nombre=Adriana Ivett , primerapellido=Muñoz , segundoapellido=Ibarra, correoelectronico=adriana1406@hotmail.com, fechainicio=2015-01-02, fechaterminacion=2017-01-30, fechaexpedicion=2017-01-14, fechaexamenprofesional=2017-01-14, fechaexencionexamenprofecional=null, cumplioserviciosocial=0, institucionprocedencia=Universidad Michoacana de San Nicolás de Hidalgo, fechainicio_procedencia=1999-12-31, fechaterminacion_procedencia=2004-12-31, nocedula=7415443, lote=null, nombrexmlenvio=411598MUIA820614MMNXBD09.xml, tituloxml=null, institucioncarrera=institucioncarrera(idinstitucioncarrera=2, institucion=institucion(institucion_id=140349, nombre_institucion=CENTRO DE INVESTIGACIÓN Y ASISTENCIA EN TECNOLOGÍA Y DISEÑO DEL ESTADO DE JALISCO, A.C., id_entidad_federativa=14), carrera=carrera(cve_carrera=411598, nombre_carrera=MAESTRÍA EN INVESTIGACIÓN CLÍNICA, nivel_educativo=MAESTRÍA, rvoe_dgp=null, tipo_rvoe=null, id_entidad_federativa_rvoe=null, sostenimiento=FEDERAL)), modalidadtitulacion=ModalidadTitulacion(id_modalidad_titulacion=1, modalidad_titulacion=POR TESIS, tipo_de_modalidad=ACTA DE EXAMEN), fundamentoLegalServicioSocial=FundamentoLegalServicioSocial(id_fundamento_legal_servicio_social=5, fundamento_legal_servicio_social=NO APLICA), entidadFederativa=entidadFederativa(identidadfederativa=14, c_nom_ent=JALISCO, c_entidad_abr=JAL  ), entidadFederativa_procedencia=entidadFederativa(identidadfederativa=16, c_nom_ent=MICHOACÁN DE OCAMPO, c_entidad_abr=MICH ), autorizacionReconocimiento=AutorizacionReconocimiento(id_autorizacion_reconocimiento=9, autorizacion_reconocimiento=OTRO), tipostudioAntecedente=TipoEstudioAntecedente(id_tipo_estudio_antecedente=2, tipo_estudio_antecedente=LICENCIATURA, tipo_educativo_del_antecedente=EDUCACIÓN SUPERIOR), historicoenvio=null, firmatitulo=[])'),(267,'admin[ROLE_ADMIN, ROLE_USER]','2021-05-10 18:39:22','/titulo/historicoenvio/guardar','HistoricoEnvio(idhistoricoenvio=null, idusuario=null, timestamp=null, accion=null, mensaje=null, lote=null, idestaustitulo=null, archivo=null, titulos=[])'),(268,'admin[ROLE_ADMIN, ROLE_USER]','2021-05-10 18:39:26','/titulo/historicoenvio/guardaritem','HistoricoEnvio(idhistoricoenvio=16, idusuario=null, timestamp=null, accion=null, mensaje=null, lote=null, idestaustitulo=null, archivo=null, titulos=[])'),(269,'admin[ROLE_ADMIN, ROLE_USER]','2021-05-10 18:40:13','/titulo/historicoenvio/wsenviar/','HistoricoEnvio(idhistoricoenvio=16, idusuario=null, timestamp=null, accion=null, mensaje=null, lote=null, idestaustitulo=null, archivo=null, titulos=[])'),(270,'admin[ROLE_ADMIN, ROLE_USER]','2021-05-10 19:18:20','/titulo/historicoenvio/wsenviar/','HistoricoEnvio(idhistoricoenvio=16, idusuario=null, timestamp=null, accion=null, mensaje=null, lote=null, idestaustitulo=null, archivo=null, titulos=[])'),(271,'admin[ROLE_ADMIN, ROLE_USER]','2021-05-10 19:18:27','/titulo/historicoenvio/wsconsulta/','HistoricoEnvio(idhistoricoenvio=16, idusuario=null, timestamp=null, accion=null, mensaje=null, lote=null, idestaustitulo=null, archivo=null, titulos=[])'),(272,'admin[ROLE_ADMIN, ROLE_USER]','2021-05-10 19:18:46','/titulo/historicoenvio/wsrecibe/','HistoricoEnvio(idhistoricoenvio=16, idusuario=null, timestamp=null, accion=null, mensaje=null, lote=null, idestaustitulo=null, archivo=null, titulos=[])'),(273,'admin[ROLE_ADMIN, ROLE_USER]','2021-05-10 19:24:57','sellodetitilo24','QtbRwAiPykOT4U90T84xqF/rh3Krc7bLxt3QriWu4J7kF9Jw00M0C2a1CXHFod3kwZcPllLPGJ54IIYfn7gsh+M3WLjVLZPINBhULG7WiHNFJGpuRLGnE5PWeT+bBcNu3KC7VkiHxxsiozosisSatYHTTljEuT2jVGRNgoi0EI7M6BIfXF7Cik0ktK7lDllpqNMP3yJs3hrk5F9K2HM0/DkOMMlvdl+MpWilsy88i5UQYoZw/mi852XtcmPHp+WpgxOAzqdhGxW5vXuHkmur0hksiVtmBN7vf4rHswDuc+idZ1lVs0C5uXOt8zdNxzCfinomBDqVDbPiFVLKdlZPdw=='),(274,'admin[ROLE_ADMIN, ROLE_USER]','2021-05-10 19:24:57','cadenaOriginaltitulo24','||1.0|411598MUIA820614MMNXBD09|ROCC790203HJCJNR03|1|DIRECTOR|DR|140349|CENTRO DE INVESTIGACION Y ASISTENCIA EN TECNOLOGIA Y DISENO DEL ESTADO DE JALISCO, A.C.|411598|MAESTRIA EN INVESTIGACION CLINICA|2015-01-02|2017-01-30|9|OTRO|MUIA820614MMNXBD09|ADRIANA IVETT |MUNOZ |IBARRA|adriana1406@hotmail.com|2017-01-14|1|POR TESIS|2017-01-14|2021-05-10|0|5|NO APLICA|14|JALISCO|Universidad Michoacana de San Nicolás de Hidalgo|2|LICENCIATURA|16|MICHOACÁN DE OCAMPO|1999-12-31|2004-12-31|7415443|||'),(275,'admin[ROLE_ADMIN, ROLE_USER]','2021-05-10 19:31:42','sellodetitilo24','fbrQoV/0rXmT2RqeKuI9TqNu76p/RU0cP61AQDqvkCn8lfIH3BvqtcvCpIx6NvkJweBdSPKz1ONM5Coi6DcOIq3Wa1RCHrJbPHiqlzaIQk1a2YoA4133OtfR6Xnyq9O5sOs8MW9O+/6BjQfn0w+SegHNX/ADeXM54fxzsxlEJJAWrvvRgueg4hg5Huckh9s5KBSIFS7IZqpx3VQNNsShn4xgtugKySJ1EbTHcPEgaHvpYithRuFu5ZZ9Z3garTDL7MgSTjxIFfLDeWdx8EcWZa2NH+nDd+W6Tpocair0RM24GxJa++x8F6nYBtrS4NZFTMFUV380zQl9j+NUkHihvA=='),(276,'admin[ROLE_ADMIN, ROLE_USER]','2021-05-10 19:31:42','cadenaOriginaltitulo24','||1.0|411598MUIA820614MMNXBD09|ROCC790203HJCJNR03|1|DIRECTOR|DR|140349|CENTRO DE INVESTIGACION Y ASISTENCIA EN TECNOLOGIA Y DISENO DEL ESTADO DE JALISCO AC|411598|MAESTRIA EN INVESTIGACION CLINICA|2015-01-02|2017-01-30|9|OTRO|MUIA820614MMNXBD09|ADRIANA IVETT |MUNOZ |IBARRA|adriana1406@hotmail.com|2017-01-14|1|POR TESIS|2017-01-14|2021-05-10|0|5|NO APLICA|14|JALISCO|Universidad Michoacana de San Nicolás de Hidalgo|2|LICENCIATURA|16|MICHOACÁN DE OCAMPO|1999-12-31|2004-12-31|7415443|||'),(277,'admin[ROLE_ADMIN, ROLE_USER]','2021-05-10 19:34:36','/titulo/historicoenvio/wsenviar/','HistoricoEnvio(idhistoricoenvio=16, idusuario=null, timestamp=null, accion=null, mensaje=null, lote=null, idestaustitulo=null, archivo=null, titulos=[])'),(278,'admin[ROLE_ADMIN, ROLE_USER]','2021-05-10 19:34:40','/titulo/historicoenvio/wsconsulta/','HistoricoEnvio(idhistoricoenvio=16, idusuario=null, timestamp=null, accion=null, mensaje=null, lote=null, idestaustitulo=null, archivo=null, titulos=[])'),(279,'admin[ROLE_ADMIN, ROLE_USER]','2021-05-10 19:34:47','/titulo/historicoenvio/wsrecibe/','HistoricoEnvio(idhistoricoenvio=16, idusuario=null, timestamp=null, accion=null, mensaje=null, lote=null, idestaustitulo=null, archivo=null, titulos=[])'),(280,'admin[ROLE_ADMIN, ROLE_USER]','2021-05-10 20:48:40','sellodetitilo24','gsjkSAdgK2YS1rhNNjT4tEpUCRq/7ZS0gNa4ZPtNevTUgWKKrX3OdAUCIVnYSHH1swn6EFrzk+TwuVCulgo6g/sPc8kV1SDC+P+u7VfnuMvqN9SmVJrPgNwevXRaqsrkbVywpa2/QpZ6z/azYIF10aVxB8Y8SnMulFXO39ErPAoQYczlsYM2Fevjid6UaQe61UGDY86w/I2qOZvgnQriQoZTyS6JacmkWZRvejhrFQf1nYGKZev+HV+88ODR4y16ZxahuqPB6SpDbXoxMTR8MhduY2JSPilexT9elinM6iUJy3yyNHkR5WnR73elf8fhNkPBaJEjFLvn8fh6h2mDTQ=='),(281,'admin[ROLE_ADMIN, ROLE_USER]','2021-05-10 20:48:40','cadenaOriginaltitulo24','||1.0|411598MUIA820614MMNXBD09|ROCC790203HJCJNR03|1|DIRECTOR|DR|140349|CTRO. DE INVEST. Y ASISTENCIA EN TECNOL. Y DISENO DEL EDO. DE JAL. A.C. CIATEJ |411598|MAESTRIA EN INVESTIGACION CLINICA|2015-01-02|2017-01-30|9|OTRO|MUIA820614MMNXBD09|ADRIANA IVETT |MUNOZ |IBARRA|adriana1406@hotmail.com|2017-01-14|1|POR TESIS|2017-01-14|2021-05-10|0|5|NO APLICA|14|JALISCO|Universidad Michoacana de San Nicolás de Hidalgo|2|LICENCIATURA|16|MICHOACÁN DE OCAMPO|1999-12-31|2004-12-31|7415443|||'),(282,'admin[ROLE_ADMIN, ROLE_USER]','2021-05-10 20:49:07','/titulo/historicoenvio/wsenviar/','HistoricoEnvio(idhistoricoenvio=16, idusuario=null, timestamp=null, accion=null, mensaje=null, lote=null, idestaustitulo=null, archivo=null, titulos=[])'),(283,'admin[ROLE_ADMIN, ROLE_USER]','2021-05-10 20:50:39','/titulo/historicoenvio/wsenviar/','HistoricoEnvio(idhistoricoenvio=16, idusuario=null, timestamp=null, accion=null, mensaje=null, lote=null, idestaustitulo=null, archivo=null, titulos=[])'),(284,'admin[ROLE_ADMIN, ROLE_USER]','2021-05-10 20:51:51','/titulo/historicoenvio/wsenviar/','HistoricoEnvio(idhistoricoenvio=16, idusuario=null, timestamp=null, accion=null, mensaje=null, lote=null, idestaustitulo=null, archivo=null, titulos=[])'),(285,'admin[ROLE_ADMIN, ROLE_USER]','2021-05-10 20:51:54','/titulo/historicoenvio/wsconsulta/','HistoricoEnvio(idhistoricoenvio=16, idusuario=null, timestamp=null, accion=null, mensaje=null, lote=null, idestaustitulo=null, archivo=null, titulos=[])'),(286,'admin[ROLE_ADMIN, ROLE_USER]','2021-05-10 20:51:56','/titulo/historicoenvio/wsrecibe/','HistoricoEnvio(idhistoricoenvio=16, idusuario=null, timestamp=null, accion=null, mensaje=null, lote=null, idestaustitulo=null, archivo=null, titulos=[])'),(287,'admin[ROLE_ADMIN, ROLE_USER]','2021-05-10 21:04:44','sellodetitilo24','SNY8P/k6fA+Zwk8pZBF20D8sWEpmAIVUkcBXtnWSmgHzD8sYVbKz5kUK2gitg/myqA2qNd5Zj7rzrpgCJZKj8Vnb2zQ49tqjp0bhAVqVZsBOvWpNfpbBwG+hm3/aInmTd+qEF5EFpn2cuLjoceu7KOxpu+1KcO2YRglrq1623Uzb/vE+5o6J2AkVI85AihwuDphEShIP2daX94dVDRsyGhVsV40ruYcDNxIkQ4uN1ILL3qwu4+uaf7GK3KaC1rW9uMYqf0wGe9hyBS377lmJLutu7wH1E9+aTzsjOPw7/nqE0oZ81aWi/q1KSXKN5DjgYOzFWvILVUodUUVkbWsMKQ=='),(288,'admin[ROLE_ADMIN, ROLE_USER]','2021-05-10 21:04:44','cadenaOriginaltitulo24','||1.0|411598MUIA820614MMNXBD09|ROCC790203HJCJNR03|1|DIRECTOR|DR|140349|CTRO. DE INVEST. Y ASISTENCIA EN TECNOL. Y DISENO DEL EDO. DE JAL. A.C. CIATEJ|411598|MAESTRIA EN INVESTIGACION CLINICA|2015-01-02|2017-01-30|9|OTRO|MUIA820614MMNXBD09|ADRIANA IVETT |MUNOZ |IBARRA|adriana1406@hotmail.com|2017-01-14|1|POR TESIS|2017-01-14|2021-05-10|0|5|NO APLICA|14|JALISCO|Universidad Michoacana de San Nicolás de Hidalgo|2|LICENCIATURA|16|MICHOACÁN DE OCAMPO|1999-12-31|2004-12-31|7415443|||'),(289,'admin[ROLE_ADMIN, ROLE_USER]','2021-05-10 21:14:08','sellodetitilo24','SNY8P/k6fA+Zwk8pZBF20D8sWEpmAIVUkcBXtnWSmgHzD8sYVbKz5kUK2gitg/myqA2qNd5Zj7rzrpgCJZKj8Vnb2zQ49tqjp0bhAVqVZsBOvWpNfpbBwG+hm3/aInmTd+qEF5EFpn2cuLjoceu7KOxpu+1KcO2YRglrq1623Uzb/vE+5o6J2AkVI85AihwuDphEShIP2daX94dVDRsyGhVsV40ruYcDNxIkQ4uN1ILL3qwu4+uaf7GK3KaC1rW9uMYqf0wGe9hyBS377lmJLutu7wH1E9+aTzsjOPw7/nqE0oZ81aWi/q1KSXKN5DjgYOzFWvILVUodUUVkbWsMKQ=='),(290,'admin[ROLE_ADMIN, ROLE_USER]','2021-05-10 21:14:08','cadenaOriginaltitulo24','||1.0|411598MUIA820614MMNXBD09|ROCC790203HJCJNR03|1|DIRECTOR|DR|140349|CTRO. DE INVEST. Y ASISTENCIA EN TECNOL. Y DISENO DEL EDO. DE JAL. A.C. CIATEJ|411598|MAESTRIA EN INVESTIGACION CLINICA|2015-01-02|2017-01-30|9|OTRO|MUIA820614MMNXBD09|ADRIANA IVETT |MUNOZ |IBARRA|adriana1406@hotmail.com|2017-01-14|1|POR TESIS|2017-01-14|2021-05-10|0|5|NO APLICA|14|JALISCO|Universidad Michoacana de San Nicolás de Hidalgo|2|LICENCIATURA|16|MICHOACÁN DE OCAMPO|1999-12-31|2004-12-31|7415443|||'),(291,'admin[ROLE_ADMIN, ROLE_USER]','2021-05-10 21:14:39','/titulo/historicoenvio/wsenviar/','HistoricoEnvio(idhistoricoenvio=16, idusuario=null, timestamp=null, accion=null, mensaje=null, lote=null, idestaustitulo=null, archivo=null, titulos=[])'),(292,'admin[ROLE_ADMIN, ROLE_USER]','2021-05-10 21:14:43','/titulo/historicoenvio/wsconsulta/','HistoricoEnvio(idhistoricoenvio=16, idusuario=null, timestamp=null, accion=null, mensaje=null, lote=null, idestaustitulo=null, archivo=null, titulos=[])'),(293,'admin[ROLE_ADMIN, ROLE_USER]','2021-05-10 21:14:46','/titulo/historicoenvio/wsrecibe/','HistoricoEnvio(idhistoricoenvio=16, idusuario=null, timestamp=null, accion=null, mensaje=null, lote=null, idestaustitulo=null, archivo=null, titulos=[])'),(294,'admin[ROLE_ADMIN, ROLE_USER]','2021-05-10 21:22:12','sellodetitilo24','h6lbv6R6GrDRYjQ123tXZTROUYXT0yg6ENmTPbtQnXxgR8H64OT+++lz47VNoBHeRzpZwoldi5NcKO9TKTaUO19hZRtWluJ99zlwZlrSHAjPOrVu+omRQ/XjVe89dXtwFVKOUVbd+ql9n6yLeGVb4LgRwJGc3dtqYMc+Jbcgub5jaicPj+/Z0FbZ7/LxCUWMeY3yH5GbgFwbBMlJcb7iZw7yuYnPOBlKhRW0kiylhRi6YsF1yVMAYwEd+MMsqhtr85mDoghqDHDIQOIefyVIL86JnVstuCiv5hoFHVkcShIaU6kC+jKOxGf8IWYb/mW772sXAhnlHDw1sikkhMlHSQ=='),(295,'admin[ROLE_ADMIN, ROLE_USER]','2021-05-10 21:22:12','cadenaOriginaltitulo24','||1.0|411598MUIA820614MMNXBD08|ROCC790203HJCJNR03|1|DIRECTOR|DR|140349|CTRO. DE INVEST. Y ASISTENCIA EN TECNOL. Y DISENO DEL EDO. DE JAL. A.C. CIATEJ|411598|MAESTRIA EN INVESTIGACION CLINICA|2015-01-02|2017-01-30|9|OTRO|MUIA820614MMNXBD08|ADRIANA IVETT |MUNOZ |IBARRA|adriana1406@hotmail.com|2017-01-14|1|POR TESIS|2017-01-14|2021-05-10|0|5|NO APLICA|14|JALISCO|Universidad Michoacana de San Nicolás de Hidalgo|2|LICENCIATURA|16|MICHOACÁN DE OCAMPO|1999-12-31|2004-12-31|7415443|||'),(296,'admin[ROLE_ADMIN, ROLE_USER]','2021-05-10 21:22:29','/titulo/historicoenvio/wsenviar/','HistoricoEnvio(idhistoricoenvio=16, idusuario=null, timestamp=null, accion=null, mensaje=null, lote=null, idestaustitulo=null, archivo=null, titulos=[])'),(297,'admin[ROLE_ADMIN, ROLE_USER]','2021-05-10 21:22:32','/titulo/historicoenvio/wsconsulta/','HistoricoEnvio(idhistoricoenvio=16, idusuario=null, timestamp=null, accion=null, mensaje=null, lote=null, idestaustitulo=null, archivo=null, titulos=[])'),(298,'admin[ROLE_ADMIN, ROLE_USER]','2021-05-10 21:22:35','/titulo/historicoenvio/wsrecibe/','HistoricoEnvio(idhistoricoenvio=16, idusuario=null, timestamp=null, accion=null, mensaje=null, lote=null, idestaustitulo=null, archivo=null, titulos=[])'),(299,'admin[ROLE_ADMIN, ROLE_USER]','2021-05-10 21:23:35','/titulo/historicoenvio/wsrecibe/','HistoricoEnvio(idhistoricoenvio=16, idusuario=null, timestamp=null, accion=null, mensaje=null, lote=null, idestaustitulo=null, archivo=null, titulos=[])'),(300,'admin[ROLE_ADMIN, ROLE_USER]','2021-05-10 21:23:53','/titulo/historicoenvio/wsconsulta/','HistoricoEnvio(idhistoricoenvio=16, idusuario=null, timestamp=null, accion=null, mensaje=null, lote=null, idestaustitulo=null, archivo=null, titulos=[])'),(301,'admin[ROLE_ADMIN, ROLE_USER]','2021-05-10 21:24:04','/titulo/historicoenvio/wsrecibe/','HistoricoEnvio(idhistoricoenvio=16, idusuario=null, timestamp=null, accion=null, mensaje=null, lote=null, idestaustitulo=null, archivo=null, titulos=[])'),(302,'admin[ROLE_ADMIN, ROLE_USER]','2021-05-10 21:25:53','/titulo/historicoenvio/wsrecibe/','HistoricoEnvio(idhistoricoenvio=16, idusuario=null, timestamp=null, accion=null, mensaje=null, lote=null, idestaustitulo=null, archivo=null, titulos=[])'),(303,'admin[ROLE_ADMIN, ROLE_USER]','2021-05-10 22:20:13','/titulo/historicoenvio/wsenviar/','HistoricoEnvio(idhistoricoenvio=16, idusuario=null, timestamp=null, accion=null, mensaje=null, lote=null, idestaustitulo=null, archivo=null, titulos=[])'),(304,'admin[ROLE_ADMIN, ROLE_USER]','2021-05-10 22:20:13','/titulo/historicoenvio/wsenviar/','HistoricoEnvio(idhistoricoenvio=16, idusuario=null, timestamp=null, accion=null, mensaje=null, lote=null, idestaustitulo=null, archivo=null, titulos=[])'),(305,'admin[ROLE_ADMIN, ROLE_USER]','2021-05-10 22:20:25','sellodetitilo24','Qx9ITLxs5l7ZHwJtZU1MJFHG00EJCFMZuBlpMuDjt/ZRlnqgszsxokrVRCxq5+DOcleaWGIbpIjOfNU3gzLxKCqT7nRlxhOGBOsUJ27UttC/SYFfIA3lRctBEiHz8Re3jdn9E8qi9Obkf8mWwj6JmwFIw95+4mE5IkZe0H7V/oMfHvUITcZAlKFXy7avqz2XnYr+AiXWosvu2k5+tlgz9vguO+nYtDOQOtJA9oUKx2cyrrO772oCX5kzOHyrtiGx4darV3nnltXwbb5xkIWAt4O6gl3ugakbAr+F1hbkEFn4hOL6dyfTxy5tpdsRVHQNfXlDfhle+7EpI7XZCeRDMw=='),(306,'admin[ROLE_ADMIN, ROLE_USER]','2021-05-10 22:20:25','cadenaOriginaltitulo24','||1.0|411598MUIA820614MMNXBD08|ROCC790203HJCJNR03|1|DIRECTOR|DR|140349|CTRO. DE INVEST. Y ASISTENCIA EN TECNOL. Y DISENO DEL EDO. DE JAL. A.C. CIATEJ|411598|MAESTRIA EN INVESTIGACION CLINICA|2015-01-02|2017-01-30|9|OTRO|MUIA820614MMNXBD08|ADRIANA IVETT|MUNOZ|IBARRA|adriana1406@hotmail.com|2017-01-14|1|POR TESIS|2017-01-14|2021-05-10|0|5|NO APLICA|14|JALISCO|Universidad Michoacana de San Nicolás de Hidalgo|2|LICENCIATURA|16|MICHOACÁN DE OCAMPO|1999-12-31|2004-12-31|7415443|||'),(307,'admin[ROLE_ADMIN, ROLE_USER]','2021-05-10 22:21:13','/titulo/historicoenvio/wsenviar/','HistoricoEnvio(idhistoricoenvio=16, idusuario=null, timestamp=null, accion=null, mensaje=null, lote=null, idestaustitulo=null, archivo=null, titulos=[])'),(308,'admin[ROLE_ADMIN, ROLE_USER]','2021-05-10 22:21:19','/titulo/historicoenvio/wsconsulta/','HistoricoEnvio(idhistoricoenvio=16, idusuario=null, timestamp=null, accion=null, mensaje=null, lote=null, idestaustitulo=null, archivo=null, titulos=[])'),(309,'admin[ROLE_ADMIN, ROLE_USER]','2021-05-10 22:21:22','/titulo/historicoenvio/wsrecibe/','HistoricoEnvio(idhistoricoenvio=16, idusuario=null, timestamp=null, accion=null, mensaje=null, lote=null, idestaustitulo=null, archivo=null, titulos=[])'),(310,'admin[ROLE_ADMIN, ROLE_USER]','2021-05-10 22:32:54','sellodetitilo24','Y7qzKTb4OF6dF4fsgW2eGhsuykAo8WmOdHmGlezYHlDyzmYH9z833rUYYy1bBn/noxi+SaaSwtq4/upFcUJVyxOdSYNyIMfM0A9xbew/BCBa6mexqgZ9yl7J9vGq4PwhEJjpidMpMsJDl8RCVd41lZ+dI6fdToKMnTLxBT4svuJlOdRcABwsYXD0OCJ2QLYxbLjz8txcp/lYDzQ5GgNfWdvgr8/zaYGTK4Z2EC7ncZZe8pJip5wQx9wn4doi+Xg9LatgExFH3ituixELV105xDmA1CXsygUQAj72vy5SCAvYBhVxxa96Ujz0nMHBvYl7PHKfFlItnPyvQyDabC8wgw=='),(311,'admin[ROLE_ADMIN, ROLE_USER]','2021-05-10 22:32:54','cadenaOriginaltitulo24','||1.0|411598MUIA820614MMNXBD08|ROCC790203HJCJNR03|1|DIRECTOR|DR|140349|CTRO. DE INVEST. Y ASISTENCIA EN TECNOL. Y DISEÑO DEL EDO. DE JAL. A.C. CIATEJ|411598|MAESTRIA EN INVESTIGACION CLINICA|2015-01-02|2017-01-30|9|OTRO|MUIA820614MMNXBD08|ADRIANA IVETT|MUÑOZ|IBARRA|adriana1406@hotmail.com|2017-01-14|1|POR TESIS|2017-01-14|2021-05-10|0|5|NO APLICA|14|JALISCO|Universidad Michoacana de San Nicolás de Hidalgo|2|LICENCIATURA|16|MICHOACÁN DE OCAMPO|1999-12-31|2004-12-31|7415443|||'),(312,'admin[ROLE_ADMIN, ROLE_USER]','2021-05-10 22:33:19','/titulo/historicoenvio/wsenviar/','HistoricoEnvio(idhistoricoenvio=16, idusuario=null, timestamp=null, accion=null, mensaje=null, lote=null, idestaustitulo=null, archivo=null, titulos=[])'),(313,'admin[ROLE_ADMIN, ROLE_USER]','2021-05-10 22:33:52','/titulo/historicoenvio/wsconsulta/','HistoricoEnvio(idhistoricoenvio=16, idusuario=null, timestamp=null, accion=null, mensaje=null, lote=null, idestaustitulo=null, archivo=null, titulos=[])'),(314,'admin[ROLE_ADMIN, ROLE_USER]','2021-05-10 22:33:56','/titulo/historicoenvio/wsrecibe/','HistoricoEnvio(idhistoricoenvio=16, idusuario=null, timestamp=null, accion=null, mensaje=null, lote=null, idestaustitulo=null, archivo=null, titulos=[])'),(315,'admin[ROLE_ADMIN, ROLE_USER]','2021-05-10 22:42:20','/titulo/guardar','Titulo(idtitulo=24, curp=MUIA820614MMNXBD08, nombre=Adriana Ivett, primerapellido=Muñoz, segundoapellido=Ibarra, correoelectronico=adriana1406@hotmail.com, fechainicio=Fri Jan 02 18:00:00 CST 2015, fechaterminacion=Fri Jan 06 18:00:00 CST 2017, fechaexpedicion=Sat Jan 14 18:00:00 CST 2017, fechaexamenprofesional=Sat Jan 14 18:00:00 CST 2017, fechaexencionexamenprofecional=null, cumplioserviciosocial=0, institucionprocedencia=Universidad Michoacana de San Nicolás de Hidalgo, fechainicio_procedencia=Fri Dec 31 18:00:00 CST 1999, fechaterminacion_procedencia=Fri Dec 31 18:00:00 CST 2004, nocedula=7415443, lote=null, nombrexmlenvio=null, tituloxml=null, institucioncarrera=institucioncarrera(idinstitucioncarrera=2, institucion=institucion(institucion_id=140349, nombre_institucion=CTRO. DE INVEST. Y ASISTENCIA EN TECNOL. Y DISEÑO DEL EDO. DE JAL. A.C. CIATEJ, id_entidad_federativa=14), carrera=carrera(cve_carrera=411598, nombre_carrera=MAESTRÍA EN INVESTIGACIÓN CLÍNICA, nivel_educativo=MAESTRÍA, rvoe_dgp=null, tipo_rvoe=null, id_entidad_federativa_rvoe=null, sostenimiento=FEDERAL)), modalidadtitulacion=ModalidadTitulacion(id_modalidad_titulacion=1, modalidad_titulacion=POR TESIS, tipo_de_modalidad=ACTA DE EXAMEN), fundamentoLegalServicioSocial=FundamentoLegalServicioSocial(id_fundamento_legal_servicio_social=5, fundamento_legal_servicio_social=NO APLICA), entidadFederativa=entidadFederativa(identidadfederativa=14, c_nom_ent=JALISCO, c_entidad_abr=JAL  ), entidadFederativa_procedencia=entidadFederativa(identidadfederativa=16, c_nom_ent=MICHOACÁN DE OCAMPO, c_entidad_abr=MICH ), autorizacionReconocimiento=AutorizacionReconocimiento(id_autorizacion_reconocimiento=9, autorizacion_reconocimiento=OTRO), tipostudioAntecedente=TipoEstudioAntecedente(id_tipo_estudio_antecedente=2, tipo_estudio_antecedente=LICENCIATURA, tipo_educativo_del_antecedente=EDUCACIÓN SUPERIOR), historicoenvio=null, firmatitulo=null)'),(316,'admin[ROLE_ADMIN, ROLE_USER]','2021-05-10 22:47:49','sellodetitilo24','CBKoRBvKU7FD5o3J/qQgPSasBqc8SCiva4XxVIbgoq7uCvdIwaIAb9T/WoDYTEL1QZV5IXWiNObAmJuE5v1jiFVmebjXOfFl5FPzTyraasYUFr4bzJEsDUJofzsfPFHgJzuStudRpY8HLXCMVgDXsyjiRX/e4yq+AyRBwm61GOMis6jewCNkG7jxZL9vvIVCCda4CHZmaRlYR17dQpbuLRzsDmtXZ4uxgEEq+JNL2ZBgrd9aVL/EY3QQ/gkpOXe5cCdDHAT57yl3rOQ7fZdtomw9FKp1huzkK64nVS364ugknRiocW9JuYCZvCtKyg8nEq9P2NtMHdnU+za1uOl70A=='),(317,'admin[ROLE_ADMIN, ROLE_USER]','2021-05-10 22:47:49','cadenaOriginaltitulo24','||1.0|411598MUIA820614MMNXBD08|ROCC790203HJCJNR03|1|DIRECTOR|DR|140349|CTRO. DE INVEST. Y ASISTENCIA EN TECNOL. Y DISEÑO DEL EDO. DE JAL. A.C. CIATEJ|411598|MAESTRIA EN INVESTIGACION CLINICA|2015-01-02|2017-01-06|9|OTRO|MUIA820614MMNXBD08|ADRIANA IVETT|MUÑOZ|IBARRA|adriana1406@hotmail.com|2017-01-14|1|POR TESIS|2017-01-14|2021-05-10|0|5|NO APLICA|14|JALISCO|Universidad Michoacana de San Nicolás de Hidalgo|2|LICENCIATURA|16|MICHOACÁN DE OCAMPO|1999-12-31|2004-12-31|7415443|||'),(318,'admin[ROLE_ADMIN, ROLE_USER]','2021-05-10 22:47:49','/titulo/xml/','Titulo(idtitulo=24, curp=MUIA820614MMNXBD08, nombre=Adriana Ivett, primerapellido=Muñoz, segundoapellido=Ibarra, correoelectronico=adriana1406@hotmail.com, fechainicio=2015-01-02, fechaterminacion=2017-01-06, fechaexpedicion=2017-01-14, fechaexamenprofesional=2017-01-14, fechaexencionexamenprofecional=null, cumplioserviciosocial=0, institucionprocedencia=Universidad Michoacana de San Nicolás de Hidalgo, fechainicio_procedencia=1999-12-31, fechaterminacion_procedencia=2004-12-31, nocedula=7415443, lote=null, nombrexmlenvio=411598MUIA820614MMNXBD08.xml, tituloxml=null, institucioncarrera=institucioncarrera(idinstitucioncarrera=2, institucion=institucion(institucion_id=140349, nombre_institucion=CTRO. DE INVEST. Y ASISTENCIA EN TECNOL. Y DISEÑO DEL EDO. DE JAL. A.C. CIATEJ, id_entidad_federativa=14), carrera=carrera(cve_carrera=411598, nombre_carrera=MAESTRÍA EN INVESTIGACIÓN CLÍNICA, nivel_educativo=MAESTRÍA, rvoe_dgp=null, tipo_rvoe=null, id_entidad_federativa_rvoe=null, sostenimiento=FEDERAL)), modalidadtitulacion=ModalidadTitulacion(id_modalidad_titulacion=1, modalidad_titulacion=POR TESIS, tipo_de_modalidad=ACTA DE EXAMEN), fundamentoLegalServicioSocial=FundamentoLegalServicioSocial(id_fundamento_legal_servicio_social=5, fundamento_legal_servicio_social=NO APLICA), entidadFederativa=entidadFederativa(identidadfederativa=14, c_nom_ent=JALISCO, c_entidad_abr=JAL  ), entidadFederativa_procedencia=entidadFederativa(identidadfederativa=16, c_nom_ent=MICHOACÁN DE OCAMPO, c_entidad_abr=MICH ), autorizacionReconocimiento=AutorizacionReconocimiento(id_autorizacion_reconocimiento=9, autorizacion_reconocimiento=OTRO), tipostudioAntecedente=TipoEstudioAntecedente(id_tipo_estudio_antecedente=2, tipo_estudio_antecedente=LICENCIATURA, tipo_educativo_del_antecedente=EDUCACIÓN SUPERIOR), historicoenvio=null, firmatitulo=[])'),(319,'admin[ROLE_ADMIN, ROLE_USER]','2021-05-10 22:48:38','/titulo/historicoenvio/wsenviar/','HistoricoEnvio(idhistoricoenvio=16, idusuario=null, timestamp=null, accion=null, mensaje=null, lote=null, idestaustitulo=null, archivo=null, titulos=[])'),(320,'admin[ROLE_ADMIN, ROLE_USER]','2021-05-10 22:48:51','/titulo/historicoenvio/wsconsulta/','HistoricoEnvio(idhistoricoenvio=16, idusuario=null, timestamp=null, accion=null, mensaje=null, lote=null, idestaustitulo=null, archivo=null, titulos=[])'),(321,'admin[ROLE_ADMIN, ROLE_USER]','2021-05-10 22:48:55','/titulo/historicoenvio/wsrecibe/','HistoricoEnvio(idhistoricoenvio=16, idusuario=null, timestamp=null, accion=null, mensaje=null, lote=null, idestaustitulo=null, archivo=null, titulos=[])'),(322,'admin[ROLE_ADMIN, ROLE_USER]','2021-05-10 23:06:09','sellodetitilo24','CBKoRBvKU7FD5o3J/qQgPSasBqc8SCiva4XxVIbgoq7uCvdIwaIAb9T/WoDYTEL1QZV5IXWiNObAmJuE5v1jiFVmebjXOfFl5FPzTyraasYUFr4bzJEsDUJofzsfPFHgJzuStudRpY8HLXCMVgDXsyjiRX/e4yq+AyRBwm61GOMis6jewCNkG7jxZL9vvIVCCda4CHZmaRlYR17dQpbuLRzsDmtXZ4uxgEEq+JNL2ZBgrd9aVL/EY3QQ/gkpOXe5cCdDHAT57yl3rOQ7fZdtomw9FKp1huzkK64nVS364ugknRiocW9JuYCZvCtKyg8nEq9P2NtMHdnU+za1uOl70A=='),(323,'admin[ROLE_ADMIN, ROLE_USER]','2021-05-10 23:06:09','cadenaOriginaltitulo24','||1.0|411598MUIA820614MMNXBD08|ROCC790203HJCJNR03|1|DIRECTOR|DR|140349|CTRO. DE INVEST. Y ASISTENCIA EN TECNOL. Y DISEÑO DEL EDO. DE JAL. A.C. CIATEJ|411598|MAESTRIA EN INVESTIGACION CLINICA|2015-01-02|2017-01-06|9|OTRO|MUIA820614MMNXBD08|ADRIANA IVETT|MUÑOZ|IBARRA|adriana1406@hotmail.com|2017-01-14|1|POR TESIS|2017-01-14|2021-05-10|0|5|NO APLICA|14|JALISCO|Universidad Michoacana de San Nicolás de Hidalgo|2|LICENCIATURA|16|MICHOACÁN DE OCAMPO|1999-12-31|2004-12-31|7415443|||'),(324,'admin[ROLE_ADMIN, ROLE_USER]','2021-05-10 23:06:09','/titulo/xml/','Titulo(idtitulo=24, curp=MUIA820614MMNXBD08, nombre=Adriana Ivett, primerapellido=Muñoz, segundoapellido=Ibarra, correoelectronico=adriana1406@hotmail.com, fechainicio=2015-01-02, fechaterminacion=2017-01-06, fechaexpedicion=2017-01-14, fechaexamenprofesional=2017-01-14, fechaexencionexamenprofecional=null, cumplioserviciosocial=0, institucionprocedencia=Universidad Michoacana de San Nicolás de Hidalgo, fechainicio_procedencia=1999-12-31, fechaterminacion_procedencia=2004-12-31, nocedula=7415443, lote=null, nombrexmlenvio=411598MUIA820614MMNXBD08.xml, tituloxml=null, institucioncarrera=institucioncarrera(idinstitucioncarrera=2, institucion=institucion(institucion_id=140349, nombre_institucion=CTRO. DE INVEST. Y ASISTENCIA EN TECNOL. Y DISEÑO DEL EDO. DE JAL. A.C. CIATEJ, id_entidad_federativa=14), carrera=carrera(cve_carrera=411598, nombre_carrera=MAESTRÍA EN INVESTIGACIÓN CLÍNICA, nivel_educativo=MAESTRÍA, rvoe_dgp=null, tipo_rvoe=null, id_entidad_federativa_rvoe=null, sostenimiento=FEDERAL)), modalidadtitulacion=ModalidadTitulacion(id_modalidad_titulacion=1, modalidad_titulacion=POR TESIS, tipo_de_modalidad=ACTA DE EXAMEN), fundamentoLegalServicioSocial=FundamentoLegalServicioSocial(id_fundamento_legal_servicio_social=5, fundamento_legal_servicio_social=NO APLICA), entidadFederativa=entidadFederativa(identidadfederativa=14, c_nom_ent=JALISCO, c_entidad_abr=JAL  ), entidadFederativa_procedencia=entidadFederativa(identidadfederativa=16, c_nom_ent=MICHOACÁN DE OCAMPO, c_entidad_abr=MICH ), autorizacionReconocimiento=AutorizacionReconocimiento(id_autorizacion_reconocimiento=9, autorizacion_reconocimiento=OTRO), tipostudioAntecedente=TipoEstudioAntecedente(id_tipo_estudio_antecedente=2, tipo_estudio_antecedente=LICENCIATURA, tipo_educativo_del_antecedente=EDUCACIÓN SUPERIOR), historicoenvio=null, firmatitulo=[])'),(325,'admin[ROLE_ADMIN, ROLE_USER]','2021-05-10 23:12:52','sellodetitilo24','CBKoRBvKU7FD5o3J/qQgPSasBqc8SCiva4XxVIbgoq7uCvdIwaIAb9T/WoDYTEL1QZV5IXWiNObAmJuE5v1jiFVmebjXOfFl5FPzTyraasYUFr4bzJEsDUJofzsfPFHgJzuStudRpY8HLXCMVgDXsyjiRX/e4yq+AyRBwm61GOMis6jewCNkG7jxZL9vvIVCCda4CHZmaRlYR17dQpbuLRzsDmtXZ4uxgEEq+JNL2ZBgrd9aVL/EY3QQ/gkpOXe5cCdDHAT57yl3rOQ7fZdtomw9FKp1huzkK64nVS364ugknRiocW9JuYCZvCtKyg8nEq9P2NtMHdnU+za1uOl70A=='),(326,'admin[ROLE_ADMIN, ROLE_USER]','2021-05-10 23:12:52','cadenaOriginaltitulo24','||1.0|411598MUIA820614MMNXBD08|ROCC790203HJCJNR03|1|DIRECTOR|DR|140349|CTRO. DE INVEST. Y ASISTENCIA EN TECNOL. Y DISEÑO DEL EDO. DE JAL. A.C. CIATEJ|411598|MAESTRIA EN INVESTIGACION CLINICA|2015-01-02|2017-01-06|9|OTRO|MUIA820614MMNXBD08|ADRIANA IVETT|MUÑOZ|IBARRA|adriana1406@hotmail.com|2017-01-14|1|POR TESIS|2017-01-14|2021-05-10|0|5|NO APLICA|14|JALISCO|Universidad Michoacana de San Nicolás de Hidalgo|2|LICENCIATURA|16|MICHOACÁN DE OCAMPO|1999-12-31|2004-12-31|7415443|||'),(327,'admin[ROLE_ADMIN, ROLE_USER]','2021-05-10 23:12:52','/titulo/xml/','Titulo(idtitulo=24, curp=MUIA820614MMNXBD08, nombre=Adriana Ivett, primerapellido=Muñoz, segundoapellido=Ibarra, correoelectronico=adriana1406@hotmail.com, fechainicio=2015-01-02, fechaterminacion=2017-01-06, fechaexpedicion=2017-01-14, fechaexamenprofesional=2017-01-14, fechaexencionexamenprofecional=null, cumplioserviciosocial=0, institucionprocedencia=Universidad Michoacana de San Nicolás de Hidalgo, fechainicio_procedencia=1999-12-31, fechaterminacion_procedencia=2004-12-31, nocedula=7415443, lote=null, nombrexmlenvio=411598MUIA820614MMNXBD08.xml, tituloxml=null, institucioncarrera=institucioncarrera(idinstitucioncarrera=2, institucion=institucion(institucion_id=140349, nombre_institucion=CTRO. DE INVEST. Y ASISTENCIA EN TECNOL. Y DISEÑO DEL EDO. DE JAL. A.C. CIATEJ, id_entidad_federativa=14), carrera=carrera(cve_carrera=411598, nombre_carrera=MAESTRÍA EN INVESTIGACIÓN CLÍNICA, nivel_educativo=MAESTRÍA, rvoe_dgp=null, tipo_rvoe=null, id_entidad_federativa_rvoe=null, sostenimiento=FEDERAL)), modalidadtitulacion=ModalidadTitulacion(id_modalidad_titulacion=1, modalidad_titulacion=POR TESIS, tipo_de_modalidad=ACTA DE EXAMEN), fundamentoLegalServicioSocial=FundamentoLegalServicioSocial(id_fundamento_legal_servicio_social=5, fundamento_legal_servicio_social=NO APLICA), entidadFederativa=entidadFederativa(identidadfederativa=14, c_nom_ent=JALISCO, c_entidad_abr=JAL  ), entidadFederativa_procedencia=entidadFederativa(identidadfederativa=16, c_nom_ent=MICHOACÁN DE OCAMPO, c_entidad_abr=MICH ), autorizacionReconocimiento=AutorizacionReconocimiento(id_autorizacion_reconocimiento=9, autorizacion_reconocimiento=OTRO), tipostudioAntecedente=TipoEstudioAntecedente(id_tipo_estudio_antecedente=2, tipo_estudio_antecedente=LICENCIATURA, tipo_educativo_del_antecedente=EDUCACIÓN SUPERIOR), historicoenvio=null, firmatitulo=[])'),(328,'admin[ROLE_ADMIN, ROLE_USER]','2021-05-10 23:15:11','/titulo/historicoenvio/wsenviar/','HistoricoEnvio(idhistoricoenvio=16, idusuario=null, timestamp=null, accion=null, mensaje=null, lote=null, idestaustitulo=null, archivo=null, titulos=[])'),(329,'admin[ROLE_ADMIN, ROLE_USER]','2021-05-10 23:15:38','/titulo/historicoenvio/wsenviar/','HistoricoEnvio(idhistoricoenvio=16, idusuario=null, timestamp=null, accion=null, mensaje=null, lote=null, idestaustitulo=null, archivo=null, titulos=[])'),(330,'admin[ROLE_ADMIN, ROLE_USER]','2021-05-10 23:21:19','sellodetitilo24','CBKoRBvKU7FD5o3J/qQgPSasBqc8SCiva4XxVIbgoq7uCvdIwaIAb9T/WoDYTEL1QZV5IXWiNObAmJuE5v1jiFVmebjXOfFl5FPzTyraasYUFr4bzJEsDUJofzsfPFHgJzuStudRpY8HLXCMVgDXsyjiRX/e4yq+AyRBwm61GOMis6jewCNkG7jxZL9vvIVCCda4CHZmaRlYR17dQpbuLRzsDmtXZ4uxgEEq+JNL2ZBgrd9aVL/EY3QQ/gkpOXe5cCdDHAT57yl3rOQ7fZdtomw9FKp1huzkK64nVS364ugknRiocW9JuYCZvCtKyg8nEq9P2NtMHdnU+za1uOl70A=='),(331,'admin[ROLE_ADMIN, ROLE_USER]','2021-05-10 23:21:19','cadenaOriginaltitulo24','||1.0|411598MUIA820614MMNXBD08|ROCC790203HJCJNR03|1|DIRECTOR|DR|140349|CTRO. DE INVEST. Y ASISTENCIA EN TECNOL. Y DISEÑO DEL EDO. DE JAL. A.C. CIATEJ|411598|MAESTRIA EN INVESTIGACION CLINICA|2015-01-02|2017-01-06|9|OTRO|MUIA820614MMNXBD08|ADRIANA IVETT|MUÑOZ|IBARRA|adriana1406@hotmail.com|2017-01-14|1|POR TESIS|2017-01-14|2021-05-10|0|5|NO APLICA|14|JALISCO|Universidad Michoacana de San Nicolás de Hidalgo|2|LICENCIATURA|16|MICHOACÁN DE OCAMPO|1999-12-31|2004-12-31|7415443|||'),(332,'admin[ROLE_ADMIN, ROLE_USER]','2021-05-10 23:21:19','/titulo/xml/','Titulo(idtitulo=24, curp=MUIA820614MMNXBD08, nombre=Adriana Ivett, primerapellido=Muñoz, segundoapellido=Ibarra, correoelectronico=adriana1406@hotmail.com, fechainicio=2015-01-02, fechaterminacion=2017-01-06, fechaexpedicion=2017-01-14, fechaexamenprofesional=2017-01-14, fechaexencionexamenprofecional=null, cumplioserviciosocial=0, institucionprocedencia=Universidad Michoacana de San Nicolás de Hidalgo, fechainicio_procedencia=1999-12-31, fechaterminacion_procedencia=2004-12-31, nocedula=7415443, lote=null, nombrexmlenvio=411598MUIA820614MMNXBD08.xml, tituloxml=null, institucioncarrera=institucioncarrera(idinstitucioncarrera=2, institucion=institucion(institucion_id=140349, nombre_institucion=CTRO. DE INVEST. Y ASISTENCIA EN TECNOL. Y DISEÑO DEL EDO. DE JAL. A.C. CIATEJ, id_entidad_federativa=14), carrera=carrera(cve_carrera=411598, nombre_carrera=MAESTRÍA EN INVESTIGACIÓN CLÍNICA, nivel_educativo=MAESTRÍA, rvoe_dgp=null, tipo_rvoe=null, id_entidad_federativa_rvoe=null, sostenimiento=FEDERAL)), modalidadtitulacion=ModalidadTitulacion(id_modalidad_titulacion=1, modalidad_titulacion=POR TESIS, tipo_de_modalidad=ACTA DE EXAMEN), fundamentoLegalServicioSocial=FundamentoLegalServicioSocial(id_fundamento_legal_servicio_social=5, fundamento_legal_servicio_social=NO APLICA), entidadFederativa=entidadFederativa(identidadfederativa=14, c_nom_ent=JALISCO, c_entidad_abr=JAL  ), entidadFederativa_procedencia=entidadFederativa(identidadfederativa=16, c_nom_ent=MICHOACÁN DE OCAMPO, c_entidad_abr=MICH ), autorizacionReconocimiento=AutorizacionReconocimiento(id_autorizacion_reconocimiento=9, autorizacion_reconocimiento=OTRO), tipostudioAntecedente=TipoEstudioAntecedente(id_tipo_estudio_antecedente=2, tipo_estudio_antecedente=LICENCIATURA, tipo_educativo_del_antecedente=EDUCACIÓN SUPERIOR), historicoenvio=null, firmatitulo=[])'),(333,'admin[ROLE_ADMIN, ROLE_USER]','2021-05-10 23:21:47','/titulo/historicoenvio/wsenviar/','HistoricoEnvio(idhistoricoenvio=16, idusuario=null, timestamp=null, accion=null, mensaje=null, lote=null, idestaustitulo=null, archivo=null, titulos=[])'),(334,'admin[ROLE_ADMIN, ROLE_USER]','2021-05-10 23:22:06','/titulo/historicoenvio/guardaritem','HistoricoEnvio(idhistoricoenvio=16, idusuario=null, timestamp=null, accion=null, mensaje=null, lote=null, idestaustitulo=null, archivo=null, titulos=[])'),(335,'admin[ROLE_ADMIN, ROLE_USER]','2021-05-10 23:22:16','/titulo/historicoenvio/wsenviar/','HistoricoEnvio(idhistoricoenvio=16, idusuario=null, timestamp=null, accion=null, mensaje=null, lote=null, idestaustitulo=null, archivo=null, titulos=[])'),(336,'admin[ROLE_ADMIN, ROLE_USER]','2021-05-10 23:22:21','/titulo/historicoenvio/wsconsulta/','HistoricoEnvio(idhistoricoenvio=16, idusuario=null, timestamp=null, accion=null, mensaje=null, lote=null, idestaustitulo=null, archivo=null, titulos=[])'),(337,'admin[ROLE_ADMIN, ROLE_USER]','2021-05-10 23:22:24','/titulo/historicoenvio/wsrecibe/','HistoricoEnvio(idhistoricoenvio=16, idusuario=null, timestamp=null, accion=null, mensaje=null, lote=null, idestaustitulo=null, archivo=null, titulos=[])'),(338,'admin[ROLE_ADMIN, ROLE_USER]','2021-06-02 20:21:03','/titulo/guardar','Titulo(idtitulo=25, curp=RUMD830813HDFZLN00, nombre=Daniel, primerapellido=Ruiz, segundoapellido=Molina, correoelectronico=daniel.ruiz@cecype.com, fechainicio=Thu Jan 21 18:00:00 CST 2016, fechaterminacion=Tue Jan 30 18:00:00 CST 2018, fechaexpedicion=Thu Jan 11 18:00:00 CST 2018, fechaexamenprofesional=Thu Jan 11 18:00:00 CST 2018, fechaexencionexamenprofecional=null, cumplioserviciosocial=0, institucionprocedencia=Universidad Nacional Autónoma de México, fechainicio_procedencia=Tue Jan 21 18:00:00 CST 2003, fechaterminacion_procedencia=Thu Jan 11 18:00:00 CST 2007, nocedula=6261594, lote=null, nombrexmlenvio=null, tituloxml=null, institucioncarrera=institucioncarrera(idinstitucioncarrera=2, institucion=institucion(institucion_id=140349, nombre_institucion=CTRO. DE INVEST. Y ASISTENCIA EN TECNOL. Y DISEÑO DEL EDO. DE JAL. A.C. CIATEJ, id_entidad_federativa=14), carrera=carrera(cve_carrera=411598, nombre_carrera=MAESTRÍA EN INVESTIGACIÓN CLÍNICA, nivel_educativo=MAESTRÍA, rvoe_dgp=null, tipo_rvoe=null, id_entidad_federativa_rvoe=null, sostenimiento=FEDERAL)), modalidadtitulacion=ModalidadTitulacion(id_modalidad_titulacion=1, modalidad_titulacion=POR TESIS, tipo_de_modalidad=ACTA DE EXAMEN), fundamentoLegalServicioSocial=FundamentoLegalServicioSocial(id_fundamento_legal_servicio_social=5, fundamento_legal_servicio_social=NO APLICA), entidadFederativa=entidadFederativa(identidadfederativa=14, c_nom_ent=JALISCO, c_entidad_abr=JAL  ), entidadFederativa_procedencia=entidadFederativa(identidadfederativa=9, c_nom_ent=CIUDAD DE MÉXICO, c_entidad_abr=CDMX ), autorizacionReconocimiento=AutorizacionReconocimiento(id_autorizacion_reconocimiento=9, autorizacion_reconocimiento=OTRO), tipostudioAntecedente=TipoEstudioAntecedente(id_tipo_estudio_antecedente=2, tipo_estudio_antecedente=LICENCIATURA, tipo_educativo_del_antecedente=EDUCACIÓN SUPERIOR), historicoenvio=null, firmatitulo=null)'),(339,'admin[ROLE_ADMIN, ROLE_USER]','2021-06-02 20:25:33','sellodetitilo25','iDuzfagUWaPgDjMfs+hOjTc95+bnRE0wtAJPSJl3fFsPDCnz56kBWGTxKbJK7iWJ3uZv2u9ySGCuVUbv6YH3s77m8v8kXPHTb45ad+02Rb1LoQuNaiwn0QScXvmTxjCoGuVAgCfIX7ZD77fcuonfmCJtB+oHgXvFIw3NAje6Q4cZ5112TtIQoG1weFgLjXnUofl8fqonEklTsYInFpBOeDPb46ZqO1TKKOHuK0YYS4W2VcF9BHaTnQ51IeuM9+GLAdSigDP6FPo5stqAEy5PkHzhfVe9AH4Pwbg8W+wMi9in42WW2UJumCQWE8sAXiH56b8T4kyk7La9JcWCVCHOAg=='),(340,'admin[ROLE_ADMIN, ROLE_USER]','2021-06-02 20:25:33','cadenaOriginaltitulo25','||1.0|411598RUMD830813HDFZLN00|ROCC790203HJCJNR03|1|DIRECTOR|DR|140349|CTRO. DE INVEST. Y ASISTENCIA EN TECNOL. Y DISEÑO DEL EDO. DE JAL. A.C. CIATEJ|411598|MAESTRIA EN INVESTIGACION CLINICA|2016-01-21|2018-01-30|9|OTRO|RUMD830813HDFZLN00|DANIEL|RUIZ|MOLINA|daniel.ruiz@cecype.com|2018-01-11|1|POR TESIS|2018-01-11||0|5|NO APLICA|14|JALISCO|UNIVERSIDAD NACIONAL AUTÓNOMA DE MÉXICO|2|LICENCIATURA|9|CIUDAD DE MÉXICO|2003-01-21|2007-01-11|6261594|||'),(341,'admin[ROLE_ADMIN, ROLE_USER]','2021-06-02 20:25:33','/titulo/xml/','Titulo(idtitulo=25, curp=RUMD830813HDFZLN00, nombre=Daniel, primerapellido=Ruiz, segundoapellido=Molina, correoelectronico=daniel.ruiz@cecype.com, fechainicio=2016-01-21, fechaterminacion=2018-01-30, fechaexpedicion=2018-01-11, fechaexamenprofesional=2018-01-11, fechaexencionexamenprofecional=null, cumplioserviciosocial=0, institucionprocedencia=Universidad Nacional Autónoma de México, fechainicio_procedencia=2003-01-21, fechaterminacion_procedencia=2007-01-11, nocedula=6261594, lote=null, nombrexmlenvio=411598RUMD830813HDFZLN00.xml, tituloxml=null, institucioncarrera=institucioncarrera(idinstitucioncarrera=2, institucion=institucion(institucion_id=140349, nombre_institucion=CTRO. DE INVEST. Y ASISTENCIA EN TECNOL. Y DISEÑO DEL EDO. DE JAL. A.C. CIATEJ, id_entidad_federativa=14), carrera=carrera(cve_carrera=411598, nombre_carrera=MAESTRÍA EN INVESTIGACIÓN CLÍNICA, nivel_educativo=MAESTRÍA, rvoe_dgp=null, tipo_rvoe=null, id_entidad_federativa_rvoe=null, sostenimiento=FEDERAL)), modalidadtitulacion=ModalidadTitulacion(id_modalidad_titulacion=1, modalidad_titulacion=POR TESIS, tipo_de_modalidad=ACTA DE EXAMEN), fundamentoLegalServicioSocial=FundamentoLegalServicioSocial(id_fundamento_legal_servicio_social=5, fundamento_legal_servicio_social=NO APLICA), entidadFederativa=entidadFederativa(identidadfederativa=14, c_nom_ent=JALISCO, c_entidad_abr=JAL  ), entidadFederativa_procedencia=entidadFederativa(identidadfederativa=9, c_nom_ent=CIUDAD DE MÉXICO, c_entidad_abr=CDMX ), autorizacionReconocimiento=AutorizacionReconocimiento(id_autorizacion_reconocimiento=9, autorizacion_reconocimiento=OTRO), tipostudioAntecedente=TipoEstudioAntecedente(id_tipo_estudio_antecedente=2, tipo_estudio_antecedente=LICENCIATURA, tipo_educativo_del_antecedente=EDUCACIÓN SUPERIOR), historicoenvio=null, firmatitulo=[])'),(342,'admin[ROLE_ADMIN, ROLE_USER]','2021-06-02 20:44:49','sellodetitilo25','iDuzfagUWaPgDjMfs+hOjTc95+bnRE0wtAJPSJl3fFsPDCnz56kBWGTxKbJK7iWJ3uZv2u9ySGCuVUbv6YH3s77m8v8kXPHTb45ad+02Rb1LoQuNaiwn0QScXvmTxjCoGuVAgCfIX7ZD77fcuonfmCJtB+oHgXvFIw3NAje6Q4cZ5112TtIQoG1weFgLjXnUofl8fqonEklTsYInFpBOeDPb46ZqO1TKKOHuK0YYS4W2VcF9BHaTnQ51IeuM9+GLAdSigDP6FPo5stqAEy5PkHzhfVe9AH4Pwbg8W+wMi9in42WW2UJumCQWE8sAXiH56b8T4kyk7La9JcWCVCHOAg=='),(343,'admin[ROLE_ADMIN, ROLE_USER]','2021-06-02 20:44:49','cadenaOriginaltitulo25','||1.0|411598RUMD830813HDFZLN00|ROCC790203HJCJNR03|1|DIRECTOR|DR|140349|CTRO. DE INVEST. Y ASISTENCIA EN TECNOL. Y DISEÑO DEL EDO. DE JAL. A.C. CIATEJ|411598|MAESTRIA EN INVESTIGACION CLINICA|2016-01-21|2018-01-30|9|OTRO|RUMD830813HDFZLN00|DANIEL|RUIZ|MOLINA|daniel.ruiz@cecype.com|2018-01-11|1|POR TESIS|2018-01-11||0|5|NO APLICA|14|JALISCO|UNIVERSIDAD NACIONAL AUTÓNOMA DE MÉXICO|2|LICENCIATURA|9|CIUDAD DE MÉXICO|2003-01-21|2007-01-11|6261594|||'),(344,'admin[ROLE_ADMIN, ROLE_USER]','2021-06-02 20:44:49','/titulo/xml/','Titulo(idtitulo=25, curp=RUMD830813HDFZLN00, nombre=Daniel, primerapellido=Ruiz, segundoapellido=Molina, correoelectronico=daniel.ruiz@cecype.com, fechainicio=2016-01-21, fechaterminacion=2018-01-30, fechaexpedicion=2018-01-11, fechaexamenprofesional=2018-01-11, fechaexencionexamenprofecional=null, cumplioserviciosocial=0, institucionprocedencia=Universidad Nacional Autónoma de México, fechainicio_procedencia=2003-01-21, fechaterminacion_procedencia=2007-01-11, nocedula=6261594, lote=null, nombrexmlenvio=411598RUMD830813HDFZLN00.xml, tituloxml=null, institucioncarrera=institucioncarrera(idinstitucioncarrera=2, institucion=institucion(institucion_id=140349, nombre_institucion=CTRO. DE INVEST. Y ASISTENCIA EN TECNOL. Y DISEÑO DEL EDO. DE JAL. A.C. CIATEJ, id_entidad_federativa=14), carrera=carrera(cve_carrera=411598, nombre_carrera=MAESTRÍA EN INVESTIGACIÓN CLÍNICA, nivel_educativo=MAESTRÍA, rvoe_dgp=null, tipo_rvoe=null, id_entidad_federativa_rvoe=null, sostenimiento=FEDERAL)), modalidadtitulacion=ModalidadTitulacion(id_modalidad_titulacion=1, modalidad_titulacion=POR TESIS, tipo_de_modalidad=ACTA DE EXAMEN), fundamentoLegalServicioSocial=FundamentoLegalServicioSocial(id_fundamento_legal_servicio_social=5, fundamento_legal_servicio_social=NO APLICA), entidadFederativa=entidadFederativa(identidadfederativa=14, c_nom_ent=JALISCO, c_entidad_abr=JAL  ), entidadFederativa_procedencia=entidadFederativa(identidadfederativa=9, c_nom_ent=CIUDAD DE MÉXICO, c_entidad_abr=CDMX ), autorizacionReconocimiento=AutorizacionReconocimiento(id_autorizacion_reconocimiento=9, autorizacion_reconocimiento=OTRO), tipostudioAntecedente=TipoEstudioAntecedente(id_tipo_estudio_antecedente=2, tipo_estudio_antecedente=LICENCIATURA, tipo_educativo_del_antecedente=EDUCACIÓN SUPERIOR), historicoenvio=null, firmatitulo=[])'),(345,'admin[ROLE_ADMIN, ROLE_USER]','2021-06-02 21:32:10','sellodetitilo25','dGjWMdV+QOpte1EhII+WfMXdGPW+C9AFVPBXB/D0hu9X4b8WbgwXHbp78xqCMPNq3PwV21KhDDaM1+ifDIFCq9U4SkadX0hJNGnQJIVskdv+lTIzveayxjyev5okYIZrRW3SDSlDqicmcw9ez6XKvdseXOJQlJWAp7wnjpAKD7gYAwmfasQYmtF/6f2hxSJHF0uuwi0+lUGATYitM67tyeumKD0nE6LDDF4J5jDs6vTdK42c3FRJimObLkJM+WUgHST4Avyvs0xpB5hSGTL9MFzW/+08mKtwvwellxK3nQcLd8BJDNaEQIU2JoZdu41dkq1BCQeXqPLOFdAJywpiUg=='),(346,'admin[ROLE_ADMIN, ROLE_USER]','2021-06-02 21:32:23','cadenaOriginaltitulo25','||1.0|411598RUMD830813HDFZLN00|ROCC790203HJCJNR03|1|DIRECTOR|Dr|140349|CTRO. DE INVEST. Y ASISTENCIA EN TECNOL. Y DISEÑO DEL EDO. DE JAL. A.C. CIATEJ|411598|MAESTRÍA EN INVESTIGACIÓN CLÍNICA|2016-01-21|2018-01-30|9|OTRO|RUMD830813HDFZLN00|DANIEL|RUIZ|MOLINA|daniel.ruiz@cecype.com|2018-01-11|1|POR TESIS|2018-01-11||0|5|NO APLICA|14|JALISCO|UNIVERSIDAD NACIONAL AUTÓNOMA DE MÉXICO|2|LICENCIATURA|9|CIUDAD DE MÉXICO|2003-01-21|2007-01-11|6261594|||'),(347,'admin[ROLE_ADMIN, ROLE_USER]','2021-06-02 21:32:26','/titulo/xml/','Titulo(idtitulo=25, curp=RUMD830813HDFZLN00, nombre=Daniel, primerapellido=Ruiz, segundoapellido=Molina, correoelectronico=daniel.ruiz@cecype.com, fechainicio=2016-01-21, fechaterminacion=2018-01-30, fechaexpedicion=2018-01-11, fechaexamenprofesional=2018-01-11, fechaexencionexamenprofecional=null, cumplioserviciosocial=0, institucionprocedencia=Universidad Nacional Autónoma de México, fechainicio_procedencia=2003-01-21, fechaterminacion_procedencia=2007-01-11, nocedula=6261594, lote=null, nombrexmlenvio=411598RUMD830813HDFZLN00.xml, tituloxml=null, institucioncarrera=institucioncarrera(idinstitucioncarrera=2, institucion=institucion(institucion_id=140349, nombre_institucion=CTRO. DE INVEST. Y ASISTENCIA EN TECNOL. Y DISEÑO DEL EDO. DE JAL. A.C. CIATEJ, id_entidad_federativa=14), carrera=carrera(cve_carrera=411598, nombre_carrera=MAESTRÍA EN INVESTIGACIÓN CLÍNICA, nivel_educativo=MAESTRÍA, rvoe_dgp=null, tipo_rvoe=null, id_entidad_federativa_rvoe=null, sostenimiento=FEDERAL)), modalidadtitulacion=ModalidadTitulacion(id_modalidad_titulacion=1, modalidad_titulacion=POR TESIS, tipo_de_modalidad=ACTA DE EXAMEN), fundamentoLegalServicioSocial=FundamentoLegalServicioSocial(id_fundamento_legal_servicio_social=5, fundamento_legal_servicio_social=NO APLICA), entidadFederativa=entidadFederativa(identidadfederativa=14, c_nom_ent=JALISCO, c_entidad_abr=JAL  ), entidadFederativa_procedencia=entidadFederativa(identidadfederativa=9, c_nom_ent=CIUDAD DE MÉXICO, c_entidad_abr=CDMX ), autorizacionReconocimiento=AutorizacionReconocimiento(id_autorizacion_reconocimiento=9, autorizacion_reconocimiento=OTRO), tipostudioAntecedente=TipoEstudioAntecedente(id_tipo_estudio_antecedente=2, tipo_estudio_antecedente=LICENCIATURA, tipo_educativo_del_antecedente=EDUCACIÓN SUPERIOR), historicoenvio=null, firmatitulo=[])'),(348,'admin[ROLE_ADMIN, ROLE_USER]','2021-06-05 01:24:31','/titulo/guardar','Titulo(idtitulo=841, curp=GAHM850906HJCRRS00, nombre=Misael Sebastián, primerapellido=Gradilla, segundoapellido=Hernández, correoelectronico=ERR Fechaterminacion>fechaexamenprof, fechainicio=Thu Dec 31 18:00:00 CST 2015, fechaterminacion=Thu Jan 30 18:00:00 CST 2020, fechaexpedicion=Mon Jan 27 18:00:00 CST 2020, fechaexamenprofesional=Mon Jan 27 18:00:00 CST 2020, fechaexencionexamenprofecional=null, cumplioserviciosocial=0, institucionprocedencia=Centro de Ingeniería y Desarrollo Industrial, fechainicio_procedencia=Fri Dec 31 18:00:00 CST 2010, fechaterminacion_procedencia=Wed Jan 30 18:00:00 CST 2013, nocedula=11912276, lote=null, nombrexmlenvio=null, tituloxml=null, institucioncarrera=institucioncarrera(idinstitucioncarrera=3, institucion=institucion(institucion_id=140349, nombre_institucion=CTRO. DE INVEST. Y ASISTENCIA EN TECNOL. Y DISEÑO DEL EDO. DE JAL. A.C. CIATEJ, id_entidad_federativa=14), carrera=carrera(cve_carrera=644621, nombre_carrera=DOCTORADO EN CIENCIAS EN INNOVACIÓN BIOTECNOLÓGICA, nivel_educativo=DOCTORADO, rvoe_dgp=null, tipo_rvoe=null, id_entidad_federativa_rvoe=null, sostenimiento=FEDERAL)), modalidadtitulacion=ModalidadTitulacion(id_modalidad_titulacion=1, modalidad_titulacion=POR TESIS, tipo_de_modalidad=ACTA DE EXAMEN), fundamentoLegalServicioSocial=FundamentoLegalServicioSocial(id_fundamento_legal_servicio_social=5, fundamento_legal_servicio_social=NO APLICA), entidadFederativa=entidadFederativa(identidadfederativa=14, c_nom_ent=JALISCO, c_entidad_abr=JAL  ), entidadFederativa_procedencia=entidadFederativa(identidadfederativa=22, c_nom_ent=QUERÉTARO, c_entidad_abr=QRO  ), autorizacionReconocimiento=AutorizacionReconocimiento(id_autorizacion_reconocimiento=9, autorizacion_reconocimiento=OTRO), tipostudioAntecedente=TipoEstudioAntecedente(id_tipo_estudio_antecedente=1, tipo_estudio_antecedente=MAESTRÍA, tipo_educativo_del_antecedente=EDUCACIÓN SUPERIOR), historicoenvio=null, firmatitulo=null)'),(349,'admin[ROLE_ADMIN, ROLE_USER]','2021-06-05 01:25:35','/titulo/guardar','Titulo(idtitulo=841, curp=GAHM850906HJCRRS00, nombre=Misael Sebastián, primerapellido=Gradilla, segundoapellido=Hernández, correoelectronico=ERR Fechaterminacion>fechaexamenprof, fechainicio=Thu Dec 31 18:00:00 CST 2015, fechaterminacion=Thu Jan 30 18:00:00 CST 2020, fechaexpedicion=Mon Jan 27 18:00:00 CST 2020, fechaexamenprofesional=Mon Jan 27 18:00:00 CST 2020, fechaexencionexamenprofecional=null, cumplioserviciosocial=0, institucionprocedencia=Centro de Ingeniería y Desarrollo Industrial, fechainicio_procedencia=Fri Dec 31 18:00:00 CST 2010, fechaterminacion_procedencia=Wed Jan 30 18:00:00 CST 2013, nocedula=11912276, lote=0, nombrexmlenvio=null, tituloxml=null, institucioncarrera=institucioncarrera(idinstitucioncarrera=3, institucion=institucion(institucion_id=140349, nombre_institucion=CTRO. DE INVEST. Y ASISTENCIA EN TECNOL. Y DISEÑO DEL EDO. DE JAL. A.C. CIATEJ, id_entidad_federativa=14), carrera=carrera(cve_carrera=644621, nombre_carrera=DOCTORADO EN CIENCIAS EN INNOVACIÓN BIOTECNOLÓGICA, nivel_educativo=DOCTORADO, rvoe_dgp=null, tipo_rvoe=null, id_entidad_federativa_rvoe=null, sostenimiento=FEDERAL)), modalidadtitulacion=ModalidadTitulacion(id_modalidad_titulacion=1, modalidad_titulacion=POR TESIS, tipo_de_modalidad=ACTA DE EXAMEN), fundamentoLegalServicioSocial=FundamentoLegalServicioSocial(id_fundamento_legal_servicio_social=5, fundamento_legal_servicio_social=NO APLICA), entidadFederativa=entidadFederativa(identidadfederativa=14, c_nom_ent=JALISCO, c_entidad_abr=JAL  ), entidadFederativa_procedencia=entidadFederativa(identidadfederativa=22, c_nom_ent=QUERÉTARO, c_entidad_abr=QRO  ), autorizacionReconocimiento=AutorizacionReconocimiento(id_autorizacion_reconocimiento=9, autorizacion_reconocimiento=OTRO), tipostudioAntecedente=TipoEstudioAntecedente(id_tipo_estudio_antecedente=1, tipo_estudio_antecedente=MAESTRÍA, tipo_educativo_del_antecedente=EDUCACIÓN SUPERIOR), historicoenvio=null, firmatitulo=null)'),(350,'admin[ROLE_ADMIN, ROLE_USER]','2021-06-05 02:05:17','/titulo/historicoenvio/guardar','HistoricoEnvio(idhistoricoenvio=null, idusuario=null, timestamp=null, accion=null, mensaje=null, lote=null, idestaustitulo=null, archivo=null, titulos=[])'),(351,'admin[ROLE_ADMIN, ROLE_USER]','2021-06-05 02:05:51','/titulo/historicoenvio/guardaritem','HistoricoEnvio(idhistoricoenvio=17, idusuario=null, timestamp=null, accion=null, mensaje=null, lote=null, idestaustitulo=null, archivo=null, titulos=[])'),(352,'admin[ROLE_ADMIN, ROLE_USER]','2021-06-05 02:22:57','/titulo/historicoenvio/wsenviar/','HistoricoEnvio(idhistoricoenvio=17, idusuario=null, timestamp=null, accion=null, mensaje=null, lote=null, idestaustitulo=null, archivo=null, titulos=[])'),(353,'admin[ROLE_ADMIN, ROLE_USER]','2021-06-05 02:22:57','/titulo/historicoenvio/wsenviar/','HistoricoEnvio(idhistoricoenvio=17, idusuario=null, timestamp=null, accion=null, mensaje=null, lote=null, idestaustitulo=null, archivo=null, titulos=[])'),(354,'admin[ROLE_ADMIN, ROLE_USER]','2021-06-05 17:14:10','sellodetitilo838','WFF8+mdikwMqFaTn0YZz0zE4FE4GiDn81JCUI1oLL1RdBRA/aWWmyqFnS0cpjTULdbc+Z4Ov1Ng7p2WrFISk++SAHhHm+RVemT6ahIBLT7uPjByLuE04U+VlVH76YcTcirZh0dYhxu/t6j5eKUQT39FblZcCYUvucshtMhR0LSP8cBx2rINUJYbnIPGgnaVsOdeKB962h9TPVbplNS6l5GnbmkhnW5GnN/u46sa6EQ2LLkRtHLZFVHJ/SQ+5b/7u7N7YFWeR8Z6UdgpETeEWK+KOCFpeW3kE+WvQRtTFtDNndzgj21k7aP4MzrqE8tMDnJzrhwClESNPoPWr2XK5Sg=='),(355,'admin[ROLE_ADMIN, ROLE_USER]','2021-06-05 17:14:10','cadenaOriginaltitulo838','||1.0|644621REEE850916MMCZSL03|ROCC790203HJCJNR03|1|DIRECTOR|Dr|140349|CTRO. DE INVEST. Y ASISTENCIA EN TECNOL. Y DISEÑO DEL EDO. DE JAL. A.C. CIATEJ|644621|DOCTORADO EN CIENCIAS EN INNOVACIÓN BIOTECNOLÓGICA|2014-12-31|2019-01-30|9|OTRO|REEE850916MMCZSL03|ELIA|REZA|ESCOBAR|eliarezza@gmail.com|2020-01-28|1|POR TESIS|2020-01-28||0|5|NO APLICA|14|JALISCO|UNIVERSIDAD AUTÓNOMA DE BAJA CALIFORNIA|1|MAESTRÍA|2|BAJA CALIFORNIA|2009-12-31|2011-01-30|9050047|||'),(356,'admin[ROLE_ADMIN, ROLE_USER]','2021-06-05 17:14:10','/titulo/xml/','838644621REEE850916MMCZSL03.xml'),(357,'anonymousUser[ROLE_ANONYMOUS]','2021-06-05 17:24:26','/titulo/xml/','Borrardo: 5320577OISR800603HCSLGG04.xml'),(358,'admin[ROLE_ADMIN, ROLE_USER]','2021-06-05 17:24:38','/titulo/eliminar','Titulo(idtitulo=5, curp=null, nombre=null, primerapellido=null, segundoapellido=null, correoelectronico=null, fechainicio=null, fechaterminacion=null, fechaexpedicion=null, fechaexamenprofesional=null, fechaexencionexamenprofecional=null, cumplioserviciosocial=null, institucionprocedencia=null, fechainicio_procedencia=null, fechaterminacion_procedencia=null, nocedula=null, lote=null, nombrexmlenvio=null, tituloxml=null, institucioncarrera=null, modalidadtitulacion=null, fundamentoLegalServicioSocial=null, entidadFederativa=null, entidadFederativa_procedencia=null, autorizacionReconocimiento=null, tipostudioAntecedente=null, historicoenvio=null, firmatitulo=null)'),(359,'admin[ROLE_ADMIN, ROLE_USER]','2021-06-05 17:25:40','/titulo/eliminar','Titulo(idtitulo=5, curp=null, nombre=null, primerapellido=null, segundoapellido=null, correoelectronico=null, fechainicio=null, fechaterminacion=null, fechaexpedicion=null, fechaexamenprofesional=null, fechaexencionexamenprofecional=null, cumplioserviciosocial=null, institucionprocedencia=null, fechainicio_procedencia=null, fechaterminacion_procedencia=null, nocedula=null, lote=null, nombrexmlenvio=null, tituloxml=null, institucioncarrera=null, modalidadtitulacion=null, fundamentoLegalServicioSocial=null, entidadFederativa=null, entidadFederativa_procedencia=null, autorizacionReconocimiento=null, tipostudioAntecedente=null, historicoenvio=null, firmatitulo=null)'),(360,'admin[ROLE_ADMIN, ROLE_USER]','2021-06-05 17:49:17','/titulo/historicoenvio/wsenviar/','HistoricoEnvio(idhistoricoenvio=17, idusuario=null, timestamp=null, accion=null, mensaje=null, lote=null, idestaustitulo=null, archivo=null, titulos=[])'),(361,'admin[ROLE_ADMIN, ROLE_USER]','2021-06-05 17:49:22','/titulo/historicoenvio/wsconsulta/','HistoricoEnvio(idhistoricoenvio=17, idusuario=null, timestamp=null, accion=null, mensaje=null, lote=null, idestaustitulo=null, archivo=null, titulos=[])'),(362,'admin[ROLE_ADMIN, ROLE_USER]','2021-06-05 17:50:03','/titulo/historicoenvio/wsrecibe/','HistoricoEnvio(idhistoricoenvio=17, idusuario=null, timestamp=null, accion=null, mensaje=null, lote=null, idestaustitulo=null, archivo=null, titulos=[])'),(363,'admin[ROLE_ADMIN, ROLE_USER]','2021-06-05 17:53:46','/titulo/xml/','Borrardo: 838644621REEE850916MMCZSL03.xml'),(364,'admin[ROLE_ADMIN, ROLE_USER]','2021-06-05 18:18:49','sellodetitilo838','IIoTF6prfh+dqEVp4d1Ct50XCMiQ5fr8OfKaoJgTLvpxlepoZ3Bb//Sjv7bqewL+a+2sT5KDC1887bLxhdmQ2UaMbOpuz5N+ZLVYnZvfoOfgEYHoZYcGK56s+5HI1MAJuTPCR8hawjkU3rFWNggio0kOSpK9kf3SK/aGVhKRvg2a+aFO/RFBCkLohVJthp3qM3yBvVKw3tlcR+YILn9oKrC95uoAC08JrQYqfgOaYwqfGfZPRR210g6Qs9TRHjvL/V57xdb9olqfZWdsDuj5FMlG340sHmSTM8Ct3pCYIkEnVIpJbT03xt/hF8cyGSYDrbfHo88GLI3CVOebnJ8xfQ=='),(365,'admin[ROLE_ADMIN, ROLE_USER]','2021-06-05 18:18:50','cadenaOriginaltitulo838','||1.0|644621REEE850916MMCZSL03|ROCC790203HJCJNR03|1|DIRECTOR|Dr|140349|CENTRO DE INVESTIGACIÓN Y ASISTENCIA EN TECNOLOGÍA Y DISEÑO DEL ESTADO DE JALISCO, A.C.|644621|DOCTORADO EN CIENCIAS EN INNOVACIÓN BIOTECNOLÓGICA|2014-12-31|2019-01-30|9|OTRO|REEE850916MMCZSL03|ELIA|REZA|ESCOBAR|eliarezza@gmail.com|2020-01-28|1|POR TESIS|2020-01-28||0|5|NO APLICA|14|JALISCO|UNIVERSIDAD AUTÓNOMA DE BAJA CALIFORNIA|1|MAESTRÍA|2|BAJA CALIFORNIA|2009-12-31|2011-01-30|9050047|||'),(366,'admin[ROLE_ADMIN, ROLE_USER]','2021-06-05 18:18:50','/titulo/xml/','838644621REEE850916MMCZSL03.xml'),(367,'admin[ROLE_ADMIN, ROLE_USER]','2021-06-05 18:19:13','/titulo/xml/','Borrardo: 7320577ROMC131201HJCJXRA7.xml'),(368,'admin[ROLE_ADMIN, ROLE_USER]','2021-06-05 18:20:12','/titulo/xml/','Borrardo: 838644621REEE850916MMCZSL03.xml'),(369,'admin[ROLE_ADMIN, ROLE_USER]','2021-06-05 18:20:16','sellodetitilo838','IIoTF6prfh+dqEVp4d1Ct50XCMiQ5fr8OfKaoJgTLvpxlepoZ3Bb//Sjv7bqewL+a+2sT5KDC1887bLxhdmQ2UaMbOpuz5N+ZLVYnZvfoOfgEYHoZYcGK56s+5HI1MAJuTPCR8hawjkU3rFWNggio0kOSpK9kf3SK/aGVhKRvg2a+aFO/RFBCkLohVJthp3qM3yBvVKw3tlcR+YILn9oKrC95uoAC08JrQYqfgOaYwqfGfZPRR210g6Qs9TRHjvL/V57xdb9olqfZWdsDuj5FMlG340sHmSTM8Ct3pCYIkEnVIpJbT03xt/hF8cyGSYDrbfHo88GLI3CVOebnJ8xfQ=='),(370,'admin[ROLE_ADMIN, ROLE_USER]','2021-06-05 18:20:16','cadenaOriginaltitulo838','||1.0|644621REEE850916MMCZSL03|ROCC790203HJCJNR03|1|DIRECTOR|Dr|140349|CENTRO DE INVESTIGACIÓN Y ASISTENCIA EN TECNOLOGÍA Y DISEÑO DEL ESTADO DE JALISCO, A.C.|644621|DOCTORADO EN CIENCIAS EN INNOVACIÓN BIOTECNOLÓGICA|2014-12-31|2019-01-30|9|OTRO|REEE850916MMCZSL03|ELIA|REZA|ESCOBAR|eliarezza@gmail.com|2020-01-28|1|POR TESIS|2020-01-28||0|5|NO APLICA|14|JALISCO|UNIVERSIDAD AUTÓNOMA DE BAJA CALIFORNIA|1|MAESTRÍA|2|BAJA CALIFORNIA|2009-12-31|2011-01-30|9050047|||'),(371,'admin[ROLE_ADMIN, ROLE_USER]','2021-06-05 18:20:16','/titulo/xml/','838644621REEE850916MMCZSL03.xml'),(372,'admin[ROLE_ADMIN, ROLE_USER]','2021-06-05 18:23:06','/titulo/historicoenvio/wsenviar/','HistoricoEnvio(idhistoricoenvio=17, idusuario=null, timestamp=null, accion=null, mensaje=null, lote=null, idestaustitulo=null, archivo=null, titulos=[])'),(373,'admin[ROLE_ADMIN, ROLE_USER]','2021-06-05 18:23:12','/titulo/historicoenvio/wsconsulta/','HistoricoEnvio(idhistoricoenvio=17, idusuario=null, timestamp=null, accion=null, mensaje=null, lote=null, idestaustitulo=null, archivo=null, titulos=[])'),(374,'admin[ROLE_ADMIN, ROLE_USER]','2021-06-05 18:23:24','/titulo/historicoenvio/wsrecibe/','HistoricoEnvio(idhistoricoenvio=17, idusuario=null, timestamp=null, accion=null, mensaje=null, lote=null, idestaustitulo=null, archivo=null, titulos=[])'),(375,'admin[ROLE_ADMIN, ROLE_USER]','2021-06-05 18:28:04','/titulo/historicoenvio/guardar','HistoricoEnvio(idhistoricoenvio=null, idusuario=null, timestamp=null, accion=null, mensaje=null, lote=null, idestaustitulo=null, archivo=null, titulos=[])'),(376,'admin[ROLE_ADMIN, ROLE_USER]','2021-06-05 18:28:16','sellodetitilo839','TywNS47UlRHRreNiNsQuFFboclFMekQ2JWWNrtCeR/zKytf7CGqLRMNhj32mFNPA5tfiDP5Nj7c7FkJiZ9uvCyrxBELVZfsfLBj/ZqX5qdAE+UTeiFV7Tp1lvmbv/SQ6brZL4JNF682f9D+aNkLnZYFdh4qr+gbTTGPObES5OlsIJGQHmJ7JGMrog0uASocGi4wAGCug4jjZiDmo3oLQR1JFRCMl4d1QeBYFcDNdVKRqj0wFLRf8IK6h5e97wHGucZ4EejNuDvjv56Pp8J8Uc4vg/dFRm4atwS+mqno0y0iqkdbCABkF1Q7Ru8BrLDwl1CCdyCErryb1SVlcucF6gg=='),(377,'admin[ROLE_ADMIN, ROLE_USER]','2021-06-05 18:28:16','cadenaOriginaltitulo839','||1.0|644621BEME830817MSPLDL05|ROCC790203HJCJNR03|1|DIRECTOR|Dr|140349|CENTRO DE INVESTIGACIÓN Y ASISTENCIA EN TECNOLOGÍA Y DISEÑO DEL ESTADO DE JALISCO, A.C.|644621|DOCTORADO EN CIENCIAS EN INNOVACIÓN BIOTECNOLÓGICA|2015-12-31|2020-01-30|9|OTRO|BEME830817MSPLDL05|ELISA ALEJANDRA|BELTRAN|MEDINA|elisa.beltran.m@gmail.com|2021-01-07|1|POR TESIS|2021-01-07||0|5|NO APLICA|14|JALISCO|UNIVERSIDAD DE GUADALAJARA|1|MAESTRÍA|14|JALISCO|2010-12-31|2013-01-29|8967946|||'),(378,'admin[ROLE_ADMIN, ROLE_USER]','2021-06-05 18:28:16','/titulo/xml/','839644621BEME830817MSPLDL05.xml'),(379,'admin[ROLE_ADMIN, ROLE_USER]','2021-06-05 18:28:35','/titulo/historicoenvio/guardaritem','HistoricoEnvio(idhistoricoenvio=18, idusuario=null, timestamp=null, accion=null, mensaje=null, lote=null, idestaustitulo=null, archivo=null, titulos=[])'),(380,'admin[ROLE_ADMIN, ROLE_USER]','2021-06-05 18:28:49','/titulo/historicoenvio/wsenviar/','HistoricoEnvio(idhistoricoenvio=18, idusuario=null, timestamp=null, accion=null, mensaje=null, lote=null, idestaustitulo=null, archivo=null, titulos=[])'),(381,'admin[ROLE_ADMIN, ROLE_USER]','2021-06-05 18:28:53','/titulo/historicoenvio/wsconsulta/','HistoricoEnvio(idhistoricoenvio=18, idusuario=null, timestamp=null, accion=null, mensaje=null, lote=null, idestaustitulo=null, archivo=null, titulos=[])'),(382,'admin[ROLE_ADMIN, ROLE_USER]','2021-06-05 18:29:06','/titulo/historicoenvio/wsrecibe/','HistoricoEnvio(idhistoricoenvio=18, idusuario=null, timestamp=null, accion=null, mensaje=null, lote=null, idestaustitulo=null, archivo=null, titulos=[])'),(383,'admin[ROLE_ADMIN, ROLE_USER]','2021-06-05 22:08:14','sellodetitilo7','kZEZpSxm9I6FTCa+Vz1YSc/WiFiJGGmxgr03qkWI4J9Hrg6hFz8Wpfu1r0hcXIqWkzyeHfg/0T3SbvLLTHGOvc8znu4pcmph/HpQbYoFiq+tObTASNoVLi+DNYvOK/CUAK08945FKR1toOLR2U5Y+m1eCKaNjXA0tcqVH/WA+5T3jCJKuAZUbquNbHZc0/ADMm37m8R5H0Hw93SHeEmHyPMSWovaCSxYHMMkO3WWRoKzmXA4gbDHQDgIDFsgeuNq/LJSOLCblRThIXgd7Y61Mg1CG40FSNkFfNKgkv2BtJVnmj2aHl5UaJEVPVrGsx2Wu7nvikwoQs4QAgTjmlFnNg=='),(384,'admin[ROLE_ADMIN, ROLE_USER]','2021-06-05 22:08:14','cadenaOriginaltitulo7','||1.0|320577ROMC131201HJCJXRA7|ROCC790203HJCJNR03|1|DIRECTOR|Dr|140349|CENTRO DE INVESTIGACIÓN Y ASISTENCIA EN TECNOLOGÍA Y DISEÑO DEL ESTADO DE JALISCO, A.C.|320577|MAESTRÍA EN CIENCIAS DE LA FLORICULTURA|2002-12-31|2003-12-31|2|RVOE ESTATAL|ROMC131201HJCJXRA7|ROCIO |MUÑOZ|PATIÑO|rocio81@hotmail.com|2011-12-31|1|POR TESIS|2012-12-31||0|5|NO APLICA|14|JALISCO|U DE G|2|LICENCIATURA|1|AGUASCALIENTES|1998-12-31|2000-12-31|219873|||'),(385,'admin[ROLE_ADMIN, ROLE_USER]','2021-06-05 22:08:14','/titulo/xml/','7320577ROMC131201HJCJXRA7.xml'),(386,'admin[ROLE_ADMIN, ROLE_USER]','2021-06-05 22:08:55','/titulo/xml/','Borrardo: 7320577ROMC131201HJCJXRA7.xml'),(387,'admin[ROLE_ADMIN, ROLE_USER]','2021-06-05 22:17:10','/upload/cert/resp/','Responsable(idresponsable=4, nombre=null, primerapellido=null, segundoapellido=null, curp=null, abrtitulo=null, certificadoresponsable=null, llaveesponsable=null, numerocertificado=null, pwdkey=null, cargo=null)'),(388,'admin[ROLE_ADMIN, ROLE_USER]','2021-06-05 22:18:35','/titulo/xml/','Borrardo: 839644621BEME830817MSPLDL05.xml'),(389,'admin[ROLE_ADMIN, ROLE_USER]','2021-06-05 22:18:39','sellodetitilo839','TywNS47UlRHRreNiNsQuFFboclFMekQ2JWWNrtCeR/zKytf7CGqLRMNhj32mFNPA5tfiDP5Nj7c7FkJiZ9uvCyrxBELVZfsfLBj/ZqX5qdAE+UTeiFV7Tp1lvmbv/SQ6brZL4JNF682f9D+aNkLnZYFdh4qr+gbTTGPObES5OlsIJGQHmJ7JGMrog0uASocGi4wAGCug4jjZiDmo3oLQR1JFRCMl4d1QeBYFcDNdVKRqj0wFLRf8IK6h5e97wHGucZ4EejNuDvjv56Pp8J8Uc4vg/dFRm4atwS+mqno0y0iqkdbCABkF1Q7Ru8BrLDwl1CCdyCErryb1SVlcucF6gg=='),(390,'admin[ROLE_ADMIN, ROLE_USER]','2021-06-05 22:18:39','cadenaOriginaltitulo839','||1.0|644621BEME830817MSPLDL05|ROCC790203HJCJNR03|1|DIRECTOR|Dr|140349|CENTRO DE INVESTIGACIÓN Y ASISTENCIA EN TECNOLOGÍA Y DISEÑO DEL ESTADO DE JALISCO, A.C.|644621|DOCTORADO EN CIENCIAS EN INNOVACIÓN BIOTECNOLÓGICA|2015-12-31|2020-01-30|9|OTRO|BEME830817MSPLDL05|ELISA ALEJANDRA|BELTRAN|MEDINA|elisa.beltran.m@gmail.com|2021-01-07|1|POR TESIS|2021-01-07||0|5|NO APLICA|14|JALISCO|UNIVERSIDAD DE GUADALAJARA|1|MAESTRÍA|14|JALISCO|2010-12-31|2013-01-29|8967946|||'),(391,'admin[ROLE_ADMIN, ROLE_USER]','2021-06-05 22:18:39','/titulo/xml/','839644621BEME830817MSPLDL05.xml'),(392,'admin[ROLE_ADMIN, ROLE_USER]','2021-06-05 22:19:37','/titulo/historicoenvio/wsenviar/','HistoricoEnvio(idhistoricoenvio=18, idusuario=null, timestamp=null, accion=null, mensaje=null, lote=null, idestaustitulo=null, archivo=null, titulos=[])'),(393,'admin[ROLE_ADMIN, ROLE_USER]','2021-06-05 22:19:41','/titulo/historicoenvio/wsconsulta/','HistoricoEnvio(idhistoricoenvio=18, idusuario=null, timestamp=null, accion=null, mensaje=null, lote=null, idestaustitulo=null, archivo=null, titulos=[])'),(394,'admin[ROLE_ADMIN, ROLE_USER]','2021-06-05 22:19:45','/titulo/historicoenvio/wsrecibe/','HistoricoEnvio(idhistoricoenvio=18, idusuario=null, timestamp=null, accion=null, mensaje=null, lote=null, idestaustitulo=null, archivo=null, titulos=[])'),(395,'admin[ROLE_ADMIN, ROLE_USER]','2021-06-05 23:37:12','/titulo/historicoenvio/wsrecibe/','HistoricoEnvio(idhistoricoenvio=17, idusuario=null, timestamp=null, accion=null, mensaje=null, lote=null, idestaustitulo=null, archivo=null, titulos=[])'),(396,'admin[ROLE_ADMIN, ROLE_USER]','2021-06-05 23:37:16','/titulo/historicoenvio/wsrecibe/','HistoricoEnvio(idhistoricoenvio=16, idusuario=null, timestamp=null, accion=null, mensaje=null, lote=null, idestaustitulo=null, archivo=null, titulos=[])'),(397,'admin[ROLE_ADMIN, ROLE_USER]','2021-09-13 19:44:57','/titulo/historicoenvio/wsenviar/','HistoricoEnvio(idhistoricoenvio=15, idusuario=null, timestamp=null, accion=null, mensaje=null, lote=null, idestaustitulo=null, archivo=null, titulos=[])'),(398,'admin[ROLE_ADMIN, ROLE_USER]','2021-09-13 19:50:41','/titulo/historicoenvio/wsconsulta/','HistoricoEnvio(idhistoricoenvio=1, idusuario=null, timestamp=null, accion=null, mensaje=null, lote=null, idestaustitulo=null, archivo=null, titulos=[])'),(399,'admin[ROLE_ADMIN, ROLE_USER]','2021-09-13 19:56:09','/titulo/historicoenvio/guardar','HistoricoEnvio(idhistoricoenvio=null, idusuario=null, timestamp=null, accion=null, mensaje=null, lote=null, idestaustitulo=null, archivo=null, titulos=[])'),(400,'admin[ROLE_ADMIN, ROLE_USER]','2021-09-13 19:56:35','/titulo/historicoenvio/guardaritem','HistoricoEnvio(idhistoricoenvio=19, idusuario=null, timestamp=null, accion=null, mensaje=null, lote=null, idestaustitulo=null, archivo=null, titulos=[])'),(401,'admin[ROLE_ADMIN, ROLE_USER]','2021-09-13 19:57:30','/titulo/historicoenvio/wsenviar/','HistoricoEnvio(idhistoricoenvio=19, idusuario=null, timestamp=null, accion=null, mensaje=null, lote=null, idestaustitulo=null, archivo=null, titulos=[])'),(402,'admin[ROLE_ADMIN, ROLE_USER]','2021-09-13 19:57:30','/titulo/historicoenvio/wsenviar/','HistoricoEnvio(idhistoricoenvio=19, idusuario=null, timestamp=null, accion=null, mensaje=null, lote=null, idestaustitulo=null, archivo=null, titulos=[])'),(403,'admin[ROLE_ADMIN, ROLE_USER]','2021-09-13 20:48:57','sellodetitilo7','nStjLwBVokXdrFZVqWfsXKJC1Vc/Nw6wu3eVkYM3ml69tlf/XyDneS0oZzydSPzlPDWC2D79xuLSlh99yKDLM2IS8b6e77+2DOvTrzmeeQPLpETtYEsOtjcqBDsd9f171QT6c5tpEpTN9p2MYJNN4Ug6SJ0Wv5BQxIKyHL6Kb1InW0ac/hyLnBSFB3d6N10wLvhBFdm2PWIUaTQ3Bk9IYJyQiyTRCP8E5rINkd5kR7135gjElyfhqGdIUijQVCkpa8GiEJ/RQejybZtWUNSkmO2KH9ak5PPFX+kpiTI0ArVTlIKWD1ZlgS9utKTGYpT/xe5PcTMyjYwa6stNKDT/tA=='),(404,'admin[ROLE_ADMIN, ROLE_USER]','2021-09-13 20:48:57','cadenaOriginaltitulo7','||1.0|342552ROMC131201HJCJXRA7|ROCC790203HJCJNR03|1|DIRECTOR|Dr|140349|CENTRO DE INVESTIGACIÓN Y ASISTENCIA EN TECNOLOGÍA Y DISEÑO DEL ESTADO DE JALISCO, A.C.|342552|MAESTRÍA EN CIENCIAS DE LA FLORICULTURA|2002-12-31|2003-12-31|2|RVOE ESTATAL|ROMC131201HJCJXRA7|ROCIO |MUÑOZ|PATIÑO|rocio81@hotmail.com|2011-12-31|1|POR TESIS|2012-12-31||0|5|NO APLICA|14|JALISCO|U DE G|2|LICENCIATURA|1|AGUASCALIENTES|1998-12-31|2000-12-31|219873||'),(405,'admin[ROLE_ADMIN, ROLE_USER]','2021-09-13 20:48:58','/titulo/xml/','7342552ROMC131201HJCJXRA7.xml'),(406,'admin[ROLE_ADMIN, ROLE_USER]','2021-09-13 20:49:44','sellodetitilo5','cgl1O5LtZQjcjVO9SUw4kWsZpoktKacr2Eg50AFCkfxPWnm4Tx+66eRMmNxb/LrPbxMqANR94h1n9DOJJyNngGzVVAJWKs/1fmV/NQiuNnGr+E/i/ugYR4Y2l/WIav6YIAciVtZQK5+pYsFwuYe8dl4dPAPnOP4ln+7dVMa2BKnnTp5LEdGb9Kw4L1jxrwuI8VjXb9mayN40Ju+34AypclK1uXAYJM2ZemSmqq/bgFFp3143Z7Z9fjTs3XFaBENa+4vmhy/5Kdbrv0k6wWIFEOZ0hVih6z8Vl9OuJWefGQVwLEEyYfnP91l2SqG6M26J8lpBOjoeGDCjdCTWcOug5g=='),(407,'admin[ROLE_ADMIN, ROLE_USER]','2021-09-13 20:49:44','cadenaOriginaltitulo5','||1.0|342552OISR800603HCSLGG04|ROCC790203HJCJNR03|1|DIRECTOR|Dr|140349|CENTRO DE INVESTIGACIÓN Y ASISTENCIA EN TECNOLOGÍA Y DISEÑO DEL ESTADO DE JALISCO, A.C.|342552|MAESTRÍA EN CIENCIAS DE LA FLORICULTURA|2018-01-31|2020-01-31|1|RVOE FEDERAL|OISR800603HCSLGG04|ROGELIO|OLIVAEZ|SEGURA|rolivaez@email.com|2020-02-29|1|POR TESIS|2020-02-14||1|1|ART. 52 LRART. 5 CONST|14|JALISCO|UDQ|2|LICENCIATURA|22|QUERÉTARO|2000-08-31|2004-06-08|dddddd||'),(408,'admin[ROLE_ADMIN, ROLE_USER]','2021-09-13 20:49:44','/titulo/xml/','5342552OISR800603HCSLGG04.xml'),(409,'admin[ROLE_ADMIN, ROLE_USER]','2021-09-13 20:55:54','sellodetitilo1246','rVVAv/kMIWwr0ONenoORQ6tfj2irhZnCSxmKMwcQegM1owuVzmvGSvz+ZUYjV2XltkK0g6RHjDddpxg3d2F9AyzF/QjEyLkfhIXmgqjuxhcQULeB1cfC7F6fWJWRsv9xAL7816eZ3GSNihuQ9ZYU5OeO/dMkt+fue2Db6s0+b3wj8aD5YwJStVl7Az3KakvuRm65cDiraouXt3MRqASs5kiubs3Z8sp1eBJO8nwGZySQXJ1UbH4Q1tqBu7xqJXwi0OSlKt9O9sAeqob89jk6Jrx1rMTOVQdsiBQVCLmz98SL+H+HSNEWxK7Z07b/k35d4S8N+EJnldHgRw/V6BMkeA=='),(410,'admin[ROLE_ADMIN, ROLE_USER]','2021-09-13 20:55:54','cadenaOriginaltitulo1246','||1.0|644621BEME830817MSPLDL05|ROCC790203HJCJNR03|1|DIRECTOR|Dr|140349|CENTRO DE INVESTIGACIÓN Y ASISTENCIA EN TECNOLOGÍA Y DISEÑO DEL ESTADO DE JALISCO, A.C.|644621|DOCTORADO EN CIENCIAS EN INNOVACIÓN BIOTECNOLÓGICA|2016-01-31|2020-01-30|9|OTRO|BEME830817MSPLDL05|ELISA ALEJANDRA|BELTRAN|MEDINA|elisa.beltran.m@gmail.com|2021-04-07|1|POR TESIS|2021-04-07||0|5|NO APLICA|14|JALISCO|UNIVERSIDAD DE GUADALAJARA|1|MAESTRÍA|14|JALISCO|2011-07-31|2013-06-29|8967946||'),(411,'admin[ROLE_ADMIN, ROLE_USER]','2021-09-13 20:55:54','/titulo/xml/','1246644621BEME830817MSPLDL05.xml'),(412,'admin[ROLE_ADMIN, ROLE_USER]','2021-09-13 20:56:24','/titulo/historicoenvio/wsenviar/','HistoricoEnvio(idhistoricoenvio=19, idusuario=null, timestamp=null, accion=null, mensaje=null, lote=null, idestaustitulo=null, archivo=null, titulos=[])'),(413,'admin[ROLE_ADMIN, ROLE_USER]','2021-09-13 20:56:32','/titulo/historicoenvio/wsconsulta/','HistoricoEnvio(idhistoricoenvio=19, idusuario=null, timestamp=null, accion=null, mensaje=null, lote=null, idestaustitulo=null, archivo=null, titulos=[])'),(414,'admin[ROLE_ADMIN, ROLE_USER]','2021-09-13 20:56:56','/titulo/historicoenvio/wsrecibe/','HistoricoEnvio(idhistoricoenvio=19, idusuario=null, timestamp=null, accion=null, mensaje=null, lote=null, idestaustitulo=null, archivo=null, titulos=[])'),(415,'admin[ROLE_ADMIN, ROLE_USER]','2021-09-13 21:15:16','sellodetitilo1246','rVVAv/kMIWwr0ONenoORQ6tfj2irhZnCSxmKMwcQegM1owuVzmvGSvz+ZUYjV2XltkK0g6RHjDddpxg3d2F9AyzF/QjEyLkfhIXmgqjuxhcQULeB1cfC7F6fWJWRsv9xAL7816eZ3GSNihuQ9ZYU5OeO/dMkt+fue2Db6s0+b3wj8aD5YwJStVl7Az3KakvuRm65cDiraouXt3MRqASs5kiubs3Z8sp1eBJO8nwGZySQXJ1UbH4Q1tqBu7xqJXwi0OSlKt9O9sAeqob89jk6Jrx1rMTOVQdsiBQVCLmz98SL+H+HSNEWxK7Z07b/k35d4S8N+EJnldHgRw/V6BMkeA=='),(416,'admin[ROLE_ADMIN, ROLE_USER]','2021-09-13 21:15:16','cadenaOriginaltitulo1246','||1.0|644621BEME830817MSPLDL05|ROCC790203HJCJNR03|1|DIRECTOR|Dr|140349|CENTRO DE INVESTIGACIÓN Y ASISTENCIA EN TECNOLOGÍA Y DISEÑO DEL ESTADO DE JALISCO, A.C.|644621|DOCTORADO EN CIENCIAS EN INNOVACIÓN BIOTECNOLÓGICA|2016-01-31|2020-01-30|9|OTRO|BEME830817MSPLDL05|ELISA ALEJANDRA|BELTRAN|MEDINA|elisa.beltran.m@gmail.com|2021-04-07|1|POR TESIS|2021-04-07||0|5|NO APLICA|14|JALISCO|UNIVERSIDAD DE GUADALAJARA|1|MAESTRÍA|14|JALISCO|2011-07-31|2013-06-29|8967946||'),(417,'admin[ROLE_ADMIN, ROLE_USER]','2021-09-13 21:15:16','/titulo/xml/','1246644621BEME830817MSPLDL05.xml'),(418,'admin[ROLE_ADMIN, ROLE_USER]','2021-09-13 21:18:07','/titulo/xml/','Borrardo: 1246644621BEME830817MSPLDL05.xml'),(419,'admin[ROLE_ADMIN, ROLE_USER]','2021-09-13 21:21:11','sellodetitilo1246','rVVAv/kMIWwr0ONenoORQ6tfj2irhZnCSxmKMwcQegM1owuVzmvGSvz+ZUYjV2XltkK0g6RHjDddpxg3d2F9AyzF/QjEyLkfhIXmgqjuxhcQULeB1cfC7F6fWJWRsv9xAL7816eZ3GSNihuQ9ZYU5OeO/dMkt+fue2Db6s0+b3wj8aD5YwJStVl7Az3KakvuRm65cDiraouXt3MRqASs5kiubs3Z8sp1eBJO8nwGZySQXJ1UbH4Q1tqBu7xqJXwi0OSlKt9O9sAeqob89jk6Jrx1rMTOVQdsiBQVCLmz98SL+H+HSNEWxK7Z07b/k35d4S8N+EJnldHgRw/V6BMkeA=='),(420,'admin[ROLE_ADMIN, ROLE_USER]','2021-09-13 21:21:11','cadenaOriginaltitulo1246','||1.0|644621BEME830817MSPLDL05|ROCC790203HJCJNR03|1|DIRECTOR|Dr|140349|CENTRO DE INVESTIGACIÓN Y ASISTENCIA EN TECNOLOGÍA Y DISEÑO DEL ESTADO DE JALISCO, A.C.|644621|DOCTORADO EN CIENCIAS EN INNOVACIÓN BIOTECNOLÓGICA|2016-01-31|2020-01-30|9|OTRO|BEME830817MSPLDL05|ELISA ALEJANDRA|BELTRAN|MEDINA|elisa.beltran.m@gmail.com|2021-04-07|1|POR TESIS|2021-04-07||0|5|NO APLICA|14|JALISCO|UNIVERSIDAD DE GUADALAJARA|1|MAESTRÍA|14|JALISCO|2011-07-31|2013-06-29|8967946||'),(421,'admin[ROLE_ADMIN, ROLE_USER]','2021-09-13 21:21:12','/titulo/xml/','1246644621BEME830817MSPLDL05.xml'),(422,'admin[ROLE_ADMIN, ROLE_USER]','2021-09-13 21:22:54','/titulo/historicoenvio/wsenviar/','HistoricoEnvio(idhistoricoenvio=19, idusuario=null, timestamp=null, accion=null, mensaje=null, lote=null, idestaustitulo=null, archivo=null, titulos=[])'),(423,'admin[ROLE_ADMIN, ROLE_USER]','2021-09-13 21:23:12','/titulo/historicoenvio/wsconsulta/','HistoricoEnvio(idhistoricoenvio=19, idusuario=null, timestamp=null, accion=null, mensaje=null, lote=null, idestaustitulo=null, archivo=null, titulos=[])'),(424,'admin[ROLE_ADMIN, ROLE_USER]','2021-09-13 21:23:15','/titulo/historicoenvio/wsrecibe/','HistoricoEnvio(idhistoricoenvio=19, idusuario=null, timestamp=null, accion=null, mensaje=null, lote=null, idestaustitulo=null, archivo=null, titulos=[])'),(425,'admin[ROLE_ADMIN, ROLE_USER]','2021-10-02 17:43:01','/titulo/xml/','Borrardo: 1246644621BEME830817MSPLDL05.xml'),(426,'admin[ROLE_ADMIN, ROLE_USER]','2021-10-02 17:43:10','sellodetitilo1246','f66787BdIjvX4HwU448HnLBv9+OOZWEHtzraptVfii4rLo09qdOjklY08bi93otY9tMMgk7dtxtVXuOvDVa+uoYUAfhcEDe7UODDW8rZEcTdlNQig1Z5GVGe7xGaUYWt/WqnL8BI7TxlxNjrYSYCU8Kywan7DztcUT6AUWHWDZng8CpJqsym/40vO2d7g2BXys9irA+0t6eCnrOjYgox9/wOKTPVcYfcgO08NmzLH77tGcB57I9qncB8PWv7bNkmdOgQ1zKOmN5/sUsKdrAOjDLHz77y7GYFre/MyKuLddQKT7vjefStmZYBGTF0GLEkoXWj0Bqre0v9tk7Pf/U+Dw=='),(427,'admin[ROLE_ADMIN, ROLE_USER]','2021-10-02 17:43:10','cadenaOriginaltitulo1246','||1.0|644621BEME830817MSPLDL05|ROCC790203HJCJNR03|1|DIRECTOR|Dr|140349|CENTRO DE INVESTIGACIÓN Y ASISTENCIA EN TECNOLOGÍA Y DISEÑO DEL ESTADO DE JALISCO, A.C.|644621|DOCTORADO EN CIENCIAS EN INNOVACIÓN BIOTECNOLÓGICA|2016-01-31|2020-01-30|9|OTRO||BEME830817MSPLDL05|ELISA ALEJANDRA|BELTRAN|MEDINA|elisa.beltran.m@gmail.com|2021-04-07|1|POR TESIS|2021-04-07||0|5|NO APLICA|14|JALISCO|UNIVERSIDAD DE GUADALAJARA|1|MAESTRÍA|14|JALISCO|2011-07-31|2013-06-29|8967946||'),(428,'admin[ROLE_ADMIN, ROLE_USER]','2021-10-02 17:43:10','/titulo/xml/','1246644621BEME830817MSPLDL05.xml'),(429,'admin[ROLE_ADMIN, ROLE_USER]','2021-10-02 17:45:52','/titulo/historicoenvio/wsenviar/','HistoricoEnvio(idhistoricoenvio=19, idusuario=null, timestamp=null, accion=null, mensaje=null, lote=null, idestaustitulo=null, archivo=null, titulos=[])'),(430,'admin[ROLE_ADMIN, ROLE_USER]','2021-10-02 17:47:50','/titulo/historicoenvio/wsconsulta/','HistoricoEnvio(idhistoricoenvio=19, idusuario=null, timestamp=null, accion=null, mensaje=null, lote=null, idestaustitulo=null, archivo=null, titulos=[])'),(431,'admin[ROLE_ADMIN, ROLE_USER]','2021-10-02 17:47:59','/titulo/historicoenvio/wsrecibe/','HistoricoEnvio(idhistoricoenvio=19, idusuario=null, timestamp=null, accion=null, mensaje=null, lote=null, idestaustitulo=null, archivo=null, titulos=[])'),(432,'admin[ROLE_ADMIN, ROLE_USER]','2021-10-02 17:52:52','/titulo/xml/','Borrardo: 1246644621BEME830817MSPLDL05.xml'),(433,'admin[ROLE_ADMIN, ROLE_USER]','2021-10-06 15:26:36','/titulo/historicoenvio/wsenviar/','HistoricoEnvio(idhistoricoenvio=19, idusuario=null, timestamp=null, accion=null, mensaje=null, lote=null, idestaustitulo=null, archivo=null, titulos=[])'),(434,'admin[ROLE_ADMIN, ROLE_USER]','2021-10-06 15:26:36','/titulo/historicoenvio/wsenviar/','HistoricoEnvio(idhistoricoenvio=19, idusuario=null, timestamp=null, accion=null, mensaje=null, lote=null, idestaustitulo=null, archivo=null, titulos=[])'),(435,'admin[ROLE_ADMIN, ROLE_USER]','2021-10-06 15:28:07','/titulo/historicoenvio/wsenviar/','HistoricoEnvio(idhistoricoenvio=19, idusuario=null, timestamp=null, accion=null, mensaje=null, lote=null, idestaustitulo=null, archivo=null, titulos=[])'),(436,'admin[ROLE_ADMIN, ROLE_USER]','2021-10-06 15:28:08','/titulo/historicoenvio/wsenviar/','HistoricoEnvio(idhistoricoenvio=19, idusuario=null, timestamp=null, accion=null, mensaje=null, lote=null, idestaustitulo=null, archivo=null, titulos=[])'),(437,'admin[ROLE_ADMIN, ROLE_USER]','2021-10-06 15:28:45','sellodetitilo1246','f66787BdIjvX4HwU448HnLBv9+OOZWEHtzraptVfii4rLo09qdOjklY08bi93otY9tMMgk7dtxtVXuOvDVa+uoYUAfhcEDe7UODDW8rZEcTdlNQig1Z5GVGe7xGaUYWt/WqnL8BI7TxlxNjrYSYCU8Kywan7DztcUT6AUWHWDZng8CpJqsym/40vO2d7g2BXys9irA+0t6eCnrOjYgox9/wOKTPVcYfcgO08NmzLH77tGcB57I9qncB8PWv7bNkmdOgQ1zKOmN5/sUsKdrAOjDLHz77y7GYFre/MyKuLddQKT7vjefStmZYBGTF0GLEkoXWj0Bqre0v9tk7Pf/U+Dw=='),(438,'admin[ROLE_ADMIN, ROLE_USER]','2021-10-06 15:28:45','cadenaOriginaltitulo1246','||1.0|644621BEME830817MSPLDL05|ROCC790203HJCJNR03|1|DIRECTOR|Dr|140349|CENTRO DE INVESTIGACIÓN Y ASISTENCIA EN TECNOLOGÍA Y DISEÑO DEL ESTADO DE JALISCO, A.C.|644621|DOCTORADO EN CIENCIAS EN INNOVACIÓN BIOTECNOLÓGICA|2016-01-31|2020-01-30|9|OTRO||BEME830817MSPLDL05|ELISA ALEJANDRA|BELTRAN|MEDINA|elisa.beltran.m@gmail.com|2021-04-07|1|POR TESIS|2021-04-07||0|5|NO APLICA|14|JALISCO|UNIVERSIDAD DE GUADALAJARA|1|MAESTRÍA|14|JALISCO|2011-07-31|2013-06-29|8967946||'),(439,'admin[ROLE_ADMIN, ROLE_USER]','2021-10-06 15:28:45','/titulo/xml/','1246644621BEME830817MSPLDL05.xml'),(440,'admin[ROLE_ADMIN, ROLE_USER]','2021-10-06 15:29:01','/titulo/historicoenvio/wsenviar/','HistoricoEnvio(idhistoricoenvio=19, idusuario=null, timestamp=null, accion=null, mensaje=null, lote=null, idestaustitulo=null, archivo=null, titulos=[])'),(441,'admin[ROLE_ADMIN, ROLE_USER]','2021-10-06 15:29:06','/titulo/historicoenvio/wsconsulta/','HistoricoEnvio(idhistoricoenvio=19, idusuario=null, timestamp=null, accion=null, mensaje=null, lote=null, idestaustitulo=null, archivo=null, titulos=[])'),(442,'admin[ROLE_ADMIN, ROLE_USER]','2021-10-06 15:29:26','/titulo/historicoenvio/wsrecibe/','HistoricoEnvio(idhistoricoenvio=19, idusuario=null, timestamp=null, accion=null, mensaje=null, lote=null, idestaustitulo=null, archivo=null, titulos=[])'),(443,'admin[ROLE_ADMIN, ROLE_USER]','2021-10-06 16:00:33','/titulo/historicoenvio/wsenviar/','HistoricoEnvio(idhistoricoenvio=19, idusuario=null, timestamp=null, accion=null, mensaje=null, lote=null, idestaustitulo=null, archivo=null, titulos=[])'),(444,'admin[ROLE_ADMIN, ROLE_USER]','2021-10-06 16:00:37','/titulo/historicoenvio/wsconsulta/','HistoricoEnvio(idhistoricoenvio=19, idusuario=null, timestamp=null, accion=null, mensaje=null, lote=null, idestaustitulo=null, archivo=null, titulos=[])'),(445,'admin[ROLE_ADMIN, ROLE_USER]','2021-10-06 16:00:42','/titulo/historicoenvio/wsrecibe/','HistoricoEnvio(idhistoricoenvio=19, idusuario=null, timestamp=null, accion=null, mensaje=null, lote=null, idestaustitulo=null, archivo=null, titulos=[])'),(446,'admin[ROLE_ADMIN, ROLE_USER]','2021-10-07 19:22:26','/titulo/xml/','Borrardo: 1246644621BEME830817MSPLDL05.xml'),(447,'admin[ROLE_ADMIN, ROLE_USER]','2021-10-07 19:23:11','/catalogo/responsable/eliminar','Responsable(idresponsable=4, nombre=null, primerapellido=null, segundoapellido=null, curp=null, abrtitulo=null, certificadoresponsable=null, llaveesponsable=null, numerocertificado=null, pwdkey=null, cargo=null)'),(448,'admin[ROLE_ADMIN, ROLE_USER]','2021-10-07 19:35:19','/catalogo/responsable/guardar','Responsable(idresponsable=null, nombre=Erika Nahomy, primerapellido=Marino, segundoapellido=Marmolejo, curp=MXME771109MGRRRR09, abrtitulo=Dra., certificadoresponsable=null, llaveesponsable=null, numerocertificado=null, pwdkey=null, cargo=Cargo(id_cargo=5, cargo_firmante=RESPONSABLE DE EXPEDICIÓN ))'),(449,'admin[ROLE_ADMIN, ROLE_USER]','2021-10-07 19:36:45','/upload/cert/resp/','Responsable(idresponsable=5, nombre=null, primerapellido=null, segundoapellido=null, curp=null, abrtitulo=null, certificadoresponsable=null, llaveesponsable=null, numerocertificado=null, pwdkey=null, cargo=null)'),(450,'admin[ROLE_ADMIN, ROLE_USER]','2021-10-07 19:37:07','/upload/cert/resp/','Responsable(idresponsable=5, nombre=null, primerapellido=null, segundoapellido=null, curp=null, abrtitulo=null, certificadoresponsable=null, llaveesponsable=null, numerocertificado=null, pwdkey=null, cargo=null)'),(451,'admin[ROLE_ADMIN, ROLE_USER]','2021-10-07 19:37:23','/catalogo/responsable/guardar','Responsable(idresponsable=5, nombre=Erika Nahomy, primerapellido=Marino, segundoapellido=Marmolejo, curp=MXME771109MGRRRR09, abrtitulo=Dra., certificadoresponsable=00001000000504585803.cer, llaveesponsable=Claveprivada_FIEL_MAMX7711094A0_20200724_205129.key, numerocertificado=00001000000504585803, pwdkey=KIKIS1109, cargo=Cargo(id_cargo=5, cargo_firmante=RESPONSABLE DE EXPEDICIÓN ))'),(452,'admin[ROLE_ADMIN, ROLE_USER]','2021-10-07 19:37:56','sellodetitilo1246','eGROE1A1+mVI92gEr7ECaNqcdBZDmDrfEakGn1VCakJ6BaT3JaVQ1VRLfzDrf2uszt3BphGCqglA5bFo/sxkIeLrFj6UXboSj8/xGyD0oFyj0HZWPavIqhdsDH3eqJIRn80WZOG8ZVXRxIIzN2d2FUgqywZiINWIj4Pq8hsh07Jij2EBeGisUeVDC9Cu5lLv7GirDHgH2QUEtvL5ifIFvwi4sIAbOQIfSEbXwSfp4vqKs2r9QXEDSJnc/GQFNgGIouDjGWWWycTy+vMRTKoBe5ORMTVjOgjXhl0AN0rGrHosY1UIptDTenK1Nr/9FudYkwJp+HYSErnRVA8rdOQcGQ=='),(453,'admin[ROLE_ADMIN, ROLE_USER]','2021-10-07 19:37:56','cadenaOriginaltitulo1246','||1.0|644621BEME830817MSPLDL05|MXME771109MGRRRR09|5|RESPONSABLE DE EXPEDICIÓN |Dra.|140349|CENTRO DE INVESTIGACIÓN Y ASISTENCIA EN TECNOLOGÍA Y DISEÑO DEL ESTADO DE JALISCO, A.C.|644621|DOCTORADO EN CIENCIAS EN INNOVACIÓN BIOTECNOLÓGICA|2016-01-31|2020-01-30|9|OTRO||BEME830817MSPLDL05|ELISA ALEJANDRA|BELTRAN|MEDINA|elisa.beltran.m@gmail.com|2021-04-07|1|POR TESIS|2021-04-07||0|5|NO APLICA|14|JALISCO|UNIVERSIDAD DE GUADALAJARA|1|MAESTRÍA|14|JALISCO|2011-07-31|2013-06-29|8967946||'),(454,'admin[ROLE_ADMIN, ROLE_USER]','2021-10-07 19:37:57','/titulo/xml/','1246644621BEME830817MSPLDL05.xml'),(455,'admin[ROLE_ADMIN, ROLE_USER]','2021-10-07 19:39:56','/titulo/historicoenvio/wsenviar/','HistoricoEnvio(idhistoricoenvio=19, idusuario=null, timestamp=null, accion=null, mensaje=null, lote=null, idestaustitulo=null, archivo=null, titulos=[])'),(456,'admin[ROLE_ADMIN, ROLE_USER]','2021-10-07 19:40:02','/titulo/historicoenvio/wsconsulta/','HistoricoEnvio(idhistoricoenvio=19, idusuario=null, timestamp=null, accion=null, mensaje=null, lote=null, idestaustitulo=null, archivo=null, titulos=[])'),(457,'admin[ROLE_ADMIN, ROLE_USER]','2021-10-07 19:40:22','/titulo/historicoenvio/wsrecibe/','HistoricoEnvio(idhistoricoenvio=19, idusuario=null, timestamp=null, accion=null, mensaje=null, lote=null, idestaustitulo=null, archivo=null, titulos=[])'),(458,'admin[ROLE_ADMIN, ROLE_USER]','2021-10-07 19:40:26','/titulo/historicoenvio/wsrecibe/','HistoricoEnvio(idhistoricoenvio=19, idusuario=null, timestamp=null, accion=null, mensaje=null, lote=null, idestaustitulo=null, archivo=null, titulos=[])'),(459,'admin[ROLE_ADMIN, ROLE_USER]','2021-10-07 19:43:54','/titulo/xml/','Borrardo: 1246644621BEME830817MSPLDL05.xml'),(460,'admin[ROLE_ADMIN, ROLE_USER]','2021-10-07 19:45:18','/catalogo/responsable/guardar','Responsable(idresponsable=5, nombre=Erika Nahomy, primerapellido=Marino, segundoapellido=Marmolejo, curp=MXME771109MGRRRR09, abrtitulo=Dra., certificadoresponsable=00001000000504585803.cer, llaveesponsable=Claveprivada_FIEL_MAMX7711094A0_20200724_205129.key, numerocertificado=00001000000504585803, pwdkey=KIKIS1109, cargo=Cargo(id_cargo=1, cargo_firmante=DIRECTOR))'),(461,'admin[ROLE_ADMIN, ROLE_USER]','2021-10-07 19:49:15','sellodetitilo1246','RL8PKjmBHT/jVNQvThEiutqlAIE9TGto8zCY0lyvupQxyly81Nl0W0cELgNaI4jt/kIvkkck8EnjatSpjzYNUwRvpWM/xdNfCeEF47MMiDypyqpBe6BovlG8QJ27lgS87SeEfRp08KNA581jT0MtXdgXZXe3JD3ngKNXhw0b92HTMtff8wlPTZwYf0z1OnY5AzubLTfPsdl4mSV8sSPc7zm8yz9rHmKsHbcv+Toc16Tu997wDHz1+/VwAGTQiv+P26TpsnWAL6S6Mih3kjRcY39LDzOzoZxkUFeFFdNsd0HTFRPi6IT2dzBC9WH4cf+cybQ+YRmMiw1KytLJDFgVQQ=='),(462,'admin[ROLE_ADMIN, ROLE_USER]','2021-10-07 19:49:16','cadenaOriginaltitulo1246','||1.0|644621BEME830817MSPLDL05|MXME771109MGRRRR09|1|DIRECTOR|Dra.|140349|CENTRO DE INVESTIGACIÓN Y ASISTENCIA EN TECNOLOGÍA Y DISEÑO DEL ESTADO DE JALISCO, A.C.|644621|DOCTORADO EN CIENCIAS EN INNOVACIÓN BIOTECNOLÓGICA|2016-01-31|2020-01-30|9|OTRO||BEME830817MSPLDL05|ELISA ALEJANDRA|BELTRAN|MEDINA|elisa.beltran.m@gmail.com|2021-04-07|1|POR TESIS|2021-04-07||0|5|NO APLICA|14|JALISCO|UNIVERSIDAD DE GUADALAJARA|1|MAESTRÍA|14|JALISCO|2011-07-31|2013-06-29|8967946||'),(463,'admin[ROLE_ADMIN, ROLE_USER]','2021-10-07 19:49:16','/titulo/xml/','1246644621BEME830817MSPLDL05.xml'),(464,'admin[ROLE_ADMIN, ROLE_USER]','2021-10-07 19:49:53','/titulo/xml/','Borrardo: 1246644621BEME830817MSPLDL05.xml'),(465,'admin[ROLE_ADMIN, ROLE_USER]','2021-10-07 19:51:24','sellodetitilo1246','RL8PKjmBHT/jVNQvThEiutqlAIE9TGto8zCY0lyvupQxyly81Nl0W0cELgNaI4jt/kIvkkck8EnjatSpjzYNUwRvpWM/xdNfCeEF47MMiDypyqpBe6BovlG8QJ27lgS87SeEfRp08KNA581jT0MtXdgXZXe3JD3ngKNXhw0b92HTMtff8wlPTZwYf0z1OnY5AzubLTfPsdl4mSV8sSPc7zm8yz9rHmKsHbcv+Toc16Tu997wDHz1+/VwAGTQiv+P26TpsnWAL6S6Mih3kjRcY39LDzOzoZxkUFeFFdNsd0HTFRPi6IT2dzBC9WH4cf+cybQ+YRmMiw1KytLJDFgVQQ=='),(466,'admin[ROLE_ADMIN, ROLE_USER]','2021-10-07 19:51:24','cadenaOriginaltitulo1246','||1.0|644621BEME830817MSPLDL05|MXME771109MGRRRR09|1|DIRECTOR|Dra.|140349|CENTRO DE INVESTIGACIÓN Y ASISTENCIA EN TECNOLOGÍA Y DISEÑO DEL ESTADO DE JALISCO, A.C.|644621|DOCTORADO EN CIENCIAS EN INNOVACIÓN BIOTECNOLÓGICA|2016-01-31|2020-01-30|9|OTRO||BEME830817MSPLDL05|ELISA ALEJANDRA|BELTRAN|MEDINA|elisa.beltran.m@gmail.com|2021-04-07|1|POR TESIS|2021-04-07||0|5|NO APLICA|14|JALISCO|UNIVERSIDAD DE GUADALAJARA|1|MAESTRÍA|14|JALISCO|2011-07-31|2013-06-29|8967946||'),(467,'admin[ROLE_ADMIN, ROLE_USER]','2021-10-07 19:51:24','/titulo/xml/','1246644621BEME830817MSPLDL05.xml'),(468,'admin[ROLE_ADMIN, ROLE_USER]','2021-10-07 19:53:01','/titulo/historicoenvio/wsenviar/','HistoricoEnvio(idhistoricoenvio=19, idusuario=null, timestamp=null, accion=null, mensaje=null, lote=null, idestaustitulo=null, archivo=null, titulos=[])'),(469,'admin[ROLE_ADMIN, ROLE_USER]','2021-10-07 19:53:07','/titulo/historicoenvio/wsconsulta/','HistoricoEnvio(idhistoricoenvio=19, idusuario=null, timestamp=null, accion=null, mensaje=null, lote=null, idestaustitulo=null, archivo=null, titulos=[])'),(470,'admin[ROLE_ADMIN, ROLE_USER]','2021-10-07 19:53:23','/titulo/historicoenvio/wsrecibe/','HistoricoEnvio(idhistoricoenvio=19, idusuario=null, timestamp=null, accion=null, mensaje=null, lote=null, idestaustitulo=null, archivo=null, titulos=[])'),(471,'admin[ROLE_ADMIN, ROLE_USER]','2021-10-07 19:55:26','/titulo/xml/','Borrardo: 1246644621BEME830817MSPLDL05.xml'),(472,'admin[ROLE_ADMIN, ROLE_USER]','2021-10-07 19:56:29','/catalogo/responsable/guardar','Responsable(idresponsable=5, nombre=Erika Nahomy, primerapellido=Marino, segundoapellido=Marmolejo, curp=MEMX771109MGRRRR09 , abrtitulo=Dra., certificadoresponsable=00001000000504585803.cer, llaveesponsable=Claveprivada_FIEL_MAMX7711094A0_20200724_205129.key, numerocertificado=00001000000504585803, pwdkey=KIKIS1109, cargo=Cargo(id_cargo=1, cargo_firmante=DIRECTOR))'),(473,'admin[ROLE_ADMIN, ROLE_USER]','2021-10-07 20:00:56','sellodetitilo1246','OFX647w1OBfD9A1OcERY9Owqm0T3DCZTnotvsCcpIBKGLI+Ew+4BI/oyr4yj2aKTQA9dyMMGgvIxsAzJ4yZmh60w875OPKwiQfeTebufrIObhQ2OC1dRlj+fZyJoagZbzMWE2ddM/xZuSdLHsL3G22yQcx+hcJkkiJGBkHA75d4G2B4u+OvCTMDAUB/057skLu8BW8TK8sZBtXpl2HabyZUrTbj7OtBFDBaXVuO7PczPL7vlK8fl7Lho9krUT0EriiKXDIjyq89jOxhmg1q+GkNExRIzdLqRsuBlGSJWU0NNjtZBfwhzTi6NTJt9VpvDqX17YoIFCUdpWzRjyM5Iog=='),(474,'admin[ROLE_ADMIN, ROLE_USER]','2021-10-07 20:00:56','cadenaOriginaltitulo1246','||1.0|644621BEME830817MSPLDL05|MEMX771109MGRRRR09 |1|DIRECTOR|Dra.|140349|CENTRO DE INVESTIGACIÓN Y ASISTENCIA EN TECNOLOGÍA Y DISEÑO DEL ESTADO DE JALISCO, A.C.|644621|DOCTORADO EN CIENCIAS EN INNOVACIÓN BIOTECNOLÓGICA|2016-01-31|2020-01-30|9|OTRO||BEME830817MSPLDL05|ELISA ALEJANDRA|BELTRAN|MEDINA|elisa.beltran.m@gmail.com|2021-04-07|1|POR TESIS|2021-04-07||0|5|NO APLICA|14|JALISCO|UNIVERSIDAD DE GUADALAJARA|1|MAESTRÍA|14|JALISCO|2011-07-31|2013-06-29|8967946||'),(475,'admin[ROLE_ADMIN, ROLE_USER]','2021-10-07 20:00:57','/titulo/xml/','1246644621BEME830817MSPLDL05.xml'),(476,'admin[ROLE_ADMIN, ROLE_USER]','2021-10-07 20:01:11','/titulo/historicoenvio/wsenviar/','HistoricoEnvio(idhistoricoenvio=19, idusuario=null, timestamp=null, accion=null, mensaje=null, lote=null, idestaustitulo=null, archivo=null, titulos=[])'),(477,'admin[ROLE_ADMIN, ROLE_USER]','2021-10-07 20:01:16','/titulo/historicoenvio/wsconsulta/','HistoricoEnvio(idhistoricoenvio=19, idusuario=null, timestamp=null, accion=null, mensaje=null, lote=null, idestaustitulo=null, archivo=null, titulos=[])'),(478,'admin[ROLE_ADMIN, ROLE_USER]','2021-10-07 20:03:58','/catalogo/responsable/guardar','Responsable(idresponsable=5, nombre=Erika Nahomy, primerapellido=Marino, segundoapellido=Marmolejo, curp=MEMX771109MGRRRR09, abrtitulo=Dra., certificadoresponsable=00001000000504585803.cer, llaveesponsable=Claveprivada_FIEL_MAMX7711094A0_20200724_205129.key, numerocertificado=00001000000504585803, pwdkey=KIKIS1109, cargo=Cargo(id_cargo=1, cargo_firmante=DIRECTOR))'),(479,'admin[ROLE_ADMIN, ROLE_USER]','2021-10-07 20:04:12','/titulo/xml/','Borrardo: 1246644621BEME830817MSPLDL05.xml'),(480,'admin[ROLE_ADMIN, ROLE_USER]','2021-10-07 20:07:00','sellodetitilo1246','l0fEc2KhMhWIXjDIfsNHUhTmkR0HPjZRBPm5tv1ihC52hUj3hhl/LO2BeleumpuIQkyQXFICtH/jYnihC58x2XqGqslilBukvcWMByzZxkSpsjyGpuvfQoidpvMuYxMP6KXxvhgs12SyqdONXFka5TvikfUZbBpISViYnUs9kU5FnRBZ5ZJv91cDJPB+A392Tl1sLa6wavsr4LZeMneEv6JF8YNLK/kbzDkzMjyGw7voKTHDmZ2h22NWe3/LsfavXCAi5tdjTksyx9KN0o0aMtLZJ8flGj9hlg5cGlXOygi4MzsxlIlLLSPEcLZBfTkzGp0qUhQ14OUrLds1iX76Lw=='),(481,'admin[ROLE_ADMIN, ROLE_USER]','2021-10-07 20:07:00','cadenaOriginaltitulo1246','||1.0|644621BEME830817MSPLDL05|MEMX771109MGRRRR09|1|DIRECTOR|Dra.|140349|CENTRO DE INVESTIGACIÓN Y ASISTENCIA EN TECNOLOGÍA Y DISEÑO DEL ESTADO DE JALISCO, A.C.|644621|DOCTORADO EN CIENCIAS EN INNOVACIÓN BIOTECNOLÓGICA|2016-01-31|2020-01-30|9|OTRO||BEME830817MSPLDL05|ELISA ALEJANDRA|BELTRAN|MEDINA|elisa.beltran.m@gmail.com|2021-04-07|1|POR TESIS|2021-04-07||0|5|NO APLICA|14|JALISCO|UNIVERSIDAD DE GUADALAJARA|1|MAESTRÍA|14|JALISCO|2011-07-31|2013-06-29|8967946||'),(482,'admin[ROLE_ADMIN, ROLE_USER]','2021-10-07 20:07:00','/titulo/xml/','1246644621BEME830817MSPLDL05.xml'),(483,'admin[ROLE_ADMIN, ROLE_USER]','2021-10-07 20:09:12','/titulo/historicoenvio/wsenviar/','HistoricoEnvio(idhistoricoenvio=19, idusuario=null, timestamp=null, accion=null, mensaje=null, lote=null, idestaustitulo=null, archivo=null, titulos=[])'),(484,'admin[ROLE_ADMIN, ROLE_USER]','2021-10-07 20:09:18','/titulo/historicoenvio/wsconsulta/','HistoricoEnvio(idhistoricoenvio=19, idusuario=null, timestamp=null, accion=null, mensaje=null, lote=null, idestaustitulo=null, archivo=null, titulos=[])'),(485,'admin[ROLE_ADMIN, ROLE_USER]','2021-10-07 20:09:48','/titulo/historicoenvio/wsrecibe/','HistoricoEnvio(idhistoricoenvio=19, idusuario=null, timestamp=null, accion=null, mensaje=null, lote=null, idestaustitulo=null, archivo=null, titulos=[])'),(486,'admin[ROLE_ADMIN, ROLE_USER]','2021-10-07 20:15:42','sellodetitilo1247','VnkJXy6ffIn2waiDBXcpck5rfkSKiztdlj25/0G+CZPgvY1uUDilATwGYN2c2A5FsZ8j9ceDGiymyzTvwCxgaSv9RptSus/13wNjDiRHlsgwPqzmQUky/q1m7RPzWDqhNg9hXHhydAm1/OH3TDoEiou/6u+Ad0fl/ldOstbuSDnG8RuioOUOXbQoaDFX1ou2DPpim/nOon9lZnfmmlrlPFokgLIkhcJvglG8Ms/qr3UD46b53ANcM6mMymb2dxBWJthCh5ZZ0LTpdhcFv/bYkXDkzS7QXr2WA0IL702N3aLoncJU3yMiDTY8rmeBhE0XFvgN/m8pDBqiGOtx6Z42NA=='),(487,'admin[ROLE_ADMIN, ROLE_USER]','2021-10-07 20:15:42','cadenaOriginaltitulo1247','||1.0|644621RORJ910324HNTDMS03|MEMX771109MGRRRR09|1|DIRECTOR|Dra.|140349|CENTRO DE INVESTIGACIÓN Y ASISTENCIA EN TECNOLOGÍA Y DISEÑO DEL ESTADO DE JALISCO, A.C.|644621|DOCTORADO EN CIENCIAS EN INNOVACIÓN BIOTECNOLÓGICA|2016-07-31|2019-07-30|9|OTRO||RORJ910324HNTDMS03|JOSE DE JESUS|RODRIGUEZ|ROMERO|jrguez344@gmail.com|2020-12-14|1|POR TESIS|2020-12-14||0|5|NO APLICA|14|JALISCO|INSTITUTO TECNOLÓGICO DE TEPIC|1|MAESTRÍA|18|NAYARIT|2013-12-31|2015-12-30|10075228||'),(488,'admin[ROLE_ADMIN, ROLE_USER]','2021-10-07 20:15:42','/titulo/xml/','1247644621RORJ910324HNTDMS03.xml'),(489,'admin[ROLE_ADMIN, ROLE_USER]','2021-10-07 20:16:08','/titulo/historicoenvio/guardar','HistoricoEnvio(idhistoricoenvio=null, idusuario=null, timestamp=null, accion=null, mensaje=null, lote=null, idestaustitulo=null, archivo=null, titulos=[])'),(490,'admin[ROLE_ADMIN, ROLE_USER]','2021-10-07 20:16:57','/titulo/historicoenvio/guardaritem','HistoricoEnvio(idhistoricoenvio=20, idusuario=null, timestamp=null, accion=null, mensaje=null, lote=null, idestaustitulo=null, archivo=null, titulos=[])'),(491,'admin[ROLE_ADMIN, ROLE_USER]','2021-10-07 20:17:06','/titulo/historicoenvio/wsenviar/','HistoricoEnvio(idhistoricoenvio=20, idusuario=null, timestamp=null, accion=null, mensaje=null, lote=null, idestaustitulo=null, archivo=null, titulos=[])'),(492,'admin[ROLE_ADMIN, ROLE_USER]','2021-10-07 20:17:10','/titulo/historicoenvio/wsconsulta/','HistoricoEnvio(idhistoricoenvio=20, idusuario=null, timestamp=null, accion=null, mensaje=null, lote=null, idestaustitulo=null, archivo=null, titulos=[])'),(493,'admin[ROLE_ADMIN, ROLE_USER]','2021-10-07 20:17:24','/titulo/historicoenvio/wsrecibe/','HistoricoEnvio(idhistoricoenvio=20, idusuario=null, timestamp=null, accion=null, mensaje=null, lote=null, idestaustitulo=null, archivo=null, titulos=[])'),(494,'admin[ROLE_ADMIN, ROLE_USER]','2021-10-07 20:23:45','/catalogo/responsable/guardar','Responsable(idresponsable=null, nombre=Fátima Gabriela, primerapellido=Ordoñez, segundoapellido=de la Cruz, curp=OOCF820528MVZRRT05, abrtitulo=Mtra., certificadoresponsable=null, llaveesponsable=null, numerocertificado=null, pwdkey=null, cargo=Cargo(id_cargo=2, cargo_firmante=SUBDIRECTOR))'),(495,'admin[ROLE_ADMIN, ROLE_USER]','2021-10-07 20:27:34','/upload/cert/resp/','Responsable(idresponsable=6, nombre=null, primerapellido=null, segundoapellido=null, curp=null, abrtitulo=null, certificadoresponsable=null, llaveesponsable=null, numerocertificado=null, pwdkey=null, cargo=null)'),(496,'admin[ROLE_ADMIN, ROLE_USER]','2021-10-07 20:28:14','/upload/cert/resp/','Responsable(idresponsable=6, nombre=null, primerapellido=null, segundoapellido=null, curp=null, abrtitulo=null, certificadoresponsable=null, llaveesponsable=null, numerocertificado=null, pwdkey=null, cargo=null)'),(497,'admin[ROLE_ADMIN, ROLE_USER]','2021-10-07 20:29:15','/catalogo/responsable/guardar','Responsable(idresponsable=6, nombre=Fátima Gabriela, primerapellido=Ordoñez, segundoapellido=de la Cruz, curp=OOCF820528MVZRRT05, abrtitulo=Mtra., certificadoresponsable=oocf820528b94.cer, llaveesponsable=Claveprivada_FIEL_OOCF820528B94_20181115_131910.key, numerocertificado=00001000000412706524, pwdkey=bolocho22, cargo=Cargo(id_cargo=2, cargo_firmante=SUBDIRECTOR))'),(498,'admin[ROLE_ADMIN, ROLE_USER]','2021-10-07 20:29:58','sellodetitilo1249','mi8eWa2emnr5KMsO/5S9H+KMXeD6OKDHUprFo4MsFgYopSpinVodq2dGIHpt84rcAv/0fb0febei0CecKXbSHVunPK5LACUut6dR+q4kHkvdha1NlmUnnlSbhPSENcnrZINJBD/H3PuqzENkrG6icAO6IPGz0095uA/jzpaOX36Xx+DjgCi5gLXfrLrQgUQhoTOH0gr0JxQG9PxOOgyfHKVHd27KgeLh/+FvOmjmCRpkxoj6QI/2TvHSvpkxNEmtWPamRL8zNosI3LpX6AO9B8WdrxaAGh8pZCQKX19aTy5WvfP/wKA9dHxt3KRXWmMTGdMjKu8sW1nofdsTRz8cIw=='),(499,'admin[ROLE_ADMIN, ROLE_USER]','2021-10-07 20:29:58','cadenaOriginaltitulo1249','||1.0|644621UIVM840228MCSTZR12|MEMX771109MGRRRR09|1|DIRECTOR|Dra.|140349|CENTRO DE INVESTIGACIÓN Y ASISTENCIA EN TECNOLOGÍA Y DISEÑO DEL ESTADO DE JALISCO, A.C.|644621|DOCTORADO EN CIENCIAS EN INNOVACIÓN BIOTECNOLÓGICA|2015-07-31|2019-07-30|9|OTRO||UIVM840228MCSTZR12|MARYCARMEN|UTRILLA|VAZQUEZ|mautrilla@hotmail.com|2020-07-30|1|POR TESIS|2020-07-30||0|5|NO APLICA|14|JALISCO|UNIVERSIDAD AUTÓNOMA DE QUERÉTARO|1|MAESTRÍA|22|QUERÉTARO|2006-06-30|2008-07-30|7389660||'),(500,'admin[ROLE_ADMIN, ROLE_USER]','2021-10-07 20:29:58','sellodetitilo1249','M+bNhTSkvBiVY5PB9iJn2hgA2nA3fSu+PAa2RqZwQVxQbQUEzL5YnVNx2MG/FkmNIAl8w1cHA48MLGQKw36mG6Vrw3HfeRUC4BjRO8e+U374nK1XLzi3uEIw1brDHhfE+BA5r433PBjhNuzlDFlNcxb8iE/Dk9qwowUNb7iHzXtWb2hPKZdc24DmByUjzRRoLyRdJemFkK8wQ/Y2MwhnxEMBypPOpwicZIpnxW3JdE9HH9C0DzRqPKBlIt7Njum8xq7uJfv/4QLOm20tljAJhLDuwkRlYtmU8DnexPZ+H1LR7qxq704hmrw7ph8aiu7vT2K7j3AdwGx97SCsb6Ucww=='),(501,'admin[ROLE_ADMIN, ROLE_USER]','2021-10-07 20:29:58','cadenaOriginaltitulo1249','||1.0|644621UIVM840228MCSTZR12|OOCF820528MVZRRT05|2|SUBDIRECTOR|Mtra.|140349|CENTRO DE INVESTIGACIÓN Y ASISTENCIA EN TECNOLOGÍA Y DISEÑO DEL ESTADO DE JALISCO, A.C.|644621|DOCTORADO EN CIENCIAS EN INNOVACIÓN BIOTECNOLÓGICA|2015-07-31|2019-07-30|9|OTRO||UIVM840228MCSTZR12|MARYCARMEN|UTRILLA|VAZQUEZ|mautrilla@hotmail.com|2020-07-30|1|POR TESIS|2020-07-30||0|5|NO APLICA|14|JALISCO|UNIVERSIDAD AUTÓNOMA DE QUERÉTARO|1|MAESTRÍA|22|QUERÉTARO|2006-06-30|2008-07-30|7389660||'),(502,'admin[ROLE_ADMIN, ROLE_USER]','2021-10-07 20:29:58','/titulo/xml/','1249644621UIVM840228MCSTZR12.xml'),(503,'admin[ROLE_ADMIN, ROLE_USER]','2021-10-07 20:30:46','sellodetitilo1250','eS3m2dOoHbhVmDB3Uew+WHCAoeWjklPkUbnP1Bpzd/G4BFHP3+jP921NAL4EKZ16f2iJvSJYg/xZQzL2djVFbBwurnUcCcrZdN3Y0rBLiWc6CvGcx0vKY0VMPJV4Dee7VmRnXkIUt5Nrz/wGtUzJgN8Ie+VmxRjQvHMGx/kX8xHmfQOEGxfF5ru8V5CBsSzLRwouMavGtFODm6uY+YLxK949mwl28TW2ZR985MjPkI9Q9Nh/+VWqBaGkfAgel5NM8vzY6F6Jo2kqH9n5xY5Y8CVarXI65rr15lfJr1S//QkmzEjTo0OoRC1GoB2bCFA5xtMV7jae56GjFaxT8/bleA=='),(504,'admin[ROLE_ADMIN, ROLE_USER]','2021-10-07 20:30:46','cadenaOriginaltitulo1250','||1.0|644621MACJ830225HNTZRR00|MEMX771109MGRRRR09|1|DIRECTOR|Dra.|140349|CENTRO DE INVESTIGACIÓN Y ASISTENCIA EN TECNOLOGÍA Y DISEÑO DEL ESTADO DE JALISCO, A.C.|644621|DOCTORADO EN CIENCIAS EN INNOVACIÓN BIOTECNOLÓGICA|2015-01-31|2019-01-30|9|OTRO||MACJ830225HNTZRR00|JORGE LUIS|MAZORRA|CARRILLO|jomazorra_al@ciatej.edu.mx|2020-11-17|1|POR TESIS|2020-11-17||0|5|NO APLICA|14|JALISCO|INSTITUTO POTOSINO DE INVESTIGACIÓN CIENTÍFICA Y TECNOLÓGICA A. C.|1|MAESTRÍA|24|SAN LUIS POTOSÍ|2009-07-31|2011-09-29|11620745||'),(505,'admin[ROLE_ADMIN, ROLE_USER]','2021-10-07 20:30:46','sellodetitilo1250','GnKyskRPk9OBsNIHA6X8XnGK2k6RHy+ervGXmgHQkzrNhEbU+qhG6x2DhviaYttJSsuayrfYDerN6gBvsJdZh7igYKGSvetbzBBnoGTG61wcCEQIzig5srCp4K/gzfdQJGOi1XFJz5+7MKvMFXh1sEVCViYEo5K57jR+MI3QAaHzXokPLIe52sO24iNejpKy6rTfM9yy6usnNIXhGFITyGaWE4dtsdUllBlb+pkpOMV0IHJjlxEngXIkwS3NGNRBiezzM5zTRDnBDo/FHS+B6k88CLbU3+SaACL1uU/Wv5B+QIRI3pFp5BjBllEzCIGgh4vRQ/hjRaYxgTV4GwLPdA=='),(506,'admin[ROLE_ADMIN, ROLE_USER]','2021-10-07 20:30:46','cadenaOriginaltitulo1250','||1.0|644621MACJ830225HNTZRR00|OOCF820528MVZRRT05|2|SUBDIRECTOR|Mtra.|140349|CENTRO DE INVESTIGACIÓN Y ASISTENCIA EN TECNOLOGÍA Y DISEÑO DEL ESTADO DE JALISCO, A.C.|644621|DOCTORADO EN CIENCIAS EN INNOVACIÓN BIOTECNOLÓGICA|2015-01-31|2019-01-30|9|OTRO||MACJ830225HNTZRR00|JORGE LUIS|MAZORRA|CARRILLO|jomazorra_al@ciatej.edu.mx|2020-11-17|1|POR TESIS|2020-11-17||0|5|NO APLICA|14|JALISCO|INSTITUTO POTOSINO DE INVESTIGACIÓN CIENTÍFICA Y TECNOLÓGICA A. C.|1|MAESTRÍA|24|SAN LUIS POTOSÍ|2009-07-31|2011-09-29|11620745||'),(507,'admin[ROLE_ADMIN, ROLE_USER]','2021-10-07 20:30:46','/titulo/xml/','1250644621MACJ830225HNTZRR00.xml'),(508,'admin[ROLE_ADMIN, ROLE_USER]','2021-10-07 20:31:55','/titulo/historicoenvio/guardar','HistoricoEnvio(idhistoricoenvio=null, idusuario=null, timestamp=null, accion=null, mensaje=null, lote=null, idestaustitulo=null, archivo=null, titulos=[])'),(509,'admin[ROLE_ADMIN, ROLE_USER]','2021-10-07 20:32:03','/titulo/historicoenvio/guardaritem','HistoricoEnvio(idhistoricoenvio=21, idusuario=null, timestamp=null, accion=null, mensaje=null, lote=null, idestaustitulo=null, archivo=null, titulos=[])'),(510,'admin[ROLE_ADMIN, ROLE_USER]','2021-10-07 20:32:12','/titulo/historicoenvio/wsenviar/','HistoricoEnvio(idhistoricoenvio=21, idusuario=null, timestamp=null, accion=null, mensaje=null, lote=null, idestaustitulo=null, archivo=null, titulos=[])'),(511,'admin[ROLE_ADMIN, ROLE_USER]','2021-10-07 20:32:45','/titulo/historicoenvio/wsconsulta/','HistoricoEnvio(idhistoricoenvio=21, idusuario=null, timestamp=null, accion=null, mensaje=null, lote=null, idestaustitulo=null, archivo=null, titulos=[])'),(512,'admin[ROLE_ADMIN, ROLE_USER]','2021-10-07 20:33:17','/titulo/historicoenvio/wsrecibe/','HistoricoEnvio(idhistoricoenvio=21, idusuario=null, timestamp=null, accion=null, mensaje=null, lote=null, idestaustitulo=null, archivo=null, titulos=[])'),(513,'admin[ROLE_ADMIN, ROLE_USER]','2021-10-07 20:36:28','sellodetitilo1252','mpOTj6sF8heXZMqNtFDxJHcOwTNpgu+HzHmMFis+IW2wUG07wAYXGhlv1o+vKv72s6foxtYpCfDG6WrjdvsaOnGXvSjibZtuDgTvXW8As9LHN6Beml6ZfpzRy/GcLdxqoohi2O+QUOSGgrOakwkjOzXQGyhHj1/jKLd8MSlSBH+V50gJghciX+upkfsDQMmXgmAALZLrUkKv1ZTGjbc2D/YVAQGmIVLMRezYg1A6pZCtoBWNEky5CrrkJEsqTZvi/B1KqbNbBvyiupyljSIpNQv48Av54CaILIukjL66hCRwCSSp0WJIaOicNG0sD85x8TWIdz45OJrK/zivharAVg=='),(514,'admin[ROLE_ADMIN, ROLE_USER]','2021-10-07 20:36:28','cadenaOriginaltitulo1252','||1.0|644621HECG830301HYNRLL05|MEMX771109MGRRRR09|1|DIRECTOR|Dra.|140349|CENTRO DE INVESTIGACIÓN Y ASISTENCIA EN TECNOLOGÍA Y DISEÑO DEL ESTADO DE JALISCO, A.C.|644621|DOCTORADO EN CIENCIAS EN INNOVACIÓN BIOTECNOLÓGICA|2015-07-31|2019-07-30|9|OTRO||HECG830301HYNRLL05|GILBERT  JOSE|HERRERA|COOL|g_jos_hc@hotmail.com|2019-08-08|1|POR TESIS|2019-08-08||0|5|NO APLICA|14|JALISCO| INSTITUTO TECNOLÓGICO DE CONKAL|1|MAESTRÍA|31|YUCATÁN|2008-08-31|2011-02-27|7007875||'),(515,'admin[ROLE_ADMIN, ROLE_USER]','2021-10-07 20:36:28','sellodetitilo1252','B3iCmWsVvhp72P+lSkMNVOpA9d63reyoGJDfgasoAxWydQJLWyokmTEgkpR3Dkqf7rpsM3D+gcU2ehrvwnvk00xiPJ2G4pIKURWFqKcxBJZ1O7zmiN3hdVY7fwSj5RGYw0RFER+XHmRqX/Y0id0BLKLCYwz7m2D5hoOxbIJdY9We+ts8zJZ0O16NN+0HcSnAWOl0LgyT3y2pybUD/t89PPbmSfhUmPhVqIeaHYHyZRcM3fz2qGDM0Q3rVXodgk2k9lO3dbbHFEsP6HyJIRnd5jBCJqXUWK3s6G13494E6IjpsVtx9fgcHQKlajtk2rU+rqnHPRYQdT/VoVi9ymQ8fg=='),(516,'admin[ROLE_ADMIN, ROLE_USER]','2021-10-07 20:36:28','cadenaOriginaltitulo1252','||1.0|644621HECG830301HYNRLL05|OOCF820528MVZRRT05|2|SUBDIRECTOR|Mtra.|140349|CENTRO DE INVESTIGACIÓN Y ASISTENCIA EN TECNOLOGÍA Y DISEÑO DEL ESTADO DE JALISCO, A.C.|644621|DOCTORADO EN CIENCIAS EN INNOVACIÓN BIOTECNOLÓGICA|2015-07-31|2019-07-30|9|OTRO||HECG830301HYNRLL05|GILBERT  JOSE|HERRERA|COOL|g_jos_hc@hotmail.com|2019-08-08|1|POR TESIS|2019-08-08||0|5|NO APLICA|14|JALISCO| INSTITUTO TECNOLÓGICO DE CONKAL|1|MAESTRÍA|31|YUCATÁN|2008-08-31|2011-02-27|7007875||'),(517,'admin[ROLE_ADMIN, ROLE_USER]','2021-10-07 20:36:28','/titulo/xml/','1252644621HECG830301HYNRLL05.xml'),(518,'admin[ROLE_ADMIN, ROLE_USER]','2021-10-07 20:37:04','/titulo/historicoenvio/guardar','HistoricoEnvio(idhistoricoenvio=null, idusuario=null, timestamp=null, accion=null, mensaje=null, lote=null, idestaustitulo=null, archivo=null, titulos=[])'),(519,'admin[ROLE_ADMIN, ROLE_USER]','2021-10-07 20:37:08','/titulo/historicoenvio/guardaritem','HistoricoEnvio(idhistoricoenvio=22, idusuario=null, timestamp=null, accion=null, mensaje=null, lote=null, idestaustitulo=null, archivo=null, titulos=[])'),(520,'admin[ROLE_ADMIN, ROLE_USER]','2021-10-07 20:45:14','/titulo/historicoenvio/wsenviar/','HistoricoEnvio(idhistoricoenvio=22, idusuario=null, timestamp=null, accion=null, mensaje=null, lote=null, idestaustitulo=null, archivo=null, titulos=[])'),(521,'admin[ROLE_ADMIN, ROLE_USER]','2021-10-07 20:45:23','/titulo/historicoenvio/wsconsulta/','HistoricoEnvio(idhistoricoenvio=22, idusuario=null, timestamp=null, accion=null, mensaje=null, lote=null, idestaustitulo=null, archivo=null, titulos=[])'),(522,'admin[ROLE_ADMIN, ROLE_USER]','2021-10-07 20:45:50','/titulo/historicoenvio/wsrecibe/','HistoricoEnvio(idhistoricoenvio=22, idusuario=null, timestamp=null, accion=null, mensaje=null, lote=null, idestaustitulo=null, archivo=null, titulos=[])'),(523,'admin[ROLE_ADMIN, ROLE_USER]','2021-10-07 20:48:14','sellodetitilo1253','aGK4deHbkifWOwwGCOki378qqPGtnTUcWzMUNvAtRW66yro4MsGgvX3WChUYTPe5mWQualiismV2P4XzX9rorBYpCm1l6ptQJyDnuoFJb7CMvESNG7ZLytw9MS7KpZViUX4BrgBlVKo02wDkM1DB7/pwTsPcNhJbEZXArJojwO8vqy3iILZw9DIhFMAgIAgerw2sfB3alW69eLOXU+QHdMw+4P4Jzi0pRhcxUbbe11XVu29jQyDcVoraU+TaSSvdiauTHn68ZZKCIVxE9opV8Q4vKxo9ZBEC+YDjEuDkyP1PCUuoT2ualxeR8xhiKoc2GDFjBVhLCqnTel4/5lMK+g=='),(524,'admin[ROLE_ADMIN, ROLE_USER]','2021-10-07 20:48:14','cadenaOriginaltitulo1253','||1.0|342552LAGJ930828HCSTRN01|MEMX771109MGRRRR09|1|DIRECTOR|Dra.|140349|CENTRO DE INVESTIGACIÓN Y ASISTENCIA EN TECNOLOGÍA Y DISEÑO DEL ESTADO DE JALISCO, A.C.|342552|MAESTRÍA EN CIENCIAS DE LA FLORICULTURA|2017-07-31|2019-07-30|9|OTRO||LAGJ930828HCSTRN01|JUAN JORGE|LATOUR|GORDILLO|juangordillo519@gmail.com|2020-02-27|1|POR TESIS|2020-02-27||0|5|NO APLICA|14|JALISCO|UNIVERSIDAD TECNOLÓGICA DE LA SELVA|2|LICENCIATURA|7|CHIAPAS|2012-08-31|2016-08-30|10246516||'),(525,'admin[ROLE_ADMIN, ROLE_USER]','2021-10-07 20:48:14','sellodetitilo1253','gP+Jue5RkxqIesbgQAGXS87ceE2R0fjiP5xT2xGtSADw2s+AeILwkSsOp+1Yy8EnvBvVby9lblERtspCxZ7uoxxjE74bN0yJuL3EjtodGA1EzJF6AX+oTXUdQ1ZYKyKKfNfXjf73jB2eKq5CO3tgAEHOeIf04RB/1y9s4+0dT6H5MyzLZhI/CcY7IvkguCAlhYVCQqnLp8PVtHDNCfi7GJGzvQjRgf36Oz8f4UjkfbtFul34g/FL4VwgaiD8Ze0/PWyoFz895Z15HFGPH6hh5NSwVnve+www+Bw2nj4Vi8mzwieueFUyH/9IVgZItI4WtKygOfNhRsJS2Xv3FNE3bQ=='),(526,'admin[ROLE_ADMIN, ROLE_USER]','2021-10-07 20:48:14','cadenaOriginaltitulo1253','||1.0|342552LAGJ930828HCSTRN01|OOCF820528MVZRRT05|2|SUBDIRECTOR|Mtra.|140349|CENTRO DE INVESTIGACIÓN Y ASISTENCIA EN TECNOLOGÍA Y DISEÑO DEL ESTADO DE JALISCO, A.C.|342552|MAESTRÍA EN CIENCIAS DE LA FLORICULTURA|2017-07-31|2019-07-30|9|OTRO||LAGJ930828HCSTRN01|JUAN JORGE|LATOUR|GORDILLO|juangordillo519@gmail.com|2020-02-27|1|POR TESIS|2020-02-27||0|5|NO APLICA|14|JALISCO|UNIVERSIDAD TECNOLÓGICA DE LA SELVA|2|LICENCIATURA|7|CHIAPAS|2012-08-31|2016-08-30|10246516||'),(527,'admin[ROLE_ADMIN, ROLE_USER]','2021-10-07 20:48:14','/titulo/xml/','1253342552LAGJ930828HCSTRN01.xml'),(528,'admin[ROLE_ADMIN, ROLE_USER]','2021-10-07 20:48:24','/titulo/historicoenvio/guardar','HistoricoEnvio(idhistoricoenvio=null, idusuario=null, timestamp=null, accion=null, mensaje=null, lote=null, idestaustitulo=null, archivo=null, titulos=[])'),(529,'admin[ROLE_ADMIN, ROLE_USER]','2021-10-07 20:48:28','/titulo/historicoenvio/guardaritem','HistoricoEnvio(idhistoricoenvio=23, idusuario=null, timestamp=null, accion=null, mensaje=null, lote=null, idestaustitulo=null, archivo=null, titulos=[])'),(530,'admin[ROLE_ADMIN, ROLE_USER]','2021-10-07 20:49:36','/titulo/historicoenvio/wsenviar/','HistoricoEnvio(idhistoricoenvio=23, idusuario=null, timestamp=null, accion=null, mensaje=null, lote=null, idestaustitulo=null, archivo=null, titulos=[])'),(531,'admin[ROLE_ADMIN, ROLE_USER]','2021-10-07 20:49:41','/titulo/historicoenvio/wsconsulta/','HistoricoEnvio(idhistoricoenvio=23, idusuario=null, timestamp=null, accion=null, mensaje=null, lote=null, idestaustitulo=null, archivo=null, titulos=[])'),(532,'admin[ROLE_ADMIN, ROLE_USER]','2021-10-07 20:49:45','/titulo/historicoenvio/wsrecibe/','HistoricoEnvio(idhistoricoenvio=23, idusuario=null, timestamp=null, accion=null, mensaje=null, lote=null, idestaustitulo=null, archivo=null, titulos=[])'),(533,'admin[ROLE_ADMIN, ROLE_USER]','2021-10-07 20:56:04','sellodetitilo1254','OhJ+ZViOXnlzXKS+nLUb3oziZL4C/CLj5AyWqcVocnBN7/WiRa+Xo2VGjVc7L3UKsYoB0G4UrNbmEUznFERTYyPolJtNaQ+InUoPze5FvWa0/44bLvUX1xPmMjLb4HdI7xHtqNrUkzPHGUxkEs1czPLdsevz5UO5BNdpsLGieLfLSgJL51oHYxm1B4xegujc5Yvgv+MhxnTt7Cz2JwPkQJGeK7qEqDlp2Irp1AFBn9ekbO9mwUX7SHas766WbX870g/J3Q21bVJS6iJSJjqH3LopTzqa42vLfzk3iIzBk3pBQekeKhQ49kyNHbJIds+GjegcczAKhD5ydwPJ1FmOZA=='),(534,'admin[ROLE_ADMIN, ROLE_USER]','2021-10-07 20:56:04','cadenaOriginaltitulo1254','||1.0|342552ZADY940415MCSRZL01|MEMX771109MGRRRR09|1|DIRECTOR|Dra.|140349|CENTRO DE INVESTIGACIÓN Y ASISTENCIA EN TECNOLOGÍA Y DISEÑO DEL ESTADO DE JALISCO, A.C.|342552|MAESTRÍA EN CIENCIAS DE LA FLORICULTURA|2017-07-31|2019-07-30|9|OTRO||ZADY940415MCSRZL01|YULEMNE|ZARATE|DIAZ|yulemnez@hotmail.com|2020-02-27|1|POR TESIS|2020-02-27||0|5|NO APLICA|14|JALISCO|UNIVERSIDAD TECNOLÓGICA DE LA SELVA|2|LICENCIATURA|7|CHIAPAS|2012-08-31|2016-08-30|10246484||'),(535,'admin[ROLE_ADMIN, ROLE_USER]','2021-10-07 20:56:04','sellodetitilo1254','EtPYFx7aHjD/drTQJJKALAtsFEZoxww8aFSQ0jrYbtfT79CkK+C/QAWK6U2AntfLGmAVjXpqTdbChGGmHAX38AdHaayinIW4O0mJQwdQE9hACmVMPFmEIjTuKmwhpX/RGPSluubLV22TY3W6C5aPdCaCE/20/7g9F9sl6xu2gtGXt/dngMhgyYKIoxw+KpQyaK+cxtsvBNaIZ+ZO8EE7G2gxznnxDxAkgsyUhUHxpw2JaL28wmHlJ12GEgrAOi6UW/h95eDE8DgPYDpM53zQotrKFai+V91Xguo5YIMWhNtRRTCNx6OwPTiBsAm5MyinCRbce8riRe72gJMsCJDtoA=='),(536,'admin[ROLE_ADMIN, ROLE_USER]','2021-10-07 20:56:04','cadenaOriginaltitulo1254','||1.0|342552ZADY940415MCSRZL01|OOCF820528MVZRRT05|2|SUBDIRECTOR|Mtra.|140349|CENTRO DE INVESTIGACIÓN Y ASISTENCIA EN TECNOLOGÍA Y DISEÑO DEL ESTADO DE JALISCO, A.C.|342552|MAESTRÍA EN CIENCIAS DE LA FLORICULTURA|2017-07-31|2019-07-30|9|OTRO||ZADY940415MCSRZL01|YULEMNE|ZARATE|DIAZ|yulemnez@hotmail.com|2020-02-27|1|POR TESIS|2020-02-27||0|5|NO APLICA|14|JALISCO|UNIVERSIDAD TECNOLÓGICA DE LA SELVA|2|LICENCIATURA|7|CHIAPAS|2012-08-31|2016-08-30|10246484||'),(537,'admin[ROLE_ADMIN, ROLE_USER]','2021-10-07 20:56:04','/titulo/xml/','1254342552ZADY940415MCSRZL01.xml'),(538,'admin[ROLE_ADMIN, ROLE_USER]','2021-10-07 20:56:21','/titulo/historicoenvio/guardar','HistoricoEnvio(idhistoricoenvio=null, idusuario=null, timestamp=null, accion=null, mensaje=null, lote=null, idestaustitulo=null, archivo=null, titulos=[])'),(539,'admin[ROLE_ADMIN, ROLE_USER]','2021-10-07 20:56:26','/titulo/historicoenvio/guardaritem','HistoricoEnvio(idhistoricoenvio=24, idusuario=null, timestamp=null, accion=null, mensaje=null, lote=null, idestaustitulo=null, archivo=null, titulos=[])'),(540,'admin[ROLE_ADMIN, ROLE_USER]','2021-10-07 20:56:33','/titulo/historicoenvio/wsenviar/','HistoricoEnvio(idhistoricoenvio=24, idusuario=null, timestamp=null, accion=null, mensaje=null, lote=null, idestaustitulo=null, archivo=null, titulos=[])'),(541,'admin[ROLE_ADMIN, ROLE_USER]','2021-10-07 20:56:40','/titulo/historicoenvio/wsconsulta/','HistoricoEnvio(idhistoricoenvio=24, idusuario=null, timestamp=null, accion=null, mensaje=null, lote=null, idestaustitulo=null, archivo=null, titulos=[])'),(542,'admin[ROLE_ADMIN, ROLE_USER]','2021-10-07 20:56:59','/titulo/historicoenvio/wsrecibe/','HistoricoEnvio(idhistoricoenvio=24, idusuario=null, timestamp=null, accion=null, mensaje=null, lote=null, idestaustitulo=null, archivo=null, titulos=[])'),(543,'admin[ROLE_ADMIN, ROLE_USER]','2021-10-07 20:58:39','sellodetitilo1255','fg9D8v3R9BKWNosS1cxuO8OLTly3o8TTs8TjQgcl454Y2sweedttm1VoZmbMmIV3C4EdROz7WGPqrDsu3eTkflKp0GCtwBFqKi+5aEz8Nvou47kWouuxEiw3+6Ys2IkoYCuDFnqt3CbqMYYUHumHqMQCowBA6CHIHKNwFEcldpwRYfO5/tvqLKMzFegceBRuE317tUGgO1nlcGlZZMsvmO1fnnA82VwdCr1GDzfln8cADRfbaTqEOm1e+6Ay6bs6WbY55Lh7DDSW8Muuah1xd/TwywAG4Qbs39TM+oOUIK7n0WRD1jSME2Sxdml0mVRAfmstsWhf5+EgtTjIOHkorg=='),(544,'admin[ROLE_ADMIN, ROLE_USER]','2021-10-07 20:58:39','cadenaOriginaltitulo1255','||1.0|342552FABM930715MHGLTR07|MEMX771109MGRRRR09|1|DIRECTOR|Dra.|140349|CENTRO DE INVESTIGACIÓN Y ASISTENCIA EN TECNOLOGÍA Y DISEÑO DEL ESTADO DE JALISCO, A.C.|342552|MAESTRÍA EN CIENCIAS DE LA FLORICULTURA|2016-07-31|2018-07-30|9|OTRO||FABM930715MHGLTR07|MARIBEL|FALCON|BAUTISTA|plantasmasverdes@gmail.com|2018-12-05|1|POR TESIS|2018-12-05||0|5|NO APLICA|14|JALISCO|UNIVERSIDAD AUTÓNOMA DEL ESTADO DE HIDALGO|2|LICENCIATURA|13|HIDALGO|2011-06-30|2015-12-30|10029436||'),(545,'admin[ROLE_ADMIN, ROLE_USER]','2021-10-07 20:58:39','sellodetitilo1255','LF7TER1Na/odc9mbeOlUY+pFthKq504uv0rRJxdO6oDieWLhFbW8r6mwdVyif+meZNhAc+lL5crIvS/OvD/Jcl4Z+FHZBvbngge0gM2qiUvgeAgCT7MHx+1DP6WpO88NhvWgNLxBKNPCKpX3pbJZ7XjtahhXjP6FhmykZjaJod46BJT6FqztuWA0lKuPPUZ4bI8E42AY7bhtak3bVrfOsdf9/HylXJbVWWxSK7EQeB97x9CrRtcxTtxB3rVUetP1vcaBAK3hGSTxeV4ZG/yIDUtoy8uFcBco2TzM1LRiHsGYTjzQsagT7wEOp+ZPMNStHqoIj+ooRP8KqKb64FFJtA=='),(546,'admin[ROLE_ADMIN, ROLE_USER]','2021-10-07 20:58:39','cadenaOriginaltitulo1255','||1.0|342552FABM930715MHGLTR07|OOCF820528MVZRRT05|2|SUBDIRECTOR|Mtra.|140349|CENTRO DE INVESTIGACIÓN Y ASISTENCIA EN TECNOLOGÍA Y DISEÑO DEL ESTADO DE JALISCO, A.C.|342552|MAESTRÍA EN CIENCIAS DE LA FLORICULTURA|2016-07-31|2018-07-30|9|OTRO||FABM930715MHGLTR07|MARIBEL|FALCON|BAUTISTA|plantasmasverdes@gmail.com|2018-12-05|1|POR TESIS|2018-12-05||0|5|NO APLICA|14|JALISCO|UNIVERSIDAD AUTÓNOMA DEL ESTADO DE HIDALGO|2|LICENCIATURA|13|HIDALGO|2011-06-30|2015-12-30|10029436||'),(547,'admin[ROLE_ADMIN, ROLE_USER]','2021-10-07 20:58:39','/titulo/xml/','1255342552FABM930715MHGLTR07.xml'),(548,'admin[ROLE_ADMIN, ROLE_USER]','2021-10-07 20:58:56','/titulo/historicoenvio/guardar','HistoricoEnvio(idhistoricoenvio=null, idusuario=null, timestamp=null, accion=null, mensaje=null, lote=null, idestaustitulo=null, archivo=null, titulos=[])'),(549,'admin[ROLE_ADMIN, ROLE_USER]','2021-10-07 20:59:01','/titulo/historicoenvio/guardaritem','HistoricoEnvio(idhistoricoenvio=25, idusuario=null, timestamp=null, accion=null, mensaje=null, lote=null, idestaustitulo=null, archivo=null, titulos=[])'),(550,'admin[ROLE_ADMIN, ROLE_USER]','2021-10-07 20:59:10','/titulo/historicoenvio/wsenviar/','HistoricoEnvio(idhistoricoenvio=25, idusuario=null, timestamp=null, accion=null, mensaje=null, lote=null, idestaustitulo=null, archivo=null, titulos=[])'),(551,'admin[ROLE_ADMIN, ROLE_USER]','2021-10-07 20:59:33','/titulo/historicoenvio/wsrecibe/','HistoricoEnvio(idhistoricoenvio=25, idusuario=null, timestamp=null, accion=null, mensaje=null, lote=null, idestaustitulo=null, archivo=null, titulos=[])'),(552,'admin[ROLE_ADMIN, ROLE_USER]','2021-10-08 14:55:21','/titulo/xml/','Borrardo: 1252644621HECG830301HYNRLL05.xml'),(553,'admin[ROLE_ADMIN, ROLE_USER]','2021-10-08 14:55:36','sellodetitilo1252','MecdH4ULWn7E/TAPbz+oh9P4OyxGtAuxZyIxnsw5dbU1Zf/XYJNwqdy0ySlBrmFMY/KuydUA9P9De4IAGJWqMc1512L64BWtDbIQkz/XywzU8ykuF59GDj481lsbQquclS29tFyZAVM5/gXxfVOyxuS1UnjFk+PImKop2sJ69C9/m3wl9wa8F3gMcC8g/ijwBxiFX8TuqlZYq+uaejwjRvEWMCXYb2wULLICH63vpDcQgwcqD0LeTFKAKPayr0CED5NGBUvvM7nn5NBDh34zCzAyllKqEHENjRWzYdU8Q3sbcr8wGrZneuZh0Q3Cnw0MSSkGR4ZOsEBF/VRFqAXzRQ=='),(554,'admin[ROLE_ADMIN, ROLE_USER]','2021-10-08 14:55:36','cadenaOriginaltitulo1252','||1.0|644621HECG830301HYNRLL05|MEMX771109MGRRRR09|1|DIRECTOR|Dra.|140349|CENTRO DE INVESTIGACIÓN Y ASISTENCIA EN TECNOLOGÍA Y DISEÑO DEL ESTADO DE JALISCO, A.C.|644621|DOCTORADO EN CIENCIAS EN INNOVACIÓN BIOTECNOLÓGICA|2015-07-31|2019-07-30|9|OTRO||HECG830301HYNRLL05|Gilbert  José|Herrera|Cool|g_jos_hc@hotmail.com|2019-08-08|1|POR TESIS|2019-08-08||0|5|NO APLICA|14|JALISCO| INSTITUTO TECNOLÓGICO DE CONKAL|1|MAESTRÍA|31|YUCATÁN|2008-08-31|2011-02-27|7007875||'),(555,'admin[ROLE_ADMIN, ROLE_USER]','2021-10-08 14:55:36','sellodetitilo1252','cIy3yro1/XJHs0O0Mrp8QI3GfxhNrkCAWKUZzJ5WtVicpcch/nX21mCHkst7QjJiWvnC/CBAgsp2epOh9Ptq9RKR40KoLx69bkMB9VfCMRYa362g8AVpwRhThItIuznVNluoKPiT6txcA6B+c8kE2Trw8P01Ldq2sN0OzbBnRfB9VtAcREeBmwlmxuSxC0kbLVLrltDQPTMxqTSUP0Ic/AObWCbGcgut4i4KdS/FQfLnbDjMX83FRZU7UehEBA4nhx4am4a19PjHUMoEO0PgToel4jOaF2FPugHSph/c2UaPxcLyMHLB0DcPkyQ3lOP6hJo+gXMocU2fj2/NTSD37w=='),(556,'admin[ROLE_ADMIN, ROLE_USER]','2021-10-08 14:55:36','cadenaOriginaltitulo1252','||1.0|644621HECG830301HYNRLL05|OOCF820528MVZRRT05|2|SUBDIRECTOR|Mtra.|140349|CENTRO DE INVESTIGACIÓN Y ASISTENCIA EN TECNOLOGÍA Y DISEÑO DEL ESTADO DE JALISCO, A.C.|644621|DOCTORADO EN CIENCIAS EN INNOVACIÓN BIOTECNOLÓGICA|2015-07-31|2019-07-30|9|OTRO||HECG830301HYNRLL05|Gilbert  José|Herrera|Cool|g_jos_hc@hotmail.com|2019-08-08|1|POR TESIS|2019-08-08||0|5|NO APLICA|14|JALISCO| INSTITUTO TECNOLÓGICO DE CONKAL|1|MAESTRÍA|31|YUCATÁN|2008-08-31|2011-02-27|7007875||'),(557,'admin[ROLE_ADMIN, ROLE_USER]','2021-10-08 14:55:37','/titulo/xml/','1252644621HECG830301HYNRLL05.xml'),(558,'admin[ROLE_ADMIN, ROLE_USER]','2021-10-08 14:56:38','/titulo/historicoenvio/wsenviar/','HistoricoEnvio(idhistoricoenvio=22, idusuario=null, timestamp=null, accion=null, mensaje=null, lote=null, idestaustitulo=null, archivo=null, titulos=[])'),(559,'admin[ROLE_ADMIN, ROLE_USER]','2021-10-08 14:56:44','/titulo/historicoenvio/wsconsulta/','HistoricoEnvio(idhistoricoenvio=22, idusuario=null, timestamp=null, accion=null, mensaje=null, lote=null, idestaustitulo=null, archivo=null, titulos=[])'),(560,'admin[ROLE_ADMIN, ROLE_USER]','2021-10-08 14:56:55','/titulo/historicoenvio/wsrecibe/','HistoricoEnvio(idhistoricoenvio=22, idusuario=null, timestamp=null, accion=null, mensaje=null, lote=null, idestaustitulo=null, archivo=null, titulos=[])'),(561,'admin[ROLE_ADMIN, ROLE_USER]','2021-10-08 15:00:16','/titulo/guardar','Titulo(idtitulo=1252, curp=HECG830301HYNRLL05, nombre=Gilbert José, primerapellido=Herrera, segundoapellido=Cool, correoelectronico=g_jos_hc@hotmail.com, fechainicio=Fri Jul 31 19:00:00 CDT 2015, fechaterminacion=Tue Jul 30 19:00:00 CDT 2019, fechaexpedicion=Thu Aug 08 19:00:00 CDT 2019, fechaexamenprofesional=Thu Aug 08 19:00:00 CDT 2019, fechaexencionexamenprofecional=null, cumplioserviciosocial=0, institucionprocedencia= Instituto Tecnológico de Conkal, fechainicio_procedencia=Sun Aug 31 19:00:00 CDT 2008, fechaterminacion_procedencia=Sun Feb 27 18:00:00 CST 2011, nocedula=7007875, lote=null, nombrexmlenvio=null, tituloxml=null, institucioncarrera=institucioncarrera(idinstitucioncarrera=3, institucion=institucion(institucion_id=140349, nombre_institucion=CENTRO DE INVESTIGACIÓN Y ASISTENCIA EN TECNOLOGÍA Y DISEÑO DEL ESTADO DE JALISCO, A.C., id_entidad_federativa=14), carrera=carrera(cve_carrera=644621, nombre_carrera=DOCTORADO EN CIENCIAS EN INNOVACIÓN BIOTECNOLÓGICA, nivel_educativo=DOCTORADO, rvoe_dgp=null, tipo_rvoe=null, id_entidad_federativa_rvoe=null, sostenimiento=FEDERAL)), modalidadtitulacion=ModalidadTitulacion(id_modalidad_titulacion=1, modalidad_titulacion=POR TESIS, tipo_de_modalidad=ACTA DE EXAMEN), fundamentoLegalServicioSocial=FundamentoLegalServicioSocial(id_fundamento_legal_servicio_social=5, fundamento_legal_servicio_social=NO APLICA), entidadFederativa=entidadFederativa(identidadfederativa=14, c_nom_ent=JALISCO, c_entidad_abr=JAL  ), entidadFederativa_procedencia=entidadFederativa(identidadfederativa=31, c_nom_ent=YUCATÁN, c_entidad_abr=YUC  ), autorizacionReconocimiento=AutorizacionReconocimiento(id_autorizacion_reconocimiento=9, autorizacion_reconocimiento=OTRO), tipostudioAntecedente=TipoEstudioAntecedente(id_tipo_estudio_antecedente=1, tipo_estudio_antecedente=MAESTRÍA, tipo_educativo_del_antecedente=EDUCACIÓN SUPERIOR), historicoenvio=null, firmatitulo=null)'),(562,'admin[ROLE_ADMIN, ROLE_USER]','2021-10-08 15:10:31','sellodetitilo1252','ORkaWJuvTzSKv1QYEcWbZaPPyL1ilW/7nH6JhCKQuqJJGNLqoYlofXCMn7tU7JWsuq2U842D/fH5ZD5jLgMATmOv/bsfFhjxwHd7HmL1/w3EQMt8Wb3Qg3qlXXwD5Zkc59e/xwmMP95Ng/HANzN3otlS4nBJhR7ek0eSv8Gk/zK8HjLIDc0o3u6iWLU3qufY91Slc20EvVJBwK/u2m03J+lp1CUrX4eXWQjiCHhsfNHnujF7AIqAHOPIFYEzkI40Y1ZYGpzbN3D52D4pTZuHEGPK31pNiqiB89Xdnfeae1ljECN0hBTeBXQwfC1LcuORxbbPgjpaMoQqhQCUDjSBhA=='),(563,'admin[ROLE_ADMIN, ROLE_USER]','2021-10-08 15:10:31','cadenaOriginaltitulo1252','||1.0|644621HECG830301HYNRLL05|MEMX771109MGRRRR09|1|DIRECTOR|Dra.|140349|CENTRO DE INVESTIGACIÓN Y ASISTENCIA EN TECNOLOGÍA Y DISEÑO DEL ESTADO DE JALISCO, A.C.|644621|DOCTORADO EN CIENCIAS EN INNOVACIÓN BIOTECNOLÓGICA|2015-07-31|2019-07-30|9|OTRO||HECG830301HYNRLL05|Gilbert José|Herrera|Cool|g_jos_hc@hotmail.com|2019-08-08|1|POR TESIS|2019-08-08||0|5|NO APLICA|14|JALISCO| INSTITUTO TECNOLÓGICO DE CONKAL|1|MAESTRÍA|31|YUCATÁN|2008-08-31|2011-02-27|7007875||'),(564,'admin[ROLE_ADMIN, ROLE_USER]','2021-10-08 15:10:31','sellodetitilo1252','EgaDLgvRsBPsdCHwNQs70uusXabLYFxlfqVykxBJcBsVrT510ST2CpnLr8zh1I+31oWBMaLe6/gRwCFtz9EfQIkfXnES2iSuW+0PuTzUnwK9TMqGr/YIq2o3x+yTlP4MYbIf2lzRhsUVZuBVT6CANwU+/rBvjCXh4lzIAqhVQvO1xnMl6hkXnt04f7S/GIujMVw00NC/TZibKcDLlmy52Yvmygxqu6tXvgG6Joe2/VWyD84DHAWW5wdF+KewBGks7EW9D+UERmORZ/pllnVuoeiBxDTzf4Ny8qqUJ8MAx5/xuXQEhXqI75lVPId6zH3PCIdptSXjQ7P+ccK27Kw8RQ=='),(565,'admin[ROLE_ADMIN, ROLE_USER]','2021-10-08 15:10:31','cadenaOriginaltitulo1252','||1.0|644621HECG830301HYNRLL05|OOCF820528MVZRRT05|2|SUBDIRECTOR|Mtra.|140349|CENTRO DE INVESTIGACIÓN Y ASISTENCIA EN TECNOLOGÍA Y DISEÑO DEL ESTADO DE JALISCO, A.C.|644621|DOCTORADO EN CIENCIAS EN INNOVACIÓN BIOTECNOLÓGICA|2015-07-31|2019-07-30|9|OTRO||HECG830301HYNRLL05|Gilbert José|Herrera|Cool|g_jos_hc@hotmail.com|2019-08-08|1|POR TESIS|2019-08-08||0|5|NO APLICA|14|JALISCO| INSTITUTO TECNOLÓGICO DE CONKAL|1|MAESTRÍA|31|YUCATÁN|2008-08-31|2011-02-27|7007875||'),(566,'admin[ROLE_ADMIN, ROLE_USER]','2021-10-08 15:10:31','/titulo/xml/','1252644621HECG830301HYNRLL05.xml'),(567,'admin[ROLE_ADMIN, ROLE_USER]','2021-10-08 15:11:33','/titulo/historicoenvio/wsenviar/','HistoricoEnvio(idhistoricoenvio=22, idusuario=null, timestamp=null, accion=null, mensaje=null, lote=null, idestaustitulo=null, archivo=null, titulos=[])'),(568,'admin[ROLE_ADMIN, ROLE_USER]','2021-10-08 15:11:49','/titulo/historicoenvio/guardaritem','HistoricoEnvio(idhistoricoenvio=22, idusuario=null, timestamp=null, accion=null, mensaje=null, lote=null, idestaustitulo=null, archivo=null, titulos=[])'),(569,'admin[ROLE_ADMIN, ROLE_USER]','2021-10-08 15:11:56','/titulo/historicoenvio/wsenviar/','HistoricoEnvio(idhistoricoenvio=22, idusuario=null, timestamp=null, accion=null, mensaje=null, lote=null, idestaustitulo=null, archivo=null, titulos=[])'),(570,'admin[ROLE_ADMIN, ROLE_USER]','2021-10-08 15:12:00','/titulo/historicoenvio/wsconsulta/','HistoricoEnvio(idhistoricoenvio=22, idusuario=null, timestamp=null, accion=null, mensaje=null, lote=null, idestaustitulo=null, archivo=null, titulos=[])'),(571,'admin[ROLE_ADMIN, ROLE_USER]','2021-10-08 15:12:07','/titulo/historicoenvio/wsrecibe/','HistoricoEnvio(idhistoricoenvio=22, idusuario=null, timestamp=null, accion=null, mensaje=null, lote=null, idestaustitulo=null, archivo=null, titulos=[])'),(572,'admin[ROLE_ADMIN, ROLE_USER]','2021-10-08 15:22:07','/titulo/xml/','Borrardo: 1252644621HECG830301HYNRLL05.xml'),(573,'admin[ROLE_ADMIN, ROLE_USER]','2021-10-08 15:22:43','sellodetitilo1252','ORkaWJuvTzSKv1QYEcWbZaPPyL1ilW/7nH6JhCKQuqJJGNLqoYlofXCMn7tU7JWsuq2U842D/fH5ZD5jLgMATmOv/bsfFhjxwHd7HmL1/w3EQMt8Wb3Qg3qlXXwD5Zkc59e/xwmMP95Ng/HANzN3otlS4nBJhR7ek0eSv8Gk/zK8HjLIDc0o3u6iWLU3qufY91Slc20EvVJBwK/u2m03J+lp1CUrX4eXWQjiCHhsfNHnujF7AIqAHOPIFYEzkI40Y1ZYGpzbN3D52D4pTZuHEGPK31pNiqiB89Xdnfeae1ljECN0hBTeBXQwfC1LcuORxbbPgjpaMoQqhQCUDjSBhA=='),(574,'admin[ROLE_ADMIN, ROLE_USER]','2021-10-08 15:22:43','cadenaOriginaltitulo1252','||1.0|644621HECG830301HYNRLL05|MEMX771109MGRRRR09|1|DIRECTOR|Dra.|140349|CENTRO DE INVESTIGACIÓN Y ASISTENCIA EN TECNOLOGÍA Y DISEÑO DEL ESTADO DE JALISCO, A.C.|644621|DOCTORADO EN CIENCIAS EN INNOVACIÓN BIOTECNOLÓGICA|2015-07-31|2019-07-30|9|OTRO||HECG830301HYNRLL05|Gilbert José|Herrera|Cool|g_jos_hc@hotmail.com|2019-08-08|1|POR TESIS|2019-08-08||0|5|NO APLICA|14|JALISCO| INSTITUTO TECNOLÓGICO DE CONKAL|1|MAESTRÍA|31|YUCATÁN|2008-08-31|2011-02-27|7007875||'),(575,'admin[ROLE_ADMIN, ROLE_USER]','2021-10-08 15:22:43','sellodetitilo1252','EgaDLgvRsBPsdCHwNQs70uusXabLYFxlfqVykxBJcBsVrT510ST2CpnLr8zh1I+31oWBMaLe6/gRwCFtz9EfQIkfXnES2iSuW+0PuTzUnwK9TMqGr/YIq2o3x+yTlP4MYbIf2lzRhsUVZuBVT6CANwU+/rBvjCXh4lzIAqhVQvO1xnMl6hkXnt04f7S/GIujMVw00NC/TZibKcDLlmy52Yvmygxqu6tXvgG6Joe2/VWyD84DHAWW5wdF+KewBGks7EW9D+UERmORZ/pllnVuoeiBxDTzf4Ny8qqUJ8MAx5/xuXQEhXqI75lVPId6zH3PCIdptSXjQ7P+ccK27Kw8RQ=='),(576,'admin[ROLE_ADMIN, ROLE_USER]','2021-10-08 15:22:43','cadenaOriginaltitulo1252','||1.0|644621HECG830301HYNRLL05|OOCF820528MVZRRT05|2|SUBDIRECTOR|Mtra.|140349|CENTRO DE INVESTIGACIÓN Y ASISTENCIA EN TECNOLOGÍA Y DISEÑO DEL ESTADO DE JALISCO, A.C.|644621|DOCTORADO EN CIENCIAS EN INNOVACIÓN BIOTECNOLÓGICA|2015-07-31|2019-07-30|9|OTRO||HECG830301HYNRLL05|Gilbert José|Herrera|Cool|g_jos_hc@hotmail.com|2019-08-08|1|POR TESIS|2019-08-08||0|5|NO APLICA|14|JALISCO| INSTITUTO TECNOLÓGICO DE CONKAL|1|MAESTRÍA|31|YUCATÁN|2008-08-31|2011-02-27|7007875||'),(577,'admin[ROLE_ADMIN, ROLE_USER]','2021-10-08 15:22:43','/titulo/xml/','1252644621HECG830301HYNRLL05.xml'),(578,'admin[ROLE_ADMIN, ROLE_USER]','2021-10-08 15:23:55','/titulo/historicoenvio/wsenviar/','HistoricoEnvio(idhistoricoenvio=22, idusuario=null, timestamp=null, accion=null, mensaje=null, lote=null, idestaustitulo=null, archivo=null, titulos=[])'),(579,'admin[ROLE_ADMIN, ROLE_USER]','2021-10-08 15:23:59','/titulo/historicoenvio/wsconsulta/','HistoricoEnvio(idhistoricoenvio=22, idusuario=null, timestamp=null, accion=null, mensaje=null, lote=null, idestaustitulo=null, archivo=null, titulos=[])'),(580,'admin[ROLE_ADMIN, ROLE_USER]','2021-10-08 15:24:33','/titulo/historicoenvio/wsrecibe/','HistoricoEnvio(idhistoricoenvio=22, idusuario=null, timestamp=null, accion=null, mensaje=null, lote=null, idestaustitulo=null, archivo=null, titulos=[])'),(581,'admin[ROLE_ADMIN, ROLE_USER]','2021-10-08 15:28:37','/titulo/xml/','Borrardo: 1252644621HECG830301HYNRLL05.xml'),(582,'admin[ROLE_ADMIN, ROLE_USER]','2021-10-08 15:28:55','sellodetitilo1252','UB3BETtBlsg3itfWiFNOJQLcdldnBPCZk/tswIWtZ//D00GrgTpoM5q5MASKwZ5d0bTcf8Oi3oKGf3bwflA2wovBeZqvrnZwF2qJAWFI3m/8KowV09bZ07hx1RqjFmoQzJtoa+hwtEZzaaUwlqGz55FM4mMcwhxHuni1dNud7UpKh+59T/8OwSeBkFPoFT27I26+Q/pa8pecfDZWHxlZaBaduhjntBrkurJVD4hGEAhYyOiV27FTCLbFQw3Rzih5NdFTz2N5xlim4Gx2rzGRQEn9/TK5KyLjXmGFSzFFt4gpb4NaxJfltUSSTTYsE4UTuGREQ6tb+FTXaP6fKNNFyQ=='),(583,'admin[ROLE_ADMIN, ROLE_USER]','2021-10-08 15:28:55','cadenaOriginaltitulo1252','||1.0|644621HECG830301HYNRLL05|MEMX771109MGRRRR09|1|DIRECTOR|Dra.|140349|CENTRO DE INVESTIGACIÓN Y ASISTENCIA EN TECNOLOGÍA Y DISEÑO DEL ESTADO DE JALISCO, A.C.|644621|DOCTORADO EN CIENCIAS EN INNOVACIÓN BIOTECNOLÓGICA|2015-07-31|2019-07-30|9|OTRO||HECG830301HYNRLL05|GILBERT JOSE|HERRERA|COOL|g_jos_hc@hotmail.com|2019-08-08|1|POR TESIS|2019-08-08||0|5|NO APLICA|14|JALISCO| INSTITUTO TECNOLÓGICO DE CONKAL|1|MAESTRÍA|31|YUCATÁN|2008-08-31|2011-02-27|7007875||'),(584,'admin[ROLE_ADMIN, ROLE_USER]','2021-10-08 15:28:55','sellodetitilo1252','armFAR/6WSNTVI6qilie2v53tUFINgb81Q/jy/PevzMJ718H2YQl5kjfDRg26/TYy9K2u/5QFJuYbcXMyEJa/rEpb/Y+U9EB01jnbfAD/WJNevxfaV0/PZgbNt7RyVYOXHhTTNTAimT74xpCWtjhPF13X7EXN+xP3LZPysboak///2Flufj8buo6VC8Y3GVGQOR8g0w9ndLJUy1N5Q1l8ZA4suGkF7MHXaqZ7JlUtdX93czfxfFgQ1jrGqYtxxwG808WPU7kj9O16vUvIjp5PJySgjeRdo9thlvAUtClTTj81DKtX13IP5zHTWD0dUTJxucV0kDDEgD6GCIs/eQTRw=='),(585,'admin[ROLE_ADMIN, ROLE_USER]','2021-10-08 15:28:55','cadenaOriginaltitulo1252','||1.0|644621HECG830301HYNRLL05|OOCF820528MVZRRT05|2|SUBDIRECTOR|Mtra.|140349|CENTRO DE INVESTIGACIÓN Y ASISTENCIA EN TECNOLOGÍA Y DISEÑO DEL ESTADO DE JALISCO, A.C.|644621|DOCTORADO EN CIENCIAS EN INNOVACIÓN BIOTECNOLÓGICA|2015-07-31|2019-07-30|9|OTRO||HECG830301HYNRLL05|GILBERT JOSE|HERRERA|COOL|g_jos_hc@hotmail.com|2019-08-08|1|POR TESIS|2019-08-08||0|5|NO APLICA|14|JALISCO| INSTITUTO TECNOLÓGICO DE CONKAL|1|MAESTRÍA|31|YUCATÁN|2008-08-31|2011-02-27|7007875||'),(586,'admin[ROLE_ADMIN, ROLE_USER]','2021-10-08 15:28:55','/titulo/xml/','1252644621HECG830301HYNRLL05.xml'),(587,'admin[ROLE_ADMIN, ROLE_USER]','2021-10-08 15:29:24','/titulo/historicoenvio/wsenviar/','HistoricoEnvio(idhistoricoenvio=22, idusuario=null, timestamp=null, accion=null, mensaje=null, lote=null, idestaustitulo=null, archivo=null, titulos=[])'),(588,'admin[ROLE_ADMIN, ROLE_USER]','2021-10-08 15:29:29','/titulo/historicoenvio/wsconsulta/','HistoricoEnvio(idhistoricoenvio=22, idusuario=null, timestamp=null, accion=null, mensaje=null, lote=null, idestaustitulo=null, archivo=null, titulos=[])'),(589,'admin[ROLE_ADMIN, ROLE_USER]','2021-10-08 15:30:30','/titulo/historicoenvio/wsrecibe/','HistoricoEnvio(idhistoricoenvio=22, idusuario=null, timestamp=null, accion=null, mensaje=null, lote=null, idestaustitulo=null, archivo=null, titulos=[])'),(590,'admin[ROLE_ADMIN, ROLE_USER]','2021-10-08 18:45:42','/titulo/historicoenvio/wsenviar/','HistoricoEnvio(idhistoricoenvio=23, idusuario=null, timestamp=null, accion=null, mensaje=null, lote=null, idestaustitulo=null, archivo=null, titulos=[])'),(591,'admin[ROLE_ADMIN, ROLE_USER]','2021-10-08 18:45:55','/titulo/historicoenvio/wsconsulta/','HistoricoEnvio(idhistoricoenvio=23, idusuario=null, timestamp=null, accion=null, mensaje=null, lote=null, idestaustitulo=null, archivo=null, titulos=[])'),(592,'admin[ROLE_ADMIN, ROLE_USER]','2021-10-08 18:46:19','/titulo/historicoenvio/wsrecibe/','HistoricoEnvio(idhistoricoenvio=23, idusuario=null, timestamp=null, accion=null, mensaje=null, lote=null, idestaustitulo=null, archivo=null, titulos=[])'),(593,'admin[ROLE_ADMIN, ROLE_USER]','2021-10-08 18:47:32','/titulo/xml/','Borrardo: 1253342552LAGJ930828HCSTRN01.xml'),(594,'admin[ROLE_ADMIN, ROLE_USER]','2021-10-08 18:51:11','sellodetitilo1253','G/FPjLYE+PbEAugWRwRasYuOOaW12929PJK4u4F+qefalj8myX6GsoqvOcv/MdLu2iuB9dnCg7BSPfToP6ds8VbEjXA53SDzdey9reM721ayJjLjdphigw15LZSsAO1kpYQ+ItrT/gWvpXZN4WiswaiwIJ26LZbe1Hn8C3zh2J8ISrvatlgu6aJT2DaotRjlouWgjYK8pX0l0YECbfRMYilfCgbs+md9qIg+6/cq2bJlDJTar/nLWnCLELBmlN1D/MfJapNpPfqBlVxrdhIRWjVV5dekzycHYuzPw22WQFTVJQjQ46XH2hVJNgdn4xElrzCiykdvgAY02c3khD5+Wg=='),(595,'admin[ROLE_ADMIN, ROLE_USER]','2021-10-08 18:51:11','cadenaOriginaltitulo1253','||1.0|342552LAGJ930828HCSTRN01|MEMX771109MGRRRR09|1|DIRECTOR|Dra.|140349|CENTRO DE INVESTIGACIÓN Y ASISTENCIA EN TECNOLOGÍA Y DISEÑO DEL ESTADO DE JALISCO, A.C.|342552|MAESTRÍA EN CIENCIAS DE LA FLORICULTURA|2017-07-31|2019-07-30|9|OTRO||LAGJ930828HCSTRN01|JUAN JORGE|LATOUR|GORDILLO|juangordillo519@gmail.com|2020-02-27|1|POR TESIS|2020-02-27||0|5|NO APLICA|14|JALISCO|UNIVERSIDAD TECNOLÓGICA DE LA SELVA|2|LICENCIATURA|07|CHIAPAS|2012-08-31|2016-08-30|10246516||'),(596,'admin[ROLE_ADMIN, ROLE_USER]','2021-10-08 18:51:11','sellodetitilo1253','OQZH96ZEUslMRgK6L3mh2HUs5MEXrxhT+GpwDg9zULDpv6e8XKLSLCf8TlgquFS8yom7xXbPfbD7D0IA1FMHc87y/kG1J4nixjBlc9FmNS/XgnbeRiDn+WzMf2UvDwcOFitBczxDy9sKLkFdBWx4dH/oLndLTXJ2jsC2NlHyeZRURjC89KwZhJDPNiqcx3tD8eiYUImo8Im84QznNIrQBg5SVrYO+hYe0pVGVlrDjOTfWqo8QWNRce+e/xus0HzjaylDdVNqRDad4BD9odRIAP+EkTPCaYZgWET1B8YZkkRyz5NvfXE01BALgj5X08MgdLe9zawkONQNRIZ0ZizrrA=='),(597,'admin[ROLE_ADMIN, ROLE_USER]','2021-10-08 18:51:11','cadenaOriginaltitulo1253','||1.0|342552LAGJ930828HCSTRN01|OOCF820528MVZRRT05|2|SUBDIRECTOR|Mtra.|140349|CENTRO DE INVESTIGACIÓN Y ASISTENCIA EN TECNOLOGÍA Y DISEÑO DEL ESTADO DE JALISCO, A.C.|342552|MAESTRÍA EN CIENCIAS DE LA FLORICULTURA|2017-07-31|2019-07-30|9|OTRO||LAGJ930828HCSTRN01|JUAN JORGE|LATOUR|GORDILLO|juangordillo519@gmail.com|2020-02-27|1|POR TESIS|2020-02-27||0|5|NO APLICA|14|JALISCO|UNIVERSIDAD TECNOLÓGICA DE LA SELVA|2|LICENCIATURA|07|CHIAPAS|2012-08-31|2016-08-30|10246516||'),(598,'admin[ROLE_ADMIN, ROLE_USER]','2021-10-08 18:51:12','/titulo/xml/','1253342552LAGJ930828HCSTRN01.xml'),(599,'admin[ROLE_ADMIN, ROLE_USER]','2021-10-08 18:52:26','/titulo/historicoenvio/wsenviar/','HistoricoEnvio(idhistoricoenvio=23, idusuario=null, timestamp=null, accion=null, mensaje=null, lote=null, idestaustitulo=null, archivo=null, titulos=[])'),(600,'admin[ROLE_ADMIN, ROLE_USER]','2021-10-08 18:52:30','/titulo/historicoenvio/wsconsulta/','HistoricoEnvio(idhistoricoenvio=23, idusuario=null, timestamp=null, accion=null, mensaje=null, lote=null, idestaustitulo=null, archivo=null, titulos=[])'),(601,'admin[ROLE_ADMIN, ROLE_USER]','2021-10-08 18:52:46','/titulo/historicoenvio/wsrecibe/','HistoricoEnvio(idhistoricoenvio=23, idusuario=null, timestamp=null, accion=null, mensaje=null, lote=null, idestaustitulo=null, archivo=null, titulos=[])'),(602,'admin[ROLE_ADMIN, ROLE_USER]','2021-10-08 18:56:29','/titulo/xml/','Borrardo: 1254342552ZADY940415MCSRZL01.xml'),(603,'admin[ROLE_ADMIN, ROLE_USER]','2021-10-08 18:56:45','sellodetitilo1254','SgnNJaxEreUsF3VFZ0c4RHJ7RjreSnWIuAqjfccfcMA4TQ48tOqw1mATuRijKT6WA1nLIOPX2YvoeEbKz/twkLBEvK64hS7hnz5V7u4kywCDmUvl09aib5KpmRNXTZ9nC6M9W1QkqX/X21h9USwcW6NqvpVGIJ9sysnQ1rOIWkk0Txs9Lu0Tj7lHGLqX9H2msAoIIkPPJ3A2MtINtV/acAnpNYqIRoXMPaRKj/X+XUJI57czLh8oLyJ58cGD2yMLT30WUK4r+HTrZ2Fj9yfIbfm/abCnnJpMlaGA3kvYdi2MEp9ayYHVoW6T+Lo29+7R14w6U+s55D3HzM83/53/0w=='),(604,'admin[ROLE_ADMIN, ROLE_USER]','2021-10-08 18:56:45','cadenaOriginaltitulo1254','||1.0|342552ZADY940415MCSRZL01|MEMX771109MGRRRR09|1|DIRECTOR|Dra.|140349|CENTRO DE INVESTIGACIÓN Y ASISTENCIA EN TECNOLOGÍA Y DISEÑO DEL ESTADO DE JALISCO, A.C.|342552|MAESTRÍA EN CIENCIAS DE LA FLORICULTURA|2017-07-31|2019-07-30|9|OTRO||ZADY940415MCSRZL01|YULEMNE|ZARATE|DIAZ|yulemnez@hotmail.com|2020-02-27|1|POR TESIS|2020-02-27||0|5|NO APLICA|14|JALISCO|UNIVERSIDAD TECNOLÓGICA DE LA SELVA|2|LICENCIATURA|07|CHIAPAS|2012-08-31|2016-08-30|10246484||'),(605,'admin[ROLE_ADMIN, ROLE_USER]','2021-10-08 18:56:45','sellodetitilo1254','f9PHpZ2kEBVnqpEZlu5Fg38i6x8KHqnKAtkEOJ2PXe/96399ovdaNlKC9NaCaIih2Jo+2Gqz9TgvALlzEplIcBmLenlldpkK4zZfRPc2rjJmDHcr+biIcgo42xGE07BAFFcZtRSepqwkE9jZG1tw9R38PTjoftQkOwYl/vdFSNj057D9EtcMnY2ySGbLG5OThEI+y0ahD0X0JvFANg2svHl1wEUHtZ7RZwi1cf5HDJsXx3zR13dzQtn8GH6i6Ll6CbRK4r0HB3IVSDFNMLvAzh2XexB7+vlgFJT6DnhjCqzwQLw1jd4j6OpaZl0WKOD4rSqlsvtXK99ji9QWXxDEtg=='),(606,'admin[ROLE_ADMIN, ROLE_USER]','2021-10-08 18:56:45','cadenaOriginaltitulo1254','||1.0|342552ZADY940415MCSRZL01|OOCF820528MVZRRT05|2|SUBDIRECTOR|Mtra.|140349|CENTRO DE INVESTIGACIÓN Y ASISTENCIA EN TECNOLOGÍA Y DISEÑO DEL ESTADO DE JALISCO, A.C.|342552|MAESTRÍA EN CIENCIAS DE LA FLORICULTURA|2017-07-31|2019-07-30|9|OTRO||ZADY940415MCSRZL01|YULEMNE|ZARATE|DIAZ|yulemnez@hotmail.com|2020-02-27|1|POR TESIS|2020-02-27||0|5|NO APLICA|14|JALISCO|UNIVERSIDAD TECNOLÓGICA DE LA SELVA|2|LICENCIATURA|07|CHIAPAS|2012-08-31|2016-08-30|10246484||'),(607,'admin[ROLE_ADMIN, ROLE_USER]','2021-10-08 18:56:45','/titulo/xml/','1254342552ZADY940415MCSRZL01.xml'),(608,'admin[ROLE_ADMIN, ROLE_USER]','2021-10-08 18:57:54','/titulo/historicoenvio/wsenviar/','HistoricoEnvio(idhistoricoenvio=24, idusuario=null, timestamp=null, accion=null, mensaje=null, lote=null, idestaustitulo=null, archivo=null, titulos=[])'),(609,'admin[ROLE_ADMIN, ROLE_USER]','2021-10-08 18:58:09','/titulo/historicoenvio/wsrecibe/','HistoricoEnvio(idhistoricoenvio=24, idusuario=null, timestamp=null, accion=null, mensaje=null, lote=null, idestaustitulo=null, archivo=null, titulos=[])'),(610,'admin[ROLE_ADMIN, ROLE_USER]','2021-10-08 19:00:43','sellodetitilo1256','cmfCQvjOR5sFyK2U1RsflbaXmb8fT25t4XmXJKElLA6wpn42/oDT/xTGycbjKX2k78Jq7aQUk0RqcU2EoAQKHXNy+oMYoJ1D1d+Z7b3/v4HAOzjzIrIjGsd6ouRhZFLCROXIOigUqMwM2u8JSu+MIc0ckmHxpOQG30D/KHlxRiuJPoFRIQO6I0vZ70j0EJKOt6HIHWvyyEQrzZzD02OFAyUWore70NnpErxEzspVfX7+dqx/+diHWfheIctGljago07jw+kZxyR6o2SBey2YxaS23mS5UP0h6PpN+XaLNa1gwUJj6F7HsY2mjesR2rlhVF2pNH2k7kZGQh3bunvDiQ=='),(611,'admin[ROLE_ADMIN, ROLE_USER]','2021-10-08 19:00:43','cadenaOriginaltitulo1256','||1.0|342552VIVI921102MJCTLS01|MEMX771109MGRRRR09|1|DIRECTOR|Dra.|140349|CENTRO DE INVESTIGACIÓN Y ASISTENCIA EN TECNOLOGÍA Y DISEÑO DEL ESTADO DE JALISCO, A.C.|342552|MAESTRÍA EN CIENCIAS DE LA FLORICULTURA|2016-07-31|2018-07-30|9|OTRO||VIVI921102MJCTLS01|ISABEL|VITAL|VILCHIS|ivv0211@hotmail.com|2019-02-19|1|POR TESIS|2019-02-19||0|5|NO APLICA|14|JALISCO|UNIVERSIDAD AUTÓNOMA DE GUADALAJARA|2|LICENCIATURA|14|JALISCO|2011-08-31|2015-12-30|10520032||'),(612,'admin[ROLE_ADMIN, ROLE_USER]','2021-10-08 19:00:43','sellodetitilo1256','Sj6Fi6iQ0iejtg4rzjAAbqK97k3w+sOcJi6qhXvtJ3uTK93Uv9iPwF4ZIdiQX6hY2bpZnXlV27N7vsVW0VIygWNH6wguygbnyaaYgvjucuvpDoZjKZjNowBD/WCaEhca9eEBFvAq7LzUMJcsuMbqte16lct1LKo5akVFQ0GtdoRZqhf9b5d7jqEY0D6h07f6oZAOBOSUXI90ZhIHv+qbY3cQ7oyaleYxvtXg8EjWrutPEHyxnt6sfHUGZDzokNluWbfiCzZbSt4Qv791c4LmgbHART/amQcmI9YES0XVfAwF7ZaRCCh/4OPBJvnrdQ55agx7c+0V9Hbp1V3/gqAtjg=='),(613,'admin[ROLE_ADMIN, ROLE_USER]','2021-10-08 19:00:43','cadenaOriginaltitulo1256','||1.0|342552VIVI921102MJCTLS01|OOCF820528MVZRRT05|2|SUBDIRECTOR|Mtra.|140349|CENTRO DE INVESTIGACIÓN Y ASISTENCIA EN TECNOLOGÍA Y DISEÑO DEL ESTADO DE JALISCO, A.C.|342552|MAESTRÍA EN CIENCIAS DE LA FLORICULTURA|2016-07-31|2018-07-30|9|OTRO||VIVI921102MJCTLS01|ISABEL|VITAL|VILCHIS|ivv0211@hotmail.com|2019-02-19|1|POR TESIS|2019-02-19||0|5|NO APLICA|14|JALISCO|UNIVERSIDAD AUTÓNOMA DE GUADALAJARA|2|LICENCIATURA|14|JALISCO|2011-08-31|2015-12-30|10520032||'),(614,'admin[ROLE_ADMIN, ROLE_USER]','2021-10-08 19:00:43','/titulo/xml/','1256342552VIVI921102MJCTLS01.xml'),(615,'admin[ROLE_ADMIN, ROLE_USER]','2021-10-08 19:00:52','/titulo/historicoenvio/guardar','HistoricoEnvio(idhistoricoenvio=null, idusuario=null, timestamp=null, accion=null, mensaje=null, lote=null, idestaustitulo=null, archivo=null, titulos=[])'),(616,'admin[ROLE_ADMIN, ROLE_USER]','2021-10-08 19:01:43','/titulo/historicoenvio/guardaritem','HistoricoEnvio(idhistoricoenvio=26, idusuario=null, timestamp=null, accion=null, mensaje=null, lote=null, idestaustitulo=null, archivo=null, titulos=[])'),(617,'admin[ROLE_ADMIN, ROLE_USER]','2021-10-08 19:01:57','/titulo/historicoenvio/wsenviar/','HistoricoEnvio(idhistoricoenvio=26, idusuario=null, timestamp=null, accion=null, mensaje=null, lote=null, idestaustitulo=null, archivo=null, titulos=[])'),(618,'admin[ROLE_ADMIN, ROLE_USER]','2021-10-08 19:02:39','/titulo/historicoenvio/wsconsulta/','HistoricoEnvio(idhistoricoenvio=26, idusuario=null, timestamp=null, accion=null, mensaje=null, lote=null, idestaustitulo=null, archivo=null, titulos=[])'),(619,'admin[ROLE_ADMIN, ROLE_USER]','2021-10-08 19:02:44','/titulo/historicoenvio/wsrecibe/','HistoricoEnvio(idhistoricoenvio=26, idusuario=null, timestamp=null, accion=null, mensaje=null, lote=null, idestaustitulo=null, archivo=null, titulos=[])'),(620,'admin[ROLE_ADMIN, ROLE_USER]','2021-10-08 19:07:48','sellodetitilo1257','U34uNB3T13x2WXWXICCAaGWQ9JlRw0OCtdSiN4yRCpDVIffuKJWP3M/QsHzaEJU0s9mLWpoPMThl86HlWcE+5O1UF6B1ojacItUrNvi24IqVC4zjz6dj3LrOW98DALu65ajY5GSpU8r8JDUBZWPD4DlHi5nOEkWv/9CC+H+/usC5JQDQytgR61qycjf0s/jYHcPyYHVfPqE1/BnX+st5scUH5f80wh77l9NnYyIuKoHX96x46t/At8ADjWGv8JkvZSHj3QIoIJ5fornIwcWyNvhRfAZHyu9kzuaTxhgkELglrGeuAH3OBrFubzg99VMU5hdGXl1PcqbzCieOxFCeFg=='),(621,'admin[ROLE_ADMIN, ROLE_USER]','2021-10-08 19:07:48','cadenaOriginaltitulo1257','||1.0|342552GAOE941007MJCRCV04|MEMX771109MGRRRR09|1|DIRECTOR|Dra.|140349|CENTRO DE INVESTIGACIÓN Y ASISTENCIA EN TECNOLOGÍA Y DISEÑO DEL ESTADO DE JALISCO, A.C.|342552|MAESTRÍA EN CIENCIAS DE LA FLORICULTURA|2017-07-31|2019-07-30|9|OTRO||GAOE941007MJCRCV04|EVELYN YURITSSY|GARCIA|OCHOA|evelyn_yiri710@hotmail.com|2020-07-13|1|POR TESIS|2020-07-13||0|5|NO APLICA|14|JALISCO|UNIVERSIDAD AUTÓNOMA DE GUADALAJARA|2|LICENCIATURA|14|JALISCO|2012-07-31|2016-04-29|10639003||'),(622,'admin[ROLE_ADMIN, ROLE_USER]','2021-10-08 19:07:48','sellodetitilo1257','Cosac07L10mIuwZU1uqlr/RsQp7j7ch7bfCbXomZ11ohguKO0HYKKi89rD9u9m1l9PM2MDTZIZfb8g6KKcrN+/ZJFgcPq8Wrj9MDqMp8Gx29zmvqoPz2LABiMxZ7vd93DB9KLLBBIXGvk97eZldlihynOXM49HDZGRa/trR4ErCHQO8CEJ3xSpxyr36C4ZAdRI3zwFStXh6kCIBtOjxIjzs1Ij1bdJ6/XQWUPTmcAw5F3XXaeTO0IX0X+YX6IpqilCP27Y5xHZbp0JHFOxin82L0+ZhAg7KrwfzCC3CcAm1rByrNfEB1ySMLMDmfI9sq6wQZVV8bFX3Q3umPUif3Dw=='),(623,'admin[ROLE_ADMIN, ROLE_USER]','2021-10-08 19:07:48','cadenaOriginaltitulo1257','||1.0|342552GAOE941007MJCRCV04|OOCF820528MVZRRT05|2|SUBDIRECTOR|Mtra.|140349|CENTRO DE INVESTIGACIÓN Y ASISTENCIA EN TECNOLOGÍA Y DISEÑO DEL ESTADO DE JALISCO, A.C.|342552|MAESTRÍA EN CIENCIAS DE LA FLORICULTURA|2017-07-31|2019-07-30|9|OTRO||GAOE941007MJCRCV04|EVELYN YURITSSY|GARCIA|OCHOA|evelyn_yiri710@hotmail.com|2020-07-13|1|POR TESIS|2020-07-13||0|5|NO APLICA|14|JALISCO|UNIVERSIDAD AUTÓNOMA DE GUADALAJARA|2|LICENCIATURA|14|JALISCO|2012-07-31|2016-04-29|10639003||'),(624,'admin[ROLE_ADMIN, ROLE_USER]','2021-10-08 19:07:48','/titulo/xml/','1257342552GAOE941007MJCRCV04.xml'),(627,'admin[ROLE_ADMIN, ROLE_USER]','2021-10-08 19:08:18','/titulo/historicoenvio/guardar','HistoricoEnvio(idhistoricoenvio=null, idusuario=null, timestamp=null, accion=null, mensaje=null, lote=null, idestaustitulo=null, archivo=null, titulos=[])'),(628,'admin[ROLE_ADMIN, ROLE_USER]','2021-10-08 19:08:22','/titulo/historicoenvio/guardaritem','HistoricoEnvio(idhistoricoenvio=27, idusuario=null, timestamp=null, accion=null, mensaje=null, lote=null, idestaustitulo=null, archivo=null, titulos=[])'),(629,'admin[ROLE_ADMIN, ROLE_USER]','2021-10-08 19:08:36','/titulo/historicoenvio/wsenviar/','HistoricoEnvio(idhistoricoenvio=27, idusuario=null, timestamp=null, accion=null, mensaje=null, lote=null, idestaustitulo=null, archivo=null, titulos=[])'),(630,'admin[ROLE_ADMIN, ROLE_USER]','2021-10-08 19:08:57','/titulo/historicoenvio/wsconsulta/','HistoricoEnvio(idhistoricoenvio=27, idusuario=null, timestamp=null, accion=null, mensaje=null, lote=null, idestaustitulo=null, archivo=null, titulos=[])'),(631,'admin[ROLE_ADMIN, ROLE_USER]','2021-10-08 19:09:00','/titulo/historicoenvio/wsrecibe/','HistoricoEnvio(idhistoricoenvio=27, idusuario=null, timestamp=null, accion=null, mensaje=null, lote=null, idestaustitulo=null, archivo=null, titulos=[])'),(632,'admin[ROLE_ADMIN, ROLE_USER]','2021-10-08 19:10:41','sellodetitilo1258','MXVcLp1zYEAmt9/3LzRSzyp/C7dwRrJTN7/L/dJHW2dEA64ECZ7HhxdrlC1jglgucXot87tC3CYYGcM4Uxy31yuRo3LaC5HA39aOEVs1cNv2WnHLp5fDjuYTh04nyfApe80M7ZycPWD8ozdQ/ESqG9sgDFEKok25kpFTF9NNorknV5NbrYDkSKPkL3zGAddAPNAfm6ZwUDBFVm5ZnG8Y2FYP9NeKCU8hXv9nmNImW0HshYray0w4gfxQls46l6d+CInc+is41zJ35bijEQD0khZSl4cuJfh5rFExoJLb+ANVSKOvN9D2Gz3t6BQAb1BaPTH9JjEiavcJuCQRZajVuA=='),(633,'admin[ROLE_ADMIN, ROLE_USER]','2021-10-08 19:10:41','cadenaOriginaltitulo1258','||1.0|342552MEGR890424HJCNMF02|MEMX771109MGRRRR09|1|DIRECTOR|Dra.|140349|CENTRO DE INVESTIGACIÓN Y ASISTENCIA EN TECNOLOGÍA Y DISEÑO DEL ESTADO DE JALISCO, A.C.|342552|MAESTRÍA EN CIENCIAS DE LA FLORICULTURA|2017-07-31|2019-07-30|9|OTRO||MEGR890424HJCNMF02|RAFAEL DE JESUS|MENDOZA|GOMEZ|rafael_f10@hotmail.com|2020-11-25|1|POR TESIS|2020-11-25||0|5|NO APLICA|14|JALISCO|UNIVERSIDAD AUTÓNOMA DE GUADALAJARA|2|LICENCIATURA|14|JALISCO|2005-07-31|2009-05-31|9960988||'),(634,'admin[ROLE_ADMIN, ROLE_USER]','2021-10-08 19:10:41','sellodetitilo1258','aziOAmwL1cYhBwUhpHw3EvW3K8uSJ9jC1CZ2d5GhQcb4KNFFQ+3GOWAjeh7j4RqMVpn0aQNzW4a44Qzp/DkSS0yk55Bja2yFKVVsJI/LfYvoZFj81HVWVJNFRS254nchClIGU8FY47dtGEkZb/ESYA/FuYO2p3ihXEFW5MeFH8NycMqVrH1ZyK4B/c7uo4y5g7FfDXttzaehtW/4nFoeF/1fE1aR7ERBVAbEz71YVa9BBGcIZj7g2pVuj5c7GncAQQtylv0U0IiCUw9TJWRvTKXlKbi8it0Gu3Hew/P4wy8eYhmEYMaqygEfTEPCQL4VWcmIWMoyj1avmuudHVVoUw=='),(635,'admin[ROLE_ADMIN, ROLE_USER]','2021-10-08 19:10:41','cadenaOriginaltitulo1258','||1.0|342552MEGR890424HJCNMF02|OOCF820528MVZRRT05|2|SUBDIRECTOR|Mtra.|140349|CENTRO DE INVESTIGACIÓN Y ASISTENCIA EN TECNOLOGÍA Y DISEÑO DEL ESTADO DE JALISCO, A.C.|342552|MAESTRÍA EN CIENCIAS DE LA FLORICULTURA|2017-07-31|2019-07-30|9|OTRO||MEGR890424HJCNMF02|RAFAEL DE JESUS|MENDOZA|GOMEZ|rafael_f10@hotmail.com|2020-11-25|1|POR TESIS|2020-11-25||0|5|NO APLICA|14|JALISCO|UNIVERSIDAD AUTÓNOMA DE GUADALAJARA|2|LICENCIATURA|14|JALISCO|2005-07-31|2009-05-31|9960988||'),(636,'admin[ROLE_ADMIN, ROLE_USER]','2021-10-08 19:10:41','/titulo/xml/','1258342552MEGR890424HJCNMF02.xml'),(637,'admin[ROLE_ADMIN, ROLE_USER]','2021-10-08 19:10:50','/titulo/historicoenvio/guardar','HistoricoEnvio(idhistoricoenvio=null, idusuario=null, timestamp=null, accion=null, mensaje=null, lote=null, idestaustitulo=null, archivo=null, titulos=[])'),(638,'admin[ROLE_ADMIN, ROLE_USER]','2021-10-08 19:10:55','/titulo/historicoenvio/guardaritem','HistoricoEnvio(idhistoricoenvio=28, idusuario=null, timestamp=null, accion=null, mensaje=null, lote=null, idestaustitulo=null, archivo=null, titulos=[])'),(639,'admin[ROLE_ADMIN, ROLE_USER]','2021-10-08 19:11:29','/titulo/historicoenvio/wsenviar/','HistoricoEnvio(idhistoricoenvio=28, idusuario=null, timestamp=null, accion=null, mensaje=null, lote=null, idestaustitulo=null, archivo=null, titulos=[])'),(640,'admin[ROLE_ADMIN, ROLE_USER]','2021-10-08 19:11:31','/titulo/historicoenvio/wsconsulta/','HistoricoEnvio(idhistoricoenvio=28, idusuario=null, timestamp=null, accion=null, mensaje=null, lote=null, idestaustitulo=null, archivo=null, titulos=[])'),(641,'admin[ROLE_ADMIN, ROLE_USER]','2021-10-08 19:12:01','/titulo/historicoenvio/wsrecibe/','HistoricoEnvio(idhistoricoenvio=28, idusuario=null, timestamp=null, accion=null, mensaje=null, lote=null, idestaustitulo=null, archivo=null, titulos=[])'),(642,'admin[ROLE_ADMIN, ROLE_USER]','2021-10-08 19:12:56','sellodetitilo1259','dX2pCGiv1WegdTPg8WSwqtqWV+ypnh9aRdhbrGrPglrx8HNeKMwkj5PEPQynBwJc7o/i5dti7BmVxY5QVVBBkZld9kH15BUS4i/ngoegNYdmcsOZmS8CcjkkAU3GJsIGS74TlAwOZZmBa+K0U3oRsGktzIGUaJQA4vM11FJu3x4V/OePrGLYY0/SYcr09/ziTgIvEOWhIgjklvSgpcSuT+NyIybTFQTRmdJDvEHCo33WjSeFBr2fm+Ua02GXvxj2ABB69iXRitveq6z4oBOOOu/7Lxal0PX/+QgCFnHS3i97HYSKSmW0wxe3KZLC3rjBa/BszOKmI1z37nDeb6mdHQ=='),(643,'admin[ROLE_ADMIN, ROLE_USER]','2021-10-08 19:12:56','cadenaOriginaltitulo1259','||1.0|342552HEMG910814MNTRLM04|MEMX771109MGRRRR09|1|DIRECTOR|Dra.|140349|CENTRO DE INVESTIGACIÓN Y ASISTENCIA EN TECNOLOGÍA Y DISEÑO DEL ESTADO DE JALISCO, A.C.|342552|MAESTRÍA EN CIENCIAS DE LA FLORICULTURA|2016-07-31|2018-07-30|9|OTRO||HEMG910814MNTRLM04|GEMA|HERNANDEZ|MALDONADO|ghdzmdo@gmail.com|2019-02-19|1|POR TESIS|2019-02-19||0|5|NO APLICA|14|JALISCO|UNIVERSIDAD DE LA CIENEGA DEL ESTADO DE MICHOACÁN|2|LICENCIATURA|16|MICHOACÁN DE OCAMPO|2009-07-31|2013-06-29|9118759||'),(644,'admin[ROLE_ADMIN, ROLE_USER]','2021-10-08 19:12:56','sellodetitilo1259','dNRusBRrvMx3x0wHJnu7USDBe6B2/ctbFQHV0dZoeVpXk3LFz98xu6fEF+gHC/XvlehtDmTOgEsQjC/6QSsg8r8ZOKqPXwGNG029op+GBMSIyb3sVHFVAjz1eRsEXxnIWsBxnzh6MbH9YnX407lNmmou9s1hyFpaed4/Zj/PpGOrKfFThGsk3LhwxbeuAJubFshNJTLp4z95qmU4TKFKN4bVqklsHuvOgXvfguljXJS512DGjtKKsTc77+soKtFCNqmNX05X62BeT0eWIzDRK3BOdqAj/IZpPBn5dFopm9bcJ/RTGIDCMx7ANHVPciiCAJf27geZqMvO5KrlLUvc8g=='),(645,'admin[ROLE_ADMIN, ROLE_USER]','2021-10-08 19:12:56','cadenaOriginaltitulo1259','||1.0|342552HEMG910814MNTRLM04|OOCF820528MVZRRT05|2|SUBDIRECTOR|Mtra.|140349|CENTRO DE INVESTIGACIÓN Y ASISTENCIA EN TECNOLOGÍA Y DISEÑO DEL ESTADO DE JALISCO, A.C.|342552|MAESTRÍA EN CIENCIAS DE LA FLORICULTURA|2016-07-31|2018-07-30|9|OTRO||HEMG910814MNTRLM04|GEMA|HERNANDEZ|MALDONADO|ghdzmdo@gmail.com|2019-02-19|1|POR TESIS|2019-02-19||0|5|NO APLICA|14|JALISCO|UNIVERSIDAD DE LA CIENEGA DEL ESTADO DE MICHOACÁN|2|LICENCIATURA|16|MICHOACÁN DE OCAMPO|2009-07-31|2013-06-29|9118759||'),(646,'admin[ROLE_ADMIN, ROLE_USER]','2021-10-08 19:12:56','/titulo/xml/','1259342552HEMG910814MNTRLM04.xml'),(647,'admin[ROLE_ADMIN, ROLE_USER]','2021-10-08 19:13:05','/titulo/historicoenvio/guardar','HistoricoEnvio(idhistoricoenvio=null, idusuario=null, timestamp=null, accion=null, mensaje=null, lote=null, idestaustitulo=null, archivo=null, titulos=[])'),(648,'admin[ROLE_ADMIN, ROLE_USER]','2021-10-08 19:13:10','/titulo/historicoenvio/guardaritem','HistoricoEnvio(idhistoricoenvio=29, idusuario=null, timestamp=null, accion=null, mensaje=null, lote=null, idestaustitulo=null, archivo=null, titulos=[])'),(649,'admin[ROLE_ADMIN, ROLE_USER]','2021-10-08 19:13:21','/titulo/historicoenvio/wsenviar/','HistoricoEnvio(idhistoricoenvio=29, idusuario=null, timestamp=null, accion=null, mensaje=null, lote=null, idestaustitulo=null, archivo=null, titulos=[])'),(650,'admin[ROLE_ADMIN, ROLE_USER]','2021-10-08 19:13:25','/titulo/historicoenvio/wsconsulta/','HistoricoEnvio(idhistoricoenvio=29, idusuario=null, timestamp=null, accion=null, mensaje=null, lote=null, idestaustitulo=null, archivo=null, titulos=[])'),(651,'admin[ROLE_ADMIN, ROLE_USER]','2021-10-08 19:13:28','/titulo/historicoenvio/wsrecibe/','HistoricoEnvio(idhistoricoenvio=29, idusuario=null, timestamp=null, accion=null, mensaje=null, lote=null, idestaustitulo=null, archivo=null, titulos=[])'),(652,'admin[ROLE_ADMIN, ROLE_USER]','2021-10-08 19:15:04','sellodetitilo1260','dm2TCJHWFEE1clAkc34zzqsIc2PYKB9sIHec6clXlECIdfY0g6jde6F+3zlc86x8WxloBJx+aXeA8CpNsPRhkGG+zjdq99x/JZ+EaEqHGXTo3fIEIQ2RDT6SjZlT2Mnxp+p5GeB/dX0D5rKGo1T1ZNLKrQBxEAgWKzxH/vUrgl7rHKKBmAiyH7qiHxguRv+S/9ZrnJ3lAgdYzY2W5hrNf9Z1Z+xDyJXKYVptdmLIJ7kW6GiTM5lx/Jr1JqxlYPFQ6WSvMx30VvarYtTMbZ49IoZxItOCoeCehyeq2vloby1A2YMOs7pQFpvtPtwtD2TJv5szw9O6ADlOn8QMdWj2Cg=='),(653,'admin[ROLE_ADMIN, ROLE_USER]','2021-10-08 19:15:04','cadenaOriginaltitulo1260','||1.0|342552FECJ920425MSLRRS00|MEMX771109MGRRRR09|1|DIRECTOR|Dra.|140349|CENTRO DE INVESTIGACIÓN Y ASISTENCIA EN TECNOLOGÍA Y DISEÑO DEL ESTADO DE JALISCO, A.C.|342552|MAESTRÍA EN CIENCIAS DE LA FLORICULTURA|2016-07-31|2018-07-30|9|OTRO||FECJ920425MSLRRS00|MARIA JOSEFINA|FERRER|CERVANTES|j.osyfc@hotmail.com|2019-02-19|1|POR TESIS|2019-02-19||0|5|NO APLICA|14|JALISCO|UNIVERSIDAD AUTÓNOMA DE SINALOA|2|LICENCIATURA|25|SINALOA|2010-07-31|2014-04-29|9377336||'),(654,'admin[ROLE_ADMIN, ROLE_USER]','2021-10-08 19:15:04','sellodetitilo1260','b9IPw7FJHNj/QfXn0zRBsDCdSq9igJoXcTJ/QhaV24zd8YzEEXlT4R/DPUlzo1DoJd3FKN47+76EL0hFoOZ2NSoyk/wPIlu1ycIY7FTBqduF6me5I92A5RZAVbkAj65Dp/VV4vANRH0pXr+9eNSOxcLI7DyOt71kN8XpcdD4ulouJezy7on1E6OuZIxsM5867jq+pDGPNsQUsT2EiiIqm630eJb9mP1VZUWohVIVnXc5AcEPJP5J//KNGkYMXnbDB//dqJP6/w8KaWqilT3c6UOfnZp2pPxiIxmNVDxNI1ZBA2eOI0e81BS2/KCFnQ1zzZl7cgn0sZ4eSheayw9J4A=='),(655,'admin[ROLE_ADMIN, ROLE_USER]','2021-10-08 19:15:04','cadenaOriginaltitulo1260','||1.0|342552FECJ920425MSLRRS00|OOCF820528MVZRRT05|2|SUBDIRECTOR|Mtra.|140349|CENTRO DE INVESTIGACIÓN Y ASISTENCIA EN TECNOLOGÍA Y DISEÑO DEL ESTADO DE JALISCO, A.C.|342552|MAESTRÍA EN CIENCIAS DE LA FLORICULTURA|2016-07-31|2018-07-30|9|OTRO||FECJ920425MSLRRS00|MARIA JOSEFINA|FERRER|CERVANTES|j.osyfc@hotmail.com|2019-02-19|1|POR TESIS|2019-02-19||0|5|NO APLICA|14|JALISCO|UNIVERSIDAD AUTÓNOMA DE SINALOA|2|LICENCIATURA|25|SINALOA|2010-07-31|2014-04-29|9377336||'),(656,'admin[ROLE_ADMIN, ROLE_USER]','2021-10-08 19:15:04','/titulo/xml/','1260342552FECJ920425MSLRRS00.xml'),(658,'admin[ROLE_ADMIN, ROLE_USER]','2021-10-08 19:15:28','/titulo/historicoenvio/guardar','HistoricoEnvio(idhistoricoenvio=null, idusuario=null, timestamp=null, accion=null, mensaje=null, lote=null, idestaustitulo=null, archivo=null, titulos=[])'),(659,'admin[ROLE_ADMIN, ROLE_USER]','2021-10-08 19:15:35','/titulo/historicoenvio/guardaritem','HistoricoEnvio(idhistoricoenvio=30, idusuario=null, timestamp=null, accion=null, mensaje=null, lote=null, idestaustitulo=null, archivo=null, titulos=[])'),(660,'admin[ROLE_ADMIN, ROLE_USER]','2021-10-08 19:15:56','/titulo/historicoenvio/wsenviar/','HistoricoEnvio(idhistoricoenvio=30, idusuario=null, timestamp=null, accion=null, mensaje=null, lote=null, idestaustitulo=null, archivo=null, titulos=[])'),(661,'admin[ROLE_ADMIN, ROLE_USER]','2021-10-08 19:16:09','/titulo/historicoenvio/wsconsulta/','HistoricoEnvio(idhistoricoenvio=30, idusuario=null, timestamp=null, accion=null, mensaje=null, lote=null, idestaustitulo=null, archivo=null, titulos=[])'),(662,'admin[ROLE_ADMIN, ROLE_USER]','2021-10-08 19:16:12','/titulo/historicoenvio/wsrecibe/','HistoricoEnvio(idhistoricoenvio=30, idusuario=null, timestamp=null, accion=null, mensaje=null, lote=null, idestaustitulo=null, archivo=null, titulos=[])');
/*!40000 ALTER TABLE `logacciones` ENABLE KEYS */;
UNLOCK TABLES;

--
-- Table structure for table `modalidadtitulacion`
--

DROP TABLE IF EXISTS `modalidadtitulacion`;
/*!40101 SET @saved_cs_client     = @@character_set_client */;
/*!40101 SET character_set_client = utf8 */;
CREATE TABLE `modalidadtitulacion` (
  `id_modalidad_titulación` int(11) NOT NULL AUTO_INCREMENT,
  `modalidad_titulación` varchar(40) DEFAULT NULL,
  `tipo_de_modalidad` varchar(30) DEFAULT NULL,
  PRIMARY KEY (`id_modalidad_titulación`)
) ENGINE=InnoDB AUTO_INCREMENT=9 DEFAULT CHARSET=utf8mb4;
/*!40101 SET character_set_client = @saved_cs_client */;

--
-- Dumping data for table `modalidadtitulacion`
--

LOCK TABLES `modalidadtitulacion` WRITE;
/*!40000 ALTER TABLE `modalidadtitulacion` DISABLE KEYS */;
INSERT INTO `modalidadtitulacion` VALUES (1,'POR TESIS','ACTA DE EXAMEN'),(2,'POR PROMEDIO','CONSTANCIA DE EXENCIÓN'),(3,'POR ESTUDIOS DE POSGRADOS','CONSTANCIA DE EXENCIÓN'),(4,'POR EXPERIENCIA LABORAL','CONSTANCIA DE EXENCIÓN'),(5,'POR CENEVAL','CONSTANCIA DE EXENCIÓN'),(6,'OTRO','CONSTANCIA DE EXENCIÓN'),(8,'honoris causa','por suerte');
/*!40000 ALTER TABLE `modalidadtitulacion` ENABLE KEYS */;
UNLOCK TABLES;

--
-- Table structure for table `motivocancelacion`
--

DROP TABLE IF EXISTS `motivocancelacion`;
/*!40101 SET @saved_cs_client     = @@character_set_client */;
/*!40101 SET character_set_client = utf8 */;
CREATE TABLE `motivocancelacion` (
  `id_motivo_can` int(11) NOT NULL AUTO_INCREMENT,
  `descripcion_cancelación` varchar(60) NOT NULL,
  `idmotivo` varchar(10) DEFAULT NULL,
  PRIMARY KEY (`id_motivo_can`)
) ENGINE=InnoDB AUTO_INCREMENT=8 DEFAULT CHARSET=utf8mb4;
/*!40101 SET character_set_client = @saved_cs_client */;

--
-- Dumping data for table `motivocancelacion`
--

LOCK TABLES `motivocancelacion` WRITE;
/*!40000 ALTER TABLE `motivocancelacion` DISABLE KEYS */;
INSERT INTO `motivocancelacion` VALUES (1,'REASIGNACIÓN PARA LA CONCORDANCIA SEXO-GENÉRICA','R1'),(2,'RECONOCIMIENTO DE PATERNIDAD','R2'),(3,'CAMBIO Y MODIFICACIÓN AL NOMBRE','R3'),(4,'CASO FORTUITO O FUERZA MAYOR','R4'),(5,'OTRO','R5'),(6,'CAUSA IMPUTABLE AL PROFESIONISTA','C1'),(7,'por ogts','O1');
/*!40000 ALTER TABLE `motivocancelacion` ENABLE KEYS */;
UNLOCK TABLES;

--
-- Table structure for table `permisos`
--

DROP TABLE IF EXISTS `permisos`;
/*!40101 SET @saved_cs_client     = @@character_set_client */;
/*!40101 SET character_set_client = utf8 */;
CREATE TABLE `permisos` (
  `id` int(11) NOT NULL AUTO_INCREMENT,
  `url` varchar(200) NOT NULL,
  `rol` varchar(30) NOT NULL,
  PRIMARY KEY (`id`)
) ENGINE=InnoDB AUTO_INCREMENT=89 DEFAULT CHARSET=latin1;
/*!40101 SET character_set_client = @saved_cs_client */;

--
-- Dumping data for table `permisos`
--

LOCK TABLES `permisos` WRITE;
/*!40000 ALTER TABLE `permisos` DISABLE KEYS */;
INSERT INTO `permisos` VALUES (1,'/','USER,ADMIN'),(2,'/panel','USER,ADMIN'),(3,'/catalogo/entidadfederativa','USER,ADMIN'),(4,'/catalogo/cargo','USER,ADMIN'),(5,'/catalogo/cargo/guardar','ADMIN'),(6,'/catalogo/cargo/eliminar','ADMIN'),(7,'/catalogo/tipoestudioantecedente','USER,ADMIN'),(8,'/catalogo/tipoestudioantecedente/guardar','ADMIN'),(9,'/catalogo/tipoestudioantecedente/eliminar','ADMIN'),(10,'/catalogo/fundamentolegalserviciosociales','USER,ADMIN'),(11,'/catalogo/fundamentolegalserviciosociales/guardar','ADMIN'),(12,'/catalogo/fundamentolegalserviciosociales/eliminar','ADMIN'),(13,'/catalogo/modalidadtitulacion','USER,ADMIN'),(14,'/catalogo/modalidadtitulacion/guardar','ADMIN'),(15,'/catalogo/modalidadtitulacion/eliminar','ADMIN'),(16,'/catalogo/autorizacionreconocimiento','USER,ADMIN'),(17,'/catalogo/autorizacionreconocimiento/guardar','ADMIN'),(18,'/catalogo/autorizacionreconocimiento/eliminar','ADMIN'),(19,'/catalogo/motivocancelacion','USER,ADMIN'),(20,'/catalogo/motivocancelacion/guardar','ADMIN'),(21,'/catalogo/motivocancelacion/eliminar','ADMIN'),(22,'/catalogo/carrera','USER,ADMIN'),(23,'/catalogo/carrera/guardar','ADMIN'),(24,'/catalogo/carrera/eliminar','USER,ADMIN'),(25,'/catalogo/carrera/editar/**','USER,ADMIN'),(26,'/catalogo/carrera/agregar','USER,ADMIN'),(27,'/catalogo/responsable','USER,ADMIN'),(28,'/catalogo/responsable/guardar','USER,ADMIN'),(29,'/catalogo/responsable/eliminar','USER,ADMIN'),(30,'/catalogo/responsable/editar/**','USER,ADMIN'),(31,'/catalogo/responsable/agregar','USER,ADMIN'),(32,'/upload/cert/resp/**\"','USER,ADMIN'),(33,'/titulo/historicoenvio','USER,ADMIN'),(34,'/titulo/historicoenvio/guardar','USER,ADMIN'),(35,'/titulo/historicoenvio/guardaritem','USER,ADMIN'),(36,'/titulo/historicoenvio/eliminaritem','USER,ADMIN'),(37,'/titulo/historicoenvio/eliminaritemsimple','USER,ADMIN'),(38,'/titulo/historicoenvio/eliminar/**','USER,ADMIN'),(39,'/titulo/historicoenvio/editar/**','USER,ADMIN'),(40,'/titulo/historicoenvio/agregar','USER,ADMIN'),(41,'/titulo/buscanombre/**','USER,ADMIN'),(42,'/titulo','USER,ADMIN'),(43,'/titulo/guardar','USER,ADMIN'),(44,'/titulo/eliminar','USER,ADMIN'),(45,'/titulo/editar/**','USER,ADMIN'),(46,'/titulo/agregar','USER,ADMIN'),(47,'/titulo/xml/**','USER,ADMIN'),(48,'/titulo/descarga1/**','USER,ADMIN'),(49,'/titulo/descarga/**','USER,ADMIN'),(50,'/titulo/historicoenvio/wsenviar/**','USER,ADMIN'),(51,'/titulo/historicoenvio/wsrecibe/**','USER,ADMIN'),(52,'/titulo/historicoenvio/wsconsulta/**','USER,ADMIN'),(53,'/titulo/historicoenvio/wscancela/**','USER,ADMIN'),(54,'/titulo/pdf/**','USER,ADMIN'),(55,'/ef/listar','USER,ADMIN'),(56,'/titulo/impreso/**','USER,ADMIN'),(57,'/titulo/impreso/responsables','USER,ADMIN'),(58,'/catalogo/usuario','ADMIN'),(59,'/catalogo/usuario/guardar','ADMIN'),(60,'/catalogo/usuario/eliminar/**','ADMIN'),(61,'/catalogo/usuario/editar/**','ADMIN'),(62,'/catalogo/usuario/agregar','ADMIN'),(63,'/catalogo/roles/guardar/','ADMIN'),(64,'/','USER,ADMIN'),(65,'/catalogo/roles/elimina','ADMIN'),(66,'/panel','USER,ADMIN'),(67,'/catalogo/entidadfederativa','USER,ADMIN'),(68,'/catalogo/cargo','USER,ADMIN'),(69,'/catalogo/cargo/guardar','ADMIN'),(70,'/catalogo/cargo/eliminar','ADMIN'),(71,'/catalogo/tipoestudioantecedente','USER,ADMIN'),(72,'/catalogo/tipoestudioantecedente/guardar','ADMIN'),(73,'/catalogo/tipoestudioantecedente/eliminar','ADMIN'),(74,'/catalogo/fundamentolegalserviciosociales','USER,ADMIN'),(75,'/catalogo/fundamentolegalserviciosociales/guardar','ADMIN'),(76,'/catalogo/fundamentolegalserviciosociales/eliminar','ADMIN'),(77,'/catalogo/modalidadtitulacion','USER,ADMIN'),(78,'/catalogo/modalidadtitulacion/guardar','ADMIN'),(79,'/catalogo/modalidadtitulacion/eliminar','ADMIN'),(80,'/catalogo/autorizacionreconocimiento','USER,ADMIN'),(81,'/catalogo/autorizacionreconocimiento/guardar','ADMIN'),(82,'/catalogo/autorizacionreconocimiento/eliminar','ADMIN'),(83,'/catalogo/motivocancelacion','USER,ADMIN'),(84,'/catalogo/motivocancelacion/guardar','ADMIN'),(85,'/catalogo/motivocancelacion/eliminar','ADMIN'),(86,'/catalogo/carrera','USER,ADMIN'),(87,'/catalogo/carrera/guardar','USER,ADMIN'),(88,'/titulo/firmar/','SIGN');
/*!40000 ALTER TABLE `permisos` ENABLE KEYS */;
UNLOCK TABLES;

--
-- Table structure for table `responsable`
--

DROP TABLE IF EXISTS `responsable`;
/*!40101 SET @saved_cs_client     = @@character_set_client */;
/*!40101 SET character_set_client = utf8 */;
CREATE TABLE `responsable` (
  `idresponsable` int(11) NOT NULL AUTO_INCREMENT,
  `nombre` varchar(30) DEFAULT NULL,
  `primerapellido` varchar(30) DEFAULT NULL,
  `segundoapellido` varchar(30) DEFAULT NULL,
  `curp` varchar(20) DEFAULT NULL,
  `idcargo` int(11) DEFAULT NULL,
  `abrtitulo` varchar(10) DEFAULT NULL,
  `certificadoresponsable` varchar(500) DEFAULT NULL,
  `llaveesponsable` varchar(500) DEFAULT NULL,
  `numerocertificado` varchar(200) DEFAULT NULL,
  `pwdkey` varchar(100) DEFAULT NULL,
  PRIMARY KEY (`idresponsable`)
) ENGINE=InnoDB AUTO_INCREMENT=7 DEFAULT CHARSET=utf8mb4;
/*!40101 SET character_set_client = @saved_cs_client */;

--
-- Dumping data for table `responsable`
--

LOCK TABLES `responsable` WRITE;
/*!40000 ALTER TABLE `responsable` DISABLE KEYS */;
INSERT INTO `responsable` VALUES (5,'Erika Nahomy','Marino','Marmolejo','MEMX771109MGRRRR09',1,'Dra.','00001000000504585803.cer','Claveprivada_FIEL_MAMX7711094A0_20200724_205129.key','00001000000504585803','KIKIS1109'),(6,'Fátima Gabriela','Ordoñez','de la Cruz','OOCF820528MVZRRT05',2,'Mtra.','oocf820528b94.cer','Claveprivada_FIEL_OOCF820528B94_20181115_131910.key','00001000000412706524','bolocho22');
/*!40000 ALTER TABLE `responsable` ENABLE KEYS */;
UNLOCK TABLES;

--
-- Table structure for table `roles`
--

DROP TABLE IF EXISTS `roles`;
/*!40101 SET @saved_cs_client     = @@character_set_client */;
/*!40101 SET character_set_client = utf8 */;
CREATE TABLE `roles` (
  `id` int(11) NOT NULL AUTO_INCREMENT,
  `nombre` varchar(100) DEFAULT NULL,
  `idusuario` int(11) DEFAULT NULL,
  PRIMARY KEY (`id`),
  KEY `roles_FK` (`idusuario`),
  CONSTRAINT `roles_FK` FOREIGN KEY (`idusuario`) REFERENCES `usuario` (`idusuario`)
) ENGINE=InnoDB AUTO_INCREMENT=25 DEFAULT CHARSET=latin1;
/*!40101 SET character_set_client = @saved_cs_client */;

--
-- Dumping data for table `roles`
--

LOCK TABLES `roles` WRITE;
/*!40000 ALTER TABLE `roles` DISABLE KEYS */;
INSERT INTO `roles` VALUES (15,'ROLE_USER',1),(16,'ROLE_ADMIN',2),(17,'ROLE_USER',2),(18,'ROLE_SIGN',1),(19,'ROLE_SIGN',3),(20,'ROLE_SIGN',4),(21,'ROLE_SIGN',5),(22,'ROLE_USER',3),(23,'ROLE_USER',4),(24,'ROLE_USER',5);
/*!40000 ALTER TABLE `roles` ENABLE KEYS */;
UNLOCK TABLES;

--
-- Table structure for table `tipoestudioantecedente`
--

DROP TABLE IF EXISTS `tipoestudioantecedente`;
/*!40101 SET @saved_cs_client     = @@character_set_client */;
/*!40101 SET character_set_client = utf8 */;
CREATE TABLE `tipoestudioantecedente` (
  `id_tipo_estudio_antecedente` int(11) NOT NULL AUTO_INCREMENT,
  `tipo_estudio_antecedente` varchar(50) DEFAULT NULL,
  `tipo_educativo_del_antecedente` varchar(50) DEFAULT NULL,
  PRIMARY KEY (`id_tipo_estudio_antecedente`)
) ENGINE=InnoDB AUTO_INCREMENT=8 DEFAULT CHARSET=utf8mb4;
/*!40101 SET character_set_client = @saved_cs_client */;

--
-- Dumping data for table `tipoestudioantecedente`
--

LOCK TABLES `tipoestudioantecedente` WRITE;
/*!40000 ALTER TABLE `tipoestudioantecedente` DISABLE KEYS */;
INSERT INTO `tipoestudioantecedente` VALUES (1,'MAESTRÍA','EDUCACIÓN SUPERIOR'),(2,'LICENCIATURA','EDUCACIÓN SUPERIOR'),(3,'TÉCNICO SUPERIOR UNIVERSITARIO','EDUCACIÓN SUPERIOR'),(4,'BACHILLERATO','EDUCACIÓN MEDIA SUPERIOR'),(5,'EQUIVALENTE A BACHILLERATO ','EDUCACIÓN MEDIA SUPERIOR'),(6,'SECUNDARIA','EDUCACIÓN BÁSICA'),(7,'La vida','Educacion Hipersuperior');
/*!40000 ALTER TABLE `tipoestudioantecedente` ENABLE KEYS */;
UNLOCK TABLES;

--
-- Table structure for table `titulo`
--

DROP TABLE IF EXISTS `titulo`;
/*!40101 SET @saved_cs_client     = @@character_set_client */;
/*!40101 SET character_set_client = utf8 */;
CREATE TABLE `titulo` (
  `idtitulo` int(11) NOT NULL AUTO_INCREMENT,
  `curp` varchar(20) DEFAULT NULL,
  `nombre` varchar(30) DEFAULT NULL,
  `primerapellido` varchar(30) DEFAULT NULL,
  `segundoapellido` varchar(30) DEFAULT NULL,
  `correoelectronico` varchar(100) DEFAULT NULL,
  `fechainicio` date DEFAULT NULL,
  `fechaterminacion` date DEFAULT NULL,
  `fechaexpedicion` date DEFAULT NULL,
  `idmodalidadtitulacion` int(11) DEFAULT NULL,
  `fechaexamenprofesional` date DEFAULT NULL,
  `cumplioserviciosocial` varchar(1) DEFAULT NULL,
  `idfundamentolegalserviciosocial` int(11) DEFAULT NULL,
  `identidadfederativa` int(11) DEFAULT NULL,
  `institucionprocedencia` varchar(200) DEFAULT NULL,
  `identidadfederativa_procedencia` int(11) DEFAULT NULL,
  `fechainicio_procedencia` date DEFAULT NULL,
  `fechaterminacion_procedencia` date DEFAULT NULL,
  `nocedula` varchar(30) DEFAULT NULL,
  `lote` int(11) DEFAULT NULL,
  `nombrexmlenvio` varchar(200) DEFAULT NULL,
  `idestatustitulo` int(11) DEFAULT NULL,
  `tituloxml` varchar(200) DEFAULT NULL,
  `idinstitucioncarrera` int(11) DEFAULT NULL,
  `idautorizacionReconocimiento` int(11) DEFAULT NULL,
  `fechaexencionexamenprofecional` date DEFAULT NULL,
  `idtipoestudioantecedente` int(11) DEFAULT NULL,
  `idhistoricoenvio` int(11) DEFAULT NULL,
  PRIMARY KEY (`idtitulo`),
  KEY `titulo_FK` (`idhistoricoenvio`),
  CONSTRAINT `titulo_FK` FOREIGN KEY (`idhistoricoenvio`) REFERENCES `historicoenvio` (`idhistoricoenvio`)
) ENGINE=InnoDB AUTO_INCREMENT=1343 DEFAULT CHARSET=utf8mb4;
/*!40101 SET character_set_client = @saved_cs_client */;

--
-- Dumping data for table `titulo`
--

LOCK TABLES `titulo` WRITE;
/*!40000 ALTER TABLE `titulo` DISABLE KEYS */;
INSERT INTO `titulo` VALUES (2,'CACX7605101P8','Manuel','Lopez','Pereira','mlopez@saber.com','2018-01-01','2020-02-01','2020-03-19',2,'2020-03-18','1',3,15,'uteg',15,'2014-01-01','2017-12-01','sdfg4556',NULL,'411598CACX7605101P8.xml',NULL,NULL,2,3,NULL,2,11),(5,'OISR800603HCSLGG04','Rogelio','Olivaez','Segura','rolivaez@email.com','2018-02-01','2020-02-01','2020-03-01',1,'2020-02-15','1',1,14,'UDQ',22,'2000-09-01','2004-06-09','dddddd',NULL,'342552OISR800603HCSLGG04.xml',NULL,NULL,1,1,NULL,2,11),(7,'ROMC131201HJCJXRA7','Rocio ','Muñoz','Patiño','rocio81@hotmail.com','2003-01-01','2004-01-01','2012-01-01',1,'2013-01-01','0',5,14,'U de G',1,'1999-01-01','2001-01-01','219873',NULL,'342552ROMC131201HJCJXRA7.xml',NULL,NULL,1,2,NULL,2,13),(1245,'REEE850916MMCZSL03','Elia','Reza','Escobar','eliarezza@gmail.com','2015-08-01','2019-07-31','2020-07-29',1,'2020-07-29','0',5,14,'Universidad Autónoma de Baja California',2,'2010-08-01','2011-12-31','9050047',NULL,NULL,NULL,NULL,3,9,NULL,1,NULL),(1246,'BEME830817MSPLDL05','Elisa Alejandra','Beltrán','Medina','elisa.beltran.m@gmail.com','2016-02-01','2020-01-31','2021-04-08',1,'2021-04-08','0',5,14,'Universidad de Guadalajara',14,'2011-08-01','2013-06-30','8967946',NULL,'644621BEME830817MSPLDL05.xml',NULL,NULL,3,9,NULL,1,19),(1247,'RORJ910324HNTDMS03','José de Jesús','Rodríguez','Romero','jrguez344@gmail.com','2016-08-01','2019-07-31','2020-12-15',1,'2020-12-15','0',5,14,'Instituto Tecnológico de Tepic',18,'2014-01-01','2015-12-31','10075228',NULL,'644621RORJ910324HNTDMS03.xml',NULL,NULL,3,9,NULL,1,20),(1248,'GAHM850906HJCRRS00','Misael Sebastián','Gradilla','Hernández','ERR Fechaterminacion>fechaexamenprof','2016-08-01','2020-07-31','2020-07-28',1,'2020-07-28','0',5,14,'Centro de Ingeniería y Desarrollo Industrial',22,'2011-09-01','2013-08-31','11912276',0,NULL,NULL,NULL,3,9,NULL,1,NULL),(1249,'UIVM840228MCSTZR12','Marycarmen','Utrilla','Vazquez','mautrilla@hotmail.com','2015-08-01','2019-07-31','2020-07-31',1,'2020-07-31','0',5,14,'Universidad Autónoma de Querétaro',22,'2006-07-01','2008-07-31','7389660',NULL,'644621UIVM840228MCSTZR12.xml',NULL,NULL,3,9,NULL,1,NULL),(1250,'MACJ830225HNTZRR00','Jorge Luis','Mazorra','Carrillo','jomazorra_al@ciatej.edu.mx','2015-02-01','2019-01-31','2020-11-18',1,'2020-11-18','0',5,14,'Instituto Potosino de Investigación Científica y Tecnológica A. C.',24,'2009-08-01','2011-09-30','11620745',NULL,'644621MACJ830225HNTZRR00.xml',NULL,NULL,3,9,NULL,1,21),(1251,'CAES890519HVZLSR09','Sergio de Jesús','Calva','Estrada','ERR Fechaterminacion>fechaexamenprof','2017-02-01','2021-01-31','2021-01-22',1,'2021-01-22','0',5,14,'Universidad Veracruzana',30,'2013-08-01','2015-07-31','10228634',0,NULL,NULL,NULL,3,9,NULL,1,NULL),(1252,'HECG830301HYNRLL05','Gilbert José','Herrera','Cool','g_jos_hc@hotmail.com','2015-08-01','2019-07-31','2019-08-09',1,'2019-08-09','0',5,14,' Instituto Tecnológico de Conkal',31,'2008-09-01','2011-02-28','7007875',NULL,'644621HECG830301HYNRLL05.xml',NULL,NULL,3,9,NULL,1,22),(1253,'LAGJ930828HCSTRN01','Juan Jorge','Latour','Gordillo','juangordillo519@gmail.com','2017-08-01','2019-07-31','2020-02-28',1,'2020-02-28','0',5,14,'Universidad Tecnológica de la Selva',7,'2012-09-01','2016-08-31','10246516',NULL,'342552LAGJ930828HCSTRN01.xml',NULL,NULL,1,9,NULL,2,23),(1254,'ZADY940415MCSRZL01','Yulemne','Zárate','Díaz','yulemnez@hotmail.com','2017-08-01','2019-07-31','2020-02-28',1,'2020-02-28','0',5,14,'Universidad Tecnológica de la Selva',7,'2012-09-01','2016-08-31','10246484',NULL,'342552ZADY940415MCSRZL01.xml',NULL,NULL,1,9,NULL,2,24),(1255,'FABM930715MHGLTR07','Maribel','Falcón','Bautista','plantasmasverdes@gmail.com','2016-08-01','2018-07-31','2018-12-06',1,'2018-12-06','0',5,14,'Universidad Autónoma del Estado de Hidalgo',13,'2011-07-01','2015-12-31','10029436',NULL,'342552FABM930715MHGLTR07.xml',NULL,NULL,1,9,NULL,2,25),(1256,'VIVI921102MJCTLS01','Isabel','Vital','Vilchis','ivv0211@hotmail.com','2016-08-01','2018-07-31','2019-02-20',1,'2019-02-20','0',5,14,'Universidad Autónoma de Guadalajara',14,'2011-09-01','2015-12-31','10520032',NULL,'342552VIVI921102MJCTLS01.xml',NULL,NULL,1,9,NULL,2,26),(1257,'GAOE941007MJCRCV04','Evelyn Yuritssy','García','Ochoa','evelyn_yiri710@hotmail.com','2017-08-01','2019-07-31','2020-07-14',1,'2020-07-14','0',5,14,'Universidad Autónoma de Guadalajara',14,'2012-08-01','2016-04-30','10639003',NULL,'342552GAOE941007MJCRCV04.xml',NULL,NULL,1,9,NULL,2,27),(1258,'MEGR890424HJCNMF02','Rafael de Jesús','Mendoza','Gómez','rafael_f10@hotmail.com','2017-08-01','2019-07-31','2020-11-26',1,'2020-11-26','0',5,14,'Universidad Autónoma de Guadalajara',14,'2005-08-01','2009-06-01','9960988',NULL,'342552MEGR890424HJCNMF02.xml',NULL,NULL,1,9,NULL,2,28),(1259,'HEMG910814MNTRLM04','Gema','Hernández','Maldonado','ghdzmdo@gmail.com','2016-08-01','2018-07-31','2019-02-20',1,'2019-02-20','0',5,14,'Universidad de la Cienega del Estado de Michoacán',16,'2009-08-01','2013-06-30','9118759',NULL,'342552HEMG910814MNTRLM04.xml',NULL,NULL,1,9,NULL,2,29),(1260,'FECJ920425MSLRRS00','Maria Josefina','Ferrer','Cervantes','j.osyfc@hotmail.com','2016-08-01','2018-07-31','2019-02-20',1,'2019-02-20','0',5,14,'Universidad Autónoma de Sinaloa',25,'2010-08-01','2014-04-30','9377336',NULL,'342552FECJ920425MSLRRS00.xml',NULL,NULL,1,9,NULL,2,30),(1261,'NILI950703MDFBPS06','Isabel','Niebla','López','isapepito@gmail.com','2017-08-01','2019-07-31','2020-06-16',1,'2020-06-16','0',5,14,'Universidad Politécnica de Sinaloa',25,'2013-09-01','2016-12-31','11027336',NULL,NULL,NULL,NULL,1,9,NULL,2,NULL),(1262,'PECS871012MYNRRL00','Silvia Margarita','Perez','Carrillo','ERR Fechaterminacion>fechaexamenprof','2017-08-01','2019-07-31','2019-02-25',1,'2019-02-25','0',5,14,'Instituto Tecnológico de Conkal',31,'2006-08-01','2013-02-28','8048880',0,NULL,NULL,NULL,1,9,NULL,2,NULL),(1263,'BISC890916MYNRNN00','Cinthia Isabel','Briceño','Santiago','cinty_isa@hotmail.com','2016-08-01','2018-07-31','2018-12-17',1,'2018-12-17','0',5,14,'Universidad Autonoma de Yucatán',31,'2009-08-01','2013-08-31','9736569',NULL,NULL,NULL,NULL,1,9,NULL,2,NULL),(1264,'CAOV910308HYNSJT00','Vittorio Emmanuel','Castellanos','Ojeda','vico_8paz@hotmail.com','2016-08-01','2018-07-31','2018-12-12',1,'2018-12-12','0',5,14,'Universidad Autónoma de Yucatán',31,'2009-08-01','2013-07-31','8843547',NULL,NULL,NULL,NULL,1,9,NULL,2,NULL),(1265,'COGO880823MYNNRN02','Diana Marisol','Conrado','García','dm.conradogarcia@gmail.com','2016-08-01','2018-07-31','2018-12-13',1,'2018-12-13','0',5,14,'Universidad Autónoma de Yucatán',31,'2009-08-01','2013-06-30','9558792',NULL,NULL,NULL,NULL,1,9,NULL,2,NULL),(1266,'TUBL911227MYNNLD09','Leidy Jacqueline','Tun','Balam','LJTbalam@hotmail.com','2017-08-01','2019-07-31','2021-01-26',1,'2021-01-26','0',5,14,'Universidad Autónoma de Yucatán',31,'2009-08-01','2013-05-31','8942072',NULL,NULL,NULL,NULL,1,9,NULL,2,NULL),(1267,'VARJ920417MBSLDN09','Janeth Alejandra','Valadez','Rodríguez','janethibq@gmail.com','2017-08-01','2019-07-31','2019-11-22',1,'2019-11-22','0',5,14,'Instituto Tecnológico de La Paz',3,'2011-08-01','2016-06-30','10542545',NULL,NULL,NULL,NULL,4,9,NULL,2,NULL),(1268,'MEZA901130HGTNMN01','Andrés','Méndez','Zamora','amendezz17@gmail.com','2018-08-01','2020-07-31','2020-12-16',1,'2020-12-16','0',5,14,'Instituto Politécnico Nacional',9,'2009-08-01','2013-12-31','9009361',NULL,NULL,NULL,NULL,4,9,NULL,2,NULL),(1269,'LOGH901106MNLPNL05','Hilda Eugenia','López','González','hilda.lopz@gmail.com','2016-08-01','2018-07-31','2019-02-26',1,'2019-02-26','0',5,14,'Universidad Autónoma de Chihuahua',8,'2009-06-01','2013-12-31','9208289',NULL,NULL,NULL,NULL,4,9,NULL,2,NULL),(1270,'BAGA930211HCSRZN03','Angel Martín','Barranco','Guzman','angelmbg@outlook.com','2016-08-01','2018-07-31','2018-12-06',1,'2018-12-06','0',5,14,'Universidad Tecnológica de la Selva',7,'2009-09-01','2015-08-31','9689298',NULL,NULL,NULL,NULL,4,9,NULL,2,NULL),(1271,'PELA930625MDGRNM01','Aimé Estefanía','Pérez','Luna','aimeepl25@gmail.com','2017-08-01','2019-07-31','2019-12-16',1,'2019-12-16','0',5,14,'Universidad Politécnia de Gómez Palacios',10,'2011-08-01','2014-12-31','9884423',NULL,NULL,NULL,NULL,4,9,NULL,2,NULL),(1272,'LEOR890312HGRNRF06','Rafael','León','Ortíz','rafael.leon5184@gmail.com','2017-08-01','2019-07-31','2020-01-10',1,'2020-01-10','0',5,14,'Instituto Tecnológico de Acapulco',12,'2007-08-01','2013-12-31','9556541',NULL,NULL,NULL,NULL,4,9,NULL,2,NULL),(1273,'REJJ900921HGRYCS09','Jesús Eduardo','Reyes','Jacinto','edureyes7@outlook.com','2017-08-01','2019-07-31','2020-04-20',1,'2020-04-20','0',5,14,'Instituto Tecnológico de Acapulco',12,'2008-08-01','2013-06-30','10989779',NULL,NULL,NULL,NULL,4,9,NULL,2,NULL),(1274,'GABM930610ITJCRCN07','Manuel','García','Becerra','i.a.manuel.g.b@gmail.com','2016-08-01','2018-07-31','2019-02-22',1,'2019-02-22','0',5,14,'Instituto Tecnológico de Ciudad Guzmán',14,'2011-08-01','2016-06-30','10070280',NULL,NULL,NULL,NULL,4,9,NULL,2,NULL),(1275,'BORR880321HJCLSB06','Roberto Emmanuel','Bolaños','Rosales','robemanuel78@hotmail.com','2015-08-01','2017-07-31','2020-12-04',1,'2020-12-04','0',5,14,'Instituto Tecnológico de Tlajomulco',14,'2008-08-01','2013-01-31','8504148',NULL,NULL,NULL,NULL,4,9,NULL,2,NULL),(1276,'OEHD901222MMNJRD03','Doddy Denise','Ojeda','Hernández','doddydenise@gmail.com','2017-08-01','2019-07-31','2019-12-13',1,'2019-12-13','0',5,14,'Instituto Tecnológico y de Estudios Superiores de Monterrey',14,'2009-08-01','2014-05-31','8928666',NULL,NULL,NULL,NULL,4,9,NULL,2,NULL),(1277,'RAPA921013MJCMLN05','Ana Sofia','Ramírez','Pelayo','anasofia.r.p1@gmail.com','2018-08-01','2020-07-31','2021-01-15',1,'2021-01-15','0',5,14,'Instituto Tecnológico y de Estudios Superiores de Monterrey',14,'2010-08-01','2014-12-31','9044973',NULL,NULL,NULL,NULL,4,9,NULL,2,NULL),(1278,'ROGG920119MJCSNS06','Gisella Lizette','Rosales','Gonzalez','gisella.rosales19@gmail.com','2018-08-01','2020-07-31','2021-02-25',1,'2021-02-25','0',5,14,'Instituto Tecnologico y de Estudios Superiores de Occidente',14,'2009-08-01','2014-05-31','8838015',NULL,NULL,NULL,NULL,4,9,NULL,2,NULL),(1279,'MAMG860911MJCGNB08','María Gabriela','Magaña','Mendoza','gaby_0911@hotmail.com','2016-08-01','2018-07-31','2018-12-11',1,'2018-12-11','0',5,14,'Instituto Tecnológico y de Estudios Superiores de Occidente',14,'2004-08-01','2009-05-31','6110881',NULL,NULL,NULL,NULL,4,9,NULL,2,NULL),(1280,'VILV880527HDFLYC00','Victor Manuel','Villaseñor','Leyva','victorvillasenor88@hotmail.com','2018-02-01','2020-01-31','2020-12-08',1,'2020-12-08','0',5,14,'Instituto Tecnológico y de Estudios Superiores de Occidente',14,'2007-08-01','2012-05-31','7600564',NULL,NULL,NULL,NULL,4,9,NULL,2,NULL),(1281,'GUAD890517HJCTVN05','Daniel Oswaldo','Gutierrez','Avendaño','davendanio@edu.uag.mx','2016-08-01','2018-07-31','2019-02-28',1,'2019-02-28','0',5,14,'Universidad Autónoma de Guadalajara',14,'2010-01-01','2014-06-30','9550387',NULL,NULL,NULL,NULL,4,9,NULL,2,NULL),(1282,'LIMO920430HSLZCM04','Omar Lael','Lizárraga','Maciel','omar.lga.web@gmail.com','2017-08-01','2019-07-31','2020-03-20',1,'2020-03-20','0',5,14,'Universidad Autónoma de Guadalajara',14,'2011-08-01','2015-04-30','10939660',NULL,NULL,NULL,NULL,4,9,NULL,2,NULL),(1283,'GUSA960701MSLTNN05','Andrea','Gutierrez','Santa Ana','andy_gs96@hotmail.com','2018-08-01','2020-07-31','2020-11-23',1,'2020-11-23','0',5,14,'Universidad Autónoma de Guadalajara',14,'2014-09-01','2018-04-30','11372530',NULL,NULL,NULL,NULL,4,9,NULL,2,NULL),(1284,'BEGE930716HDFLRS01','Esteban','Beltrán','Gracia','esteban16_93@hotmail.com','2017-02-01','2019-01-31','2019-07-26',1,'2019-07-26','0',5,14,'Universidad Autónoma de Guadalajara',14,'2011-08-01','2015-04-30','9821704',NULL,NULL,NULL,NULL,4,9,NULL,2,NULL),(1285,'AESM870213HDFCNC01','Michel de Jesús','Aceves','Sánchez','mdj.aceves@gmail.com','2016-08-01','2018-07-31','2018-12-04',1,'2018-12-04','0',5,14,'Universidad de Guadalajara',14,'2005-08-01','2010-07-31','7860009',NULL,NULL,NULL,NULL,4,9,NULL,2,NULL),(1286,'CACS910511HJCMRL08','Saúl Ezequiel','Campos','Carrillo','saul_a4e@hotmail.com','2017-02-01','2019-01-31','2019-06-25',1,'2019-06-25','0',5,14,'Universidad de Guadalajara',14,'2009-09-01','2013-12-31','12291252',NULL,NULL,NULL,NULL,4,9,NULL,2,NULL),(1287,'AASF911124HJCVLL05','Felipe Alexis','Avalos','Salgado','QFB.F.Avalos@hotmail.com','2017-02-01','2019-01-31','2019-07-29',1,'2019-07-29','0',5,14,'Universidad de Guadalajara',14,'2010-02-01','2014-12-31','9733940',NULL,NULL,NULL,NULL,4,9,NULL,2,NULL),(1288,'CAAA911019MJCRRH08','Ahtziri Socorro','Carranza','Aranda','ahtziricarranza19@gmail.com','2017-08-01','2019-07-31','2019-10-25',1,'2019-10-25','0',5,14,'Universidad de Guadalajara',14,'2009-08-01','2014-06-30','9880917',NULL,NULL,NULL,NULL,4,9,NULL,2,NULL),(1289,'MOVC910820MMNRLC02','Cecilia Alejandra','Moreno','Valdespino','ceci_morenov@outlook.com','2017-08-01','2019-07-31','2019-12-17',1,'2019-12-17','0',5,14,'Universidad de Guadalajara',14,'2010-02-01','2014-12-31','10338964',NULL,NULL,NULL,NULL,4,9,NULL,2,NULL),(1290,'AADA880602HHGLZR08','José Arturo','Alfaro','Díaz','ERR Fechaterminacion>fechaexamenprof','2018-02-01','2020-01-31','2020-01-10',1,'2020-01-10','0',5,14,'Universidad de Guadalajara',14,'2008-02-01','2011-12-31','8393375',0,NULL,NULL,NULL,4,9,NULL,2,NULL),(1291,'OOBM920215HMNCCR00','Mario Alberto','Ochoa','Becerra','marioalb8a@gmail.com','2017-08-01','2019-07-31','2020-01-30',1,'2020-01-30','0',5,14,'Universidad de Guadalajara',14,'2012-01-01','2016-12-31','11798808',NULL,NULL,NULL,NULL,4,9,NULL,2,NULL),(1292,'GOLA921201MJCNPN07','Ángela Michelle','González','López','angelagl_92@hotmail.com','2017-08-01','2019-07-31','2020-01-31',1,'2020-01-31','0',5,14,'Universidad de Guadalajara',14,'2011-08-01','2016-06-30','11653636',NULL,NULL,NULL,NULL,4,9,NULL,2,NULL),(1293,'RECL910716HNTSSS06','Luis Javier','Reséndiz','Castillo','luisjavier_1607@hotmail.com','2017-08-01','2019-07-31','2020-02-21',1,'2020-02-21','0',5,14,'Universidad de Guadalajara',14,'2009-08-01','2014-06-30','10177452',NULL,NULL,NULL,NULL,4,9,NULL,2,NULL),(1294,'COGA890425MJCBRL04','Alejandra','Cobián','García','alejandra_cobian59@hotmail.com','2017-08-01','2019-07-31','2020-02-27',1,'2020-02-27','0',5,14,'Universidad de Guadalajara',14,'2009-08-01','2014-06-30','9742652',NULL,NULL,NULL,NULL,4,9,NULL,2,NULL),(1295,'PIIM900828MNTNSR00','Mariana','Pineda','Islas','mariana28pineda@hotmail.com','2017-08-01','2019-07-31','2020-08-31',1,'2020-08-31','0',5,14,'Universidad de Guadalajara',14,'2008-08-01','2015-10-31','10058455',NULL,NULL,NULL,NULL,4,9,NULL,2,NULL),(1296,'VITE930513MJCLPL08','Elda Cristina','Villaseñor','Tapia','villasenorelda@gmail.com','2018-08-01','2020-07-31','2020-12-11',1,'2020-12-11','0',5,14,'Universidad de Guadalajara',14,'2012-02-01','2015-12-31','12029479',NULL,NULL,NULL,NULL,4,9,NULL,2,NULL),(1297,'GUGD880711MJCDRF09','Dafnne Monserrat','Gudiño','García','dafnne.gudino@hotmail.com','2016-08-01','2018-07-31','2019-02-22',1,'2019-02-22','0',5,14,'Universidad de Guadalajara',14,'2006-09-01','2012-07-31','11266415',NULL,NULL,NULL,NULL,4,9,NULL,2,NULL),(1298,'BACV910302MJCRHR07','Verónica Anahí','Barrera','Chávez','vabarrerac@gmail.com','2016-08-01','2018-07-31','2019-02-25',1,'2019-02-25','0',5,14,'Universidad de Guadalajara',14,'2010-02-02','2014-06-30','11956557',NULL,NULL,NULL,NULL,4,9,NULL,2,NULL),(1299,'FEMJ900616MSLRNS05','Jessica Samantha','Free','Manjarrez','samanthafm@gmail.com','2017-08-01','2019-07-31','2020-06-25',1,'2020-06-25','0',5,14,'Universidad de Guadalajara',14,'2009-02-01','2013-06-30','8831156',NULL,NULL,NULL,NULL,4,9,NULL,2,NULL),(1300,'CONJ910729HMNNGN03','Jonhatan Yair','Contreras','Negrete','jonhatan.contreras@hotmail.com','2018-08-01','2020-07-31','2020-08-14',1,'2020-08-14','0',5,14,'Universidad de Guadalajara',14,'2009-08-01','2013-07-31','12293060',NULL,NULL,NULL,NULL,4,9,NULL,2,NULL),(1301,'GUOM891028MCHZRN09','Mónica Aidee','Guzmán','Ortiz','m.guzman89@hotmail.com','2018-08-01','2020-07-31','2021-01-11',1,'2021-01-11','0',5,14,'Universidad de Guadalajara',14,'2012-08-01','2017-06-30','11084250',NULL,NULL,NULL,NULL,4,9,NULL,2,NULL),(1302,'VAMA890824MSRZDN01','Ana Sofia','Vázquez','Madrigal','anasofiavma@gmail.com','2018-08-01','2020-07-31','2021-04-13',1,'2021-04-13','0',5,14,'Universidad de Guadalajara',14,'2013-02-01','2017-06-30','11965134',NULL,NULL,NULL,NULL,4,9,NULL,2,NULL),(1303,'RIEM880227MJCVSL05','Melissa','Rivera','Escoto','melissa.rivera.e@hotmail.com','2017-08-01','2019-07-31','2019-12-02',1,'2019-12-02','0',5,14,'Universidad del Valle de Atemajac',14,'2009-02-01','2013-02-28','8690407',NULL,NULL,NULL,NULL,4,9,NULL,2,NULL),(1304,'GUROR891208HJCTRC01','Ricardo Christopher','Gutierrez','Ortega','ricardortegtz@live.com.mx','2016-08-01','2018-07-31','2020-12-17',1,'2020-12-17','0',5,14,'Universidad del Valle de México',14,'2010-08-01','2014-12-31','10400731',NULL,NULL,NULL,NULL,4,9,NULL,2,NULL),(1305,'CACE800317HCCNND06','Eduardo','Canche','Canche','eccinnovations@gmail.com','2016-08-01','2018-07-31','2020-10-02',1,'2020-10-02','0',5,14,'Universidad Autónoma de Chapingo',15,'1995-07-01','2002-06-30','5175913',NULL,NULL,NULL,NULL,4,9,NULL,2,NULL),(1306,'MOVM940923MDFRLR08','Maira','Moreno','Valtierra','vmaira86@hotmail.com','2017-08-01','2019-07-31','2020-03-06',1,'2020-03-06','0',5,14,'Universidad del Valle de México',15,'2012-08-01','2016-12-31','10899715',NULL,NULL,NULL,NULL,4,9,NULL,2,NULL),(1307,'LOVJ930113HMCPLL08','Julio Cesar','López','Velazquez','julio_oiluj13@hotmail.com','2016-08-01','2018-07-31','2018-12-05',1,'2018-12-05','0',5,14,'Universidad Politécnica del Valle de Toluca',15,'2011-09-01','2015-07-31','10143735',NULL,NULL,NULL,NULL,4,9,NULL,2,NULL),(1308,'TOHA930927HMNRRL03','Alejandro','Torres','Haro','alejo_369_@hotmail.com','2016-08-01','2018-07-31','2018-12-13',1,'2018-12-13','0',5,14,'Instituto Tecnológico de Jiquilpan',16,'2011-08-01','2015-12-31','10545393',NULL,NULL,NULL,NULL,4,9,NULL,2,NULL),(1309,'GUBL900208MJCRCC09','Lucía','Guerrero','Becerra','gubel28@hotmail.com','2016-08-01','2018-07-31','2018-12-19',1,'2018-12-19','0',5,14,'Instituto Tecnológico de Jiquilpan',16,'2009-08-01','2014-08-31','9338192',NULL,NULL,NULL,NULL,4,9,NULL,2,NULL),(1310,'VASM920515HMNRNR04','José Marcos','Vargas','Sánchez','josemarcosvargas@gmail.com','2016-08-01','2018-07-31','2019-02-25',1,'2019-02-25','0',5,14,'Instituto Tecnológico de Jiquilpan',16,'2010-08-01','2015-06-30','9958237',NULL,NULL,NULL,NULL,4,9,NULL,2,NULL),(1311,'VILA930301MMNLRN01','Andrea','Villalpando','Laureán','andrea.vlaurean@outlook.com','2016-08-01','2018-07-31','2019-02-25',1,'2019-02-25','0',5,14,'Instituto Tecnológico de Jiquilpan',16,'2011-08-01','2015-11-30','10545395',NULL,NULL,NULL,NULL,4,9,NULL,2,NULL),(1312,'MAGM851230MMNRRR03','Margarita','Martínez','García','mmg03skr@hotmail.com','2017-08-01','2019-07-31','2020-06-29',1,'2020-06-29','0',5,14,'Instituto Tecnológico de Morelia',16,'2003-08-01','2008-06-30','6492383',NULL,NULL,NULL,NULL,4,9,NULL,2,NULL),(1313,'BEBM931128HMNRZS09','Misael','Bermudez','Bazan','misael_ibq@hotmail.com','2018-08-01','2020-07-31','2021-04-28',1,'2021-04-28','0',5,14,'Instituto Tecnológico de Morelia',16,'2011-08-01','2016-06-30','10603018',NULL,NULL,NULL,NULL,4,9,NULL,2,NULL),(1314,'HAGN940227HNTRNB08','José Nabor','Haro','González','jose_nabor_94@hotmail.com','2017-08-01','2019-07-31','2019-08-09',1,'2019-08-09','0',5,14,'Instituto Tecnológico de Tépic',18,'2012-08-01','2016-12-31','10546232',NULL,NULL,NULL,NULL,4,9,NULL,2,NULL),(1315,'MAML931028HNTRNN00','Leonardo José','Martínez','Mendoza','j.mendoza17@hotmail.com','2017-08-01','2019-07-31','2020-07-10',1,'2020-07-10','0',5,14,'Instituto Tecnológico de Tépic',18,'2012-08-01','2016-12-31','10546234',NULL,NULL,NULL,NULL,4,9,NULL,2,NULL),(1316,'MARF910716HPLRBR09','Froylan','Martínez','Rabelo','foy_biomtz@hotmail.com','2016-08-01','2018-07-31','2018-12-14',1,'2018-12-14','0',5,14,'Instituto Tecnologico Superior de Zacapoaxtla',21,'2010-08-01','2014-06-30','10066359',NULL,NULL,NULL,NULL,4,9,NULL,2,NULL),(1317,'TIAA931112MPLZPN01','Andrea','Tzili','Apango','a.tzili@outlook.com','2017-02-01','2019-01-31','2019-07-23',1,'2019-07-23','0',5,14,'Universidad Politécnica de Puebla',21,'2012-09-01','2016-04-30','10503771',NULL,NULL,NULL,NULL,4,9,NULL,2,NULL),(1318,'FOGY940515MTLLRQ06','Yaquelin','Flores','García','yaquelin_flores@outlook.com','2017-08-01','2019-07-31','2020-02-27',1,'2020-02-27','0',5,14,'Universidad Politécnica de Puebla',21,'2012-09-01','2015-12-31','10503758',NULL,NULL,NULL,NULL,4,9,NULL,2,NULL),(1319,'HEPI920825HGRRLV02','Iván Emanuel','Herrera','Pool','emanuelherrerapool@outlook.com','2017-02-01','2019-01-31','2019-07-29',1,'2019-07-29','0',5,14,'Universidad Politécnica de Quintana Roo',23,'2012-09-01','2015-12-31','11725031',NULL,NULL,NULL,NULL,4,9,NULL,2,NULL),(1320,'HEMX940828MSLRNT09','Xitlalli Desideria','Hernández','Mancillas','xd.hernandezm@gmail.com','2016-08-01','2018-07-31','2019-02-28',1,'2019-02-28','0',5,14,'Universidad Politécnica de Sinaloa',25,'2012-09-01','2015-12-31','9940660',NULL,NULL,NULL,NULL,4,9,NULL,2,NULL),(1321,'MOSP940720HSLNLL03','Paul Alejandro','Montaño','Silva','paul_live20@live.com.mx','2017-08-01','2019-07-31','2019-08-09',1,'2019-08-09','0',5,14,'Universidad Politécnica de Sinaloa',25,'2012-09-01','2015-12-31','9940699',NULL,NULL,NULL,NULL,4,9,NULL,2,NULL),(1322,'MACI920709HSPRSS04','José Isabel','Martinez','Castillo','jose_isabel_@hotmail.com','2016-08-01','2018-07-31','2018-12-11',1,'2018-12-11','0',5,14,'Universidad Autónoma de San Luis Potosí',24,'2010-01-01','2014-12-31','10048893',NULL,NULL,NULL,NULL,4,9,NULL,2,NULL),(1323,'BIIG950110MSRRSS06','Gislane','Briceño','Islas','gislaneislas95@gmail.com','2018-08-01','2020-07-31','2020-12-17',1,'2020-12-17','0',5,14,'Instituto Tecnológico de Sonora',26,'2014-08-01','2018-05-31','12288239',NULL,NULL,NULL,NULL,4,9,NULL,2,NULL),(1324,'MUEJ950120HDGXSS00','Jesús Roberto','Muñoz','Estrada','roberto9989@hotmail.com','2018-08-01','2020-07-31','2021-03-23',1,'2021-03-23','0',5,14,'Instituto Tecnológico de Sonora',26,'2013-01-01','2017-07-31','12297822',NULL,NULL,NULL,NULL,4,9,NULL,2,NULL),(1325,'AEPV941028MTCRRS07','Vasti Kristel','Arévalo','Pérez','vastiiprez@gmail.com','2017-08-01','2019-07-31','2020-11-17',1,'2020-11-17','0',5,14,'Universidad Juárez Autónoma de Tabasco',27,'2012-08-01','2016-05-31','11548361',NULL,NULL,NULL,NULL,4,9,NULL,2,NULL),(1326,'VERD940616MVZLYL01','Dulce del Carmen','Velásquez','Reyes','ERR Fechaterminacion>fechaexamenprof','2018-02-01','2020-01-31','2020-01-10',1,'2020-01-10','0',5,14,'Universidad Veracruzana',30,'2012-08-01','2017-11-30','10936534',0,NULL,NULL,NULL,4,9,NULL,2,NULL),(1327,'MALH891117HYNRPC09','Héctor Alberto','Martín','López','h.amartinlopez@gmail.com','2018-08-01','2020-07-31','2021-02-26',1,'2021-02-26','0',5,14,'Instituto Tecnológico Superior del Sur del estado de Yucatán',31,'2012-08-01','2017-01-31','11129662',NULL,NULL,NULL,NULL,4,9,NULL,2,NULL),(1328,'GAAI1931109MYNRLN01','María Inés','Granados','Alegría','granados.alegria@gmail.com','2017-08-01','2019-07-31','2019-11-22',1,'2019-11-22','0',5,14,'Universidad Autonoma de Yucatán',31,'2011-08-01','2016-07-31','10333756',NULL,NULL,NULL,NULL,4,9,NULL,2,NULL),(1329,'ZALR890812MCCPNS18','Rosa Linda','Zapata','Luna','biozapata@gmail.com','2018-08-01','2020-07-31','2020-12-11',1,'2020-12-11','0',5,14,'Universidad Autónoma de Yucatán',31,'2008-09-01','2012-07-31','8843559',NULL,NULL,NULL,NULL,4,9,NULL,2,NULL),(1330,'OISF920419HYNRLR01','Francisco Humberto','Ortiz','Salazar','franortiz19@gmail.com','2018-08-01','2020-07-31','2021-05-21',1,'2021-05-21','0',5,14,'Universidad Marista de Mérida',31,'2012-08-01','2016-06-30','12025043',NULL,NULL,NULL,NULL,4,9,NULL,2,NULL),(1331,'RUMD830813HDFZLN06','Daniel','Ruiz','Molina','daniel.ruiz@cecype.com','2016-08-01','2018-07-31','2018-12-12',1,'2018-12-12','0',5,14,'Universidad Nacional Autonóma de México',9,'2003-09-01','2007-12-31','6261594',NULL,NULL,NULL,NULL,2,9,NULL,2,NULL),(1332,'RAVJ930927MGTNLC09','Joceline Estefanía','Rangel','Velázquez','joceline.e27@gmail.com','2017-08-01','2019-07-31','2020-06-15',1,'2020-06-15','0',5,14,'Universidad de Guanajuato',11,'2011-08-01','2016-06-01','10404206',NULL,NULL,NULL,NULL,2,9,NULL,2,NULL),(1333,'EICE930413HMNSRR05','Erick Gerardo','Espinosa','Cuara','erick_blink1829@hotmail.com','2017-08-01','2019-07-31','2020-02-24',1,'2020-02-24','0',5,14,'Instituto Tecnológico y de Estudios Superiores de Monterrey',14,'2011-08-01','2015-12-31','9766706',NULL,NULL,NULL,NULL,2,9,NULL,2,NULL),(1334,'OERG921111HMN01','Guillermo','Oregel','Ramírez','guillermooregel@hotmail.com','2018-08-01','2020-07-31','2020-12-17',1,'2020-12-17','0',5,14,'Universidad de Guadalajara',14,'2012-02-01','2017-06-01','11949130',NULL,NULL,NULL,NULL,2,9,NULL,2,NULL),(1335,'GOTG890802HJCMRS02','Gustavo Ángel','Gómez','Torres','gomeztorres.gus@gmail.com','2018-08-01','2020-07-31','2020-12-17',1,'2020-12-17','0',5,14,'Universidad de Guadalajara',14,'2007-08-01','2012-07-01','9785733',NULL,NULL,NULL,NULL,2,9,NULL,2,NULL),(1336,'GARJ861213HJCRVS02','José de Jesús','García','Rivera','jesusgarcianeuro@gmail.com','2018-08-01','2020-07-31','2021-05-28',1,'2021-05-28','0',5,14,'Universidad de Guadalajara',14,'2005-08-01','2010-06-30','7352849',NULL,NULL,NULL,NULL,2,9,NULL,2,NULL),(1337,'PILN750411MMCXRL02','Nelly','Piña','Lara','nepila@hotmail.com','2017-08-01','2019-07-31','2020-06-15',1,'2020-06-15','0',5,14,'Universidad Autónoma del Estado de México',15,'1995-09-01','1999-03-31','7381392',NULL,NULL,NULL,NULL,2,9,NULL,2,NULL),(1338,'EOMM830413HMNSDR00','Marco Antonio','Escobedo','Madrigal','marco.escobedo@cecype.com','2016-08-01','2018-07-31','2019-01-28',1,'2019-01-28','0',5,14,'Universidad Michoacana de San Nicolás de Hidalgo',16,'2001-09-01','2006-09-01','6620350',NULL,NULL,NULL,NULL,2,9,NULL,2,NULL),(1339,'GOGS880103MTSNRN06','Sandra Zaidalefth','González','García','sandraz.glezgar@gmail.com','2016-08-01','2018-07-31','2019-01-28',1,'2019-01-28','0',5,14,'Universidad Michoacana de San Nicolás de Hidalgo',16,'2006-08-01','2011-08-01','8756023',NULL,NULL,NULL,NULL,2,9,NULL,2,NULL),(1340,'HEAA630328MMNRBR02','Arcelia','Herrera','Abarca','arcelia.herrera.a@gmail.com','2016-08-01','2018-07-31','2018-12-12',1,'2018-12-12','0',5,14,'Universidad Autonóma del Estado de Morelos',17,'1980-09-01','1986-09-01','1368994',NULL,NULL,NULL,NULL,2,9,NULL,2,NULL),(1341,'BAGA861216HMSRML29','Alan Orlando','Baranda','Gómez','alan_sean@hotmail.com','2016-08-01','2018-07-31','2019-01-30',1,'2019-01-30','0',5,14,'Universidad Autónoma del Estado de Morelos',17,'2007-09-01','2011-03-01','7621546',NULL,NULL,NULL,NULL,2,9,NULL,2,NULL),(1342,'JUBL870630MCMRYR05','Laura Carmina','Juárez','Bayardo','carmina.bayardo@gmail.com','2017-08-01','2019-07-31','2020-02-24',1,'2020-02-24','0',5,14,'Instituto Tecnológico y de Estudios Superiores de Monterrey',19,'2005-07-01','2009-12-31','6693832',NULL,NULL,NULL,NULL,2,9,NULL,2,NULL);
/*!40000 ALTER TABLE `titulo` ENABLE KEYS */;
UNLOCK TABLES;

--
-- Table structure for table `tituloresponsable`
--

DROP TABLE IF EXISTS `tituloresponsable`;
/*!40101 SET @saved_cs_client     = @@character_set_client */;
/*!40101 SET character_set_client = utf8 */;
CREATE TABLE `tituloresponsable` (
  `idtituloresponsable` int(11) NOT NULL AUTO_INCREMENT,
  `idtitulo` int(11) DEFAULT NULL,
  `idresponsable` int(11) DEFAULT NULL,
  PRIMARY KEY (`idtituloresponsable`)
) ENGINE=InnoDB DEFAULT CHARSET=utf8mb4;
/*!40101 SET character_set_client = @saved_cs_client */;

--
-- Dumping data for table `tituloresponsable`
--

LOCK TABLES `tituloresponsable` WRITE;
/*!40000 ALTER TABLE `tituloresponsable` DISABLE KEYS */;
/*!40000 ALTER TABLE `tituloresponsable` ENABLE KEYS */;
UNLOCK TABLES;

--
-- Table structure for table `usuario`
--

DROP TABLE IF EXISTS `usuario`;
/*!40101 SET @saved_cs_client     = @@character_set_client */;
/*!40101 SET character_set_client = utf8 */;
CREATE TABLE `usuario` (
  `idusuario` int(11) NOT NULL AUTO_INCREMENT,
  `nombre` varchar(50) DEFAULT NULL,
  `nomina` varchar(10) DEFAULT NULL,
  `user` varchar(100) DEFAULT NULL,
  `password` varchar(128) DEFAULT NULL,
  `correo` varchar(100) DEFAULT NULL,
  `activo` varchar(1) DEFAULT NULL,
  PRIMARY KEY (`idusuario`)
) ENGINE=InnoDB AUTO_INCREMENT=6 DEFAULT CHARSET=utf8mb4;
/*!40101 SET character_set_client = @saved_cs_client */;

--
-- Dumping data for table `usuario`
--

LOCK TABLES `usuario` WRITE;
/*!40000 ALTER TABLE `usuario` DISABLE KEYS */;
INSERT INTO `usuario` VALUES (1,'Carlos Rojo','1897','crojo','$2a$10$dgIeSq9uUwqNK1TY.3Y.eeROfazCb78/y3BgeVtatosNLmXjxa.i6','crojo@ciatej.mx',NULL),(2,'admin','000','admin','$2a$10$dSI8jkMvFg800WCwkQjFv.K76OKvUFH.DAt66RGGRkrwt1GLMqr7q','admin@ciatej',NULL),(3,'Dr Nahomi','001','emarino','$2a$10$78zhtch3IQdNukHFm6j7SOkklO9JxoVClmvZZgzDgL1zchWTkN0kC','emariono@ciatej.mx',NULL),(4,'Dr Eugenia','002','elugo','$2a$10$NnPyobK3zbSA3ZXzAHaNtOuqA/VNuXxPMog3suHdE4hnGXwojRIcq','',NULL),(5,'Mtra Fatima','003','fordonez','$2a$10$BS0k0L.G6FTdzs/SJFFGwO0CsFSfsiVzwjuYHROEV7HmaeVJPQCWO','',NULL);
/*!40000 ALTER TABLE `usuario` ENABLE KEYS */;
UNLOCK TABLES;

--
-- Dumping routines for database 'titulos'
--
/*!40103 SET TIME_ZONE=@OLD_TIME_ZONE */;

/*!40101 SET SQL_MODE=@OLD_SQL_MODE */;
/*!40014 SET FOREIGN_KEY_CHECKS=@OLD_FOREIGN_KEY_CHECKS */;
/*!40014 SET UNIQUE_CHECKS=@OLD_UNIQUE_CHECKS */;
/*!40101 SET CHARACTER_SET_CLIENT=@OLD_CHARACTER_SET_CLIENT */;
/*!40101 SET CHARACTER_SET_RESULTS=@OLD_CHARACTER_SET_RESULTS */;
/*!40101 SET COLLATION_CONNECTION=@OLD_COLLATION_CONNECTION */;
/*!40111 SET SQL_NOTES=@OLD_SQL_NOTES */;

-- Dump completed on 2021-10-11 13:58:21
